datetime,tempmax,tempmin,temp,dew,humidity,precip,precipprob,sealevelpressure,cloudcover,visibility,solarradiation,uvindex
2022-01-10,25,14.6,20,12.3,62.6,0,0,1019.4,32,10.4,284.4,10
2022-01-11,24.5,16.6,20.7,14.6,69.1,6.2,100,1019.3,42.9,9.9,185.8,9
2022-01-12,26.2,15.4,19.5,15.3,78.6,6.7,100,1022.3,69.5,8.3,312,10
2022-01-13,25.9,16.9,20.9,15.8,73.3,0.4,100,1023.4,45.3,10.1,158.7,8
2022-01-14,25.4,17.8,20.8,15.8,74.5,1.1,100,1023.2,59.8,10.3,241.3,10
2022-01-15,24.3,17.1,19.9,15.8,78.4,8.2,100,1021.5,71.5,10.4,199.7,8
2022-01-16,23.8,4.2,18.9,12.7,68.6,4.4,100,1020.1,67.9,10.6,170.5,6
2022-01-17,24.4,16.8,19.5,16.2,82,0.2,100,1021,77.7,9.5,187.5,8
2022-01-18,24,3.6,19.1,14.4,75.6,1.8,100,1022.1,72.8,9.9,146.7,6
2022-01-19,24.5,14.8,18.8,14.9,79.7,3,100,1022.9,40.1,8.4,155.3,8
2022-01-20,25.6,14.1,19.9,13.5,68.7,0.2,100,1024.2,49.9,10,226,10
2022-01-21,27.5,12.2,20.3,8.6,52.8,0,0,1024.6,1.7,10.6,372.9,10
2022-01-22,22.2,12.1,17.2,9.4,61.8,0,0,1027.9,41.6,10.6,236,8
2022-01-23,23.6,11.5,17.4,9,60.2,0,0,1028,37.1,10,328.1,10
2022-01-24,26,11.2,19.8,10.2,56.4,0,0,1024.7,13.6,10,265.8,8
2022-01-25,28.5,15.8,22.5,11.8,53.2,0,0,1021.6,40,10,329.4,10
2022-01-26,26.8,15.3,20.8,13.7,65.6,0.1,100,1021.6,61.1,10,266.1,10
2022-01-27,25.3,17.4,21,15.5,71.7,0.47,100,1020.7,62.6,10.9,209.9,7
2022-01-28,25.5,16.7,20.4,16.8,80.3,7.215,100,1019,72.2,11.1,220.8,10
2022-01-29,21.7,16,18.7,14.5,77.2,10.826,100,1021,77,11.7,177.1,7
2022-01-30,22.4,16,18.6,15.4,82.5,1.337,100,1022.1,69.9,10.3,125.2,6
2022-01-31,25.1,16.9,19.8,14.5,74.3,2.851,100,1021.6,69,10,191.7,10
2022-02-01,26.1,14.5,20.1,12.5,64.9,0,0,1020.8,68.2,10.5,351,10
2022-02-02,29.1,14.2,21.9,13.7,61.4,0,0,1019.8,30.8,10.6,346.7,10
2022-02-03,29.2,17.3,23.6,15.4,62,0,0,1019.7,45.5,10.4,319,10
2022-02-04,27,16,19.4,14.8,76.2,14.384,100,1021.2,57.1,9.1,179.8,10
2022-02-05,22.9,3.8,17.7,13.2,77.2,96.636,100,1023.4,71.2,9.8,124.9,7
2022-02-06,24,15.1,19.2,12.2,66.3,0,0,1024.4,59.1,10.6,295.1,10
2022-02-07,26.2,12.6,19.5,11.7,64,0,0,1023.1,23.6,10.5,303.5,10
2022-02-08,24.1,14.1,18.3,13.5,74.8,0,0,1020.6,44.5,11.1,182.3,8
2022-02-09,28.8,14.2,21.2,13.2,63.9,4.416,100,1019.3,24.6,10,308,10
2022-02-10,27.2,15.9,20.7,14.6,69.1,16.702,100,1020.9,47.2,11.2,219.6,10
2022-02-11,27.3,16.3,21.7,11.3,55.6,0.337,100,1022.4,48.1,10.6,310.5,10
2022-02-12,27.1,14,21.2,8.5,46.6,0,0,1024.2,48.5,10.3,343.2,10
2022-02-13,27.3,14.4,21.4,9.4,47.8,0,0,1022.1,78.2,10.2,315.5,10
2022-02-14,27.7,16.4,21.6,12.7,58.8,0,0,1022.2,32.7,10.9,302.3,10
2022-02-15,26.8,14,20.6,12.8,63.4,0,0,1025.3,34.8,10.5,303,10
2022-02-16,26.8,16.7,20.5,14.6,70.8,0,0,1024.1,45.9,10,155.8,10
2022-02-17,26.1,14.2,20,14.1,70.3,0.602,100,1021.5,32.9,10.2,180.2,8
2022-02-18,24,14.1,18.4,14.8,80.9,0.2,100,1022.6,78.5,9.2,163.7,9
2022-02-19,25.2,16.3,19.7,15.6,79.4,0.798,100,1022,68.2,9.3,163.3,8
2022-02-20,28,15.4,21.7,12.9,61.3,6.165,100,1020,35.2,11.1,282.3,9
2022-02-21,28.9,15.1,22.2,11,53.6,0.133,100,1020.2,16.5,10.3,269.2,9
2022-02-22,27.8,14.4,21.3,12.2,57.8,0.675,100,1021.2,20.5,10.5,305.5,10
2022-02-23,25.5,15.4,20.4,14.2,69,0.2,100,1023.3,38.3,10.3,218.9,10
2022-02-24,28,14.2,20.9,12.8,63.1,0.2,100,1022.1,18.2,10.5,279.4,10
2022-02-25,26.8,14.3,19,13.2,70.6,0.398,100,1022.3,30.6,11.1,183.9,10
2022-02-26,26.4,13.2,20.1,12.8,65.9,0.202,100,1023.2,39.5,11.2,290.7,10
2022-02-27,25,15.3,18.8,14.5,77.2,0.4,100,1022.8,33.3,10.1,217.7,9
2022-02-28,26.2,13.2,17.9,13.6,78.4,1.416,100,1022.4,49.3,9.8,211.3,10
2022-03-01,25.9,15.1,20.2,14.1,70.1,0.1,100,1020.6,30,10.2,258.3,10
2022-03-02,23.8,15.2,19.5,15.4,78.1,3.662,100,1019.8,55.7,10.3,190.8,8
2022-03-03,26.2,15.1,20.8,14.4,69.4,0.067,100,1020.1,29.7,10.5,293.6,10
2022-03-04,25.1,17,21,14.7,68.2,4.7,100,1019.5,59.1,10.5,161.1,6
2022-03-05,25.2,17.1,19.8,15.6,77.5,4.686,100,1022.1,53.3,9.6,140.2,7
2022-03-06,24.9,14,19.1,12.7,68.9,1.349,100,1023.1,65.7,10.4,225.5,10
2022-03-07,26,15.1,20.5,12.9,64.3,0.2,100,1021.4,35.8,10.5,297.3,10
2022-03-08,26,15.4,19.9,14,71.1,0.8,100,1020.7,53.6,10.6,178.4,7
2022-03-09,20.6,15,17,14.9,87.7,1.993,100,1021.9,71.5,8.8,44.3,2
2022-03-10,25.6,15.9,20.3,14.3,70.7,0.3,100,1022.4,47.7,8.5,276.5,8
2022-03-11,25.6,16.3,20.4,14.7,71.5,0.2,100,1024.3,64.6,10.1,248.7,10
2022-03-12,25.5,16.3,20.3,13.8,68.2,0.1,100,1021.9,50.7,10.4,172.6,7
2022-03-13,26.2,14.2,20,13.3,67.2,0,0,1018.2,35.8,10.4,281.3,10
2022-03-14,25.6,16.1,19,14.1,75.2,4.639,100,1017.3,69.7,10,174,9
2022-03-15,22.8,15,17.9,13.8,78.6,0.8,100,1018.7,81.6,9.6,118.7,5
2022-03-16,21.7,13,16.7,13.6,82.6,1.079,100,1020.1,87.6,10.2,108.8,4
2022-03-17,19,13.1,15.7,12.2,80.7,13,100,1024.3,80.6,10.6,106.9,5
2022-03-18,22.4,13,17.3,11.6,71.3,0.067,100,1026.9,44.8,10.6,275.5,10
2022-03-19,24.9,14.1,18.9,7.6,53.9,0,0,1025.9,79.4,10.6,288.7,9
2022-03-20,24.8,3.5,18.2,8.4,54.5,1.325,100,1024.9,60.1,10.5,215.1,9
2022-03-21,16.7,12.6,15.2,10.6,74,0.133,100,1025.5,59.8,10.4,63.6,3
2022-03-22,23.3,10,16.8,10.2,67.6,0,0,1024.9,32.6,9.4,186.7,7
2022-03-23,23,13.1,17.7,9.6,60.7,0.1,100,1023.8,59.5,10,245,9
2022-03-24,24.1,11.3,18.5,11.3,65,0.2,100,1019.8,43.2,10.6,203.8,8
2022-03-25,23.8,14.1,18.7,12.7,70.5,0.4,100,1018.7,74.2,9.9,177.5,8
2022-03-26,22.4,14.1,17.8,13.1,75.7,1.2,100,1020.5,57.6,9.5,187.7,7
2022-03-27,25.5,12.2,18.6,10.6,64.8,0.2,100,1023.8,17.5,9.8,279.1,10
2022-03-28,24.4,13.7,18.4,11.6,67.4,0.2,100,1026.5,41.1,9.4,231.3,8
2022-03-29,23.7,11.3,17.9,10.1,62.6,0,0,1024.2,14.9,10.2,237.7,8
2022-03-30,25.3,15,19.3,9.4,55.2,0,0,1022.8,17.5,10.2,268.3,9
2022-03-31,25.9,12.3,18.9,8.2,53.2,0,0,1022.9,4.2,10.2,261.4,9
2022-04-01,24,11.3,18.2,10,60.7,0,0,1022.7,36.9,10.2,170.1,8
2022-04-02,22.5,13.1,17,12.1,73.4,0.663,100,1021.1,34.4,10,127.1,7
2022-04-03,16.3,14,15.3,13.4,88.6,12.651,100,1020.3,57.3,9.3,34.2,1
2022-04-04,17.4,12.4,15.3,13.7,90.2,17.516,100,1019.5,65,9.3,77.2,3
2022-04-05,23.3,11.7,17.1,12.9,78.4,0.2,100,1020.4,52.6,8.3,194.7,9
2022-04-06,25.3,13.8,19.2,9.4,56.8,0,0,1021.2,26.9,9.9,224.6,9
2022-04-07,23,8.9,16.2,4.1,47.6,0,0,1023.4,40.3,11.4,234.4,9
2022-04-08,21.2,10.8,14.3,10.4,79.2,22,100,1026.7,74.5,8.9,152.3,9
2022-04-09,15.9,10.6,12.5,10.4,87.4,38.859,100,1027.3,73.7,10,75.2,4
2022-04-10,13,10.3,11.6,10.6,93.7,26.314,100,1025.7,97.7,8.1,19.4,1
2022-04-11,18.3,11.7,13.8,11.8,88,21.338,100,1024.9,66.6,8.7,91.3,5
2022-04-12,20.4,12,15.8,11.2,75.5,2.133,100,1022.2,52.7,10,147.2,5
2022-04-13,23.6,11.8,17.2,9.4,63.7,0,0,1018.6,21.3,10,244.3,9
2022-04-14,23.6,10.5,17.2,8.6,59.9,0,0,1018.7,23.9,10.2,238.5,8
2022-04-15,25.6,13.1,18.5,9,58.1,0,0,1022.3,13.4,10.2,230,8
2022-04-16,15.4,11.3,13.3,11.2,87.5,22.012,100,1026.9,84.7,9.5,23.5,1
2022-04-17,13.4,10,11.8,11,94.4,26.592,100,1026.6,96.8,7.7,54.5,3
2022-04-18,18.3,10,13.5,9.2,77.3,10.627,100,1025.5,55.8,9.9,217.5,8
2022-04-19,19.6,9.7,13.6,6.3,64.8,0,0,1027.7,27.2,10.1,227.3,8
2022-04-20,21.2,7.7,14,5.6,61,0,0,1028,15.6,10.1,205.5,8
2022-04-21,21.9,9.4,15.7,8.7,64.8,0,0,1026.4,25.9,10.2,190,8
2022-04-22,23.6,10.9,16.8,11.2,71.8,1,100,1023.6,43.9,10.2,149.4,7
2022-04-23,21.6,11.1,16.3,11.3,74.5,1,100,1021.5,44.4,8.9,148.8,6
2022-04-24,22.2,13.6,17.2,12.5,75.9,0.133,100,1020.7,59,9.3,145,7
2022-04-25,19.8,12.2,15.3,10.6,74.7,14.337,100,1021.9,56.8,10.2,92,4
2022-04-26,21.4,6.1,13.6,0.8,45.6,0.067,100,1024.1,0.1,10.4,231.7,9
2022-04-27,19.6,4.9,12.3,2.4,52.9,0,0,1026.6,13.5,9.9,220.1,8
2022-04-28,19.9,8.7,13.3,6.6,68.8,0,0,1026.1,45.1,10.2,177.1,8
2022-04-29,21.9,7.3,14.4,7.1,65.2,0,0,1023,21.2,10.2,202,7
2022-04-30,21.9,9.3,15.1,5.5,55.7,0,0,1023,31.5,10.8,187,8
2022-05-01,21.9,7.2,13.7,4.7,58,0,0,1028.3,22.1,9.4,205.5,7
2022-05-02,21.7,7.3,13.9,6.9,66,0,0,1029.3,12.3,10.1,184.7,7
2022-05-03,21,8.2,13.8,6.6,65.2,0,0,1028.1,13.5,9.7,188,8
2022-05-04,21.9,8.3,14.4,4.5,55.7,0,0,1027.8,10.3,10,163.8,7
2022-05-05,21.9,9,14.7,4.7,54.6,0,0,1027.2,6.7,10.1,194,7
2022-05-06,22.1,8.2,14.9,4.4,52.8,0,0,1023.8,6.3,10.7,201.8,7
2022-05-07,21.7,7.4,14.2,3.9,54.2,0,0,1021.7,21.1,10.2,155.8,7
2022-05-08,13.7,6.2,10,5.8,75.4,1,100,1022.3,51,10.1,79.2,3
2022-05-09,19,4.9,11.3,4.4,67.1,0.863,100,1023,10.8,9.9,202.3,8
2022-05-10,21.7,6.2,13.1,3.8,56.8,0,0,1023.4,4.4,10.2,196.5,7
2022-05-11,23,7.3,14.2,6,61.9,0,0,1022.9,28.9,10.1,191.3,7
2022-05-12,22.9,8.1,15.2,5.4,56.4,0,0,1024.5,16,9.7,173.7,7
2022-05-13,22.9,7.9,15,6.2,59,0,0,1024.6,22.1,10.1,178.6,7
2022-05-14,22.7,8.5,15.4,6.6,59.5,0,0,1025.1,45.9,10.2,159.9,7
2022-05-15,20.9,9.1,13.6,7.1,65.9,0.2,100,1029.3,30.1,9.9,141.2,6
2022-05-16,17.7,8.1,13,6.5,66.2,0.1,100,1032.3,50.4,10.2,180.9,8
2022-05-17,17.9,9,12.2,7.8,75.6,0.2,100,1029.7,35.7,9.9,156.6,7
2022-05-18,18.7,6.1,11.7,6.4,72.5,0.2,100,1025.4,29.8,9.9,146.8,6
2022-05-19,18.5,6.3,11.7,5.8,70.1,0,0,1022.5,33.8,10.2,170.9,7
2022-05-20,20,7.1,12,6.7,73.4,2,100,1018.4,35.7,10,163.2,7
2022-05-21,11.1,3.2,8.5,5.8,83.7,22.008,100,1018.1,68.7,10.2,47.7,3
2022-05-22,14.1,2.9,8.8,4.8,77.7,0.2,100,1022.6,49.2,9.2,141.5,6
2022-05-23,18.6,5.1,10.8,6,75.4,0.663,100,1022.9,29.7,9.4,175,7
2022-05-24,22,7.1,13.3,4.4,59.1,0,0,1023.7,0.5,10.2,180.8,7
2022-05-25,23.9,6.3,14.1,3.2,52.6,0,0,1025.3,0,10.2,180.4,6
2022-05-26,22.9,8.1,14.5,2.1,47,0,0,1026.5,0,10.2,178.6,7
2022-05-27,21.9,7.2,13.6,3.5,53.6,0,0,1027.1,0,10.8,173.2,6
2022-05-28,20.7,7.2,12.7,7.2,71.6,0,0,1025.3,8.4,9.5,153.9,6
2022-05-29,20.7,6.3,12.8,6.5,68.9,0,0,1023,2.5,9.1,170.2,6
2022-05-30,18.1,4,10.2,-1,49.8,0,0,1026.1,0,10.2,177.5,6
2022-05-31,14.3,4.8,9.2,-3.2,47.8,0,0,1028.8,17.8,9.8,179.4,7
2022-06-01,17.3,3.7,9.7,-5,36.7,0,0,1030.5,0,10.2,171,6
2022-06-02,19.1,4.1,11,-1.7,44.1,0,0,1031.2,0,10.2,174.5,7
2022-06-03,18.2,4.7,11.1,0.1,49.5,0,0,1031.3,0,10.2,162.3,6
2022-06-04,18.6,3.2,10.9,-0.4,48.4,0,0,1029.9,0,10.2,159,6
2022-06-05,19.6,4.5,11.4,-1.1,46.1,0,0,1031.7,0.2,10.2,168.2,6
2022-06-06,18,5.3,10.5,3.3,65.1,0,0,1034,5,10.2,162.7,6
2022-06-07,21.1,4,11.9,1.3,52.8,0,0,1032.3,0,9.9,159.1,6
2022-06-08,20.8,5.9,12,-1.4,43.6,0,0,1030.7,0,10.2,164.5,6
2022-06-09,19.9,4.6,11.4,-1.8,43,0,0,1029.2,0,10,162.7,6
2022-06-10,18.9,6.3,11.2,0.1,49.1,0,0,1029.6,0,10.2,162.2,6
2022-06-11,17.3,4.2,9.4,1.9,63.1,0,0,1030.5,0,10,164.1,6
2022-06-12,18.9,2.2,9.1,0.9,60.3,0,0,1027.9,0.9,11.3,165.7,6
2022-06-13,18.9,2.2,9.3,0.5,59.7,0,0,1024.1,2.8,10.2,165.1,6
2022-06-14,17.8,4.5,11.1,1.2,52.1,0,0,1019.9,56,10.2,129.4,6
2022-06-15,12.9,3,7.5,-1.2,56.9,2.788,100,1020.7,21.7,10.2,168,6
2022-06-16,13.6,-0.8,5.4,-5.3,52.4,0,0,1024.4,21.1,10.2,166.8,6
2022-06-17,17.8,0.3,7.8,-2.8,50.6,0,0,1024.1,0,11.4,161.3,6
2022-06-18,19.8,2.2,9.9,0.3,56.5,0,0,1022.7,0,9.6,168.5,6
2022-06-19,21.8,3.3,11.5,0.5,51.5,0,0,1023.4,0.3,10.8,162,6
2022-06-20,20.1,3.9,12,3.5,58.1,0,0,1028.4,0.2,10.2,156.7,6
2022-06-21,17.9,6.1,11,4.6,67.4,0,0,1028.9,22.1,8.9,153,6
2022-06-22,15,7,10.7,4.2,65.8,0,0,1026,52,10.2,151.8,6
2022-06-23,13,6.4,9.6,6.8,83.2,0.8,100,1024.9,72,9.6,63.3,3
2022-06-24,15.8,6.1,10,6.7,81.9,2.525,100,1025.1,43,8.3,83.1,4
2022-06-25,14.6,7,9.9,5.7,76.3,16.993,100,1029.6,62.9,9.6,106,6
2022-06-26,15.5,4.1,8.9,-0.3,58.4,0.067,100,1034.6,25.6,8.7,164.3,6
2022-06-27,16,1.2,8.4,0,58.6,0,0,1036.7,1.9,10.2,166,6
2022-06-28,14.2,3.1,8.4,1.6,64.2,0,0,1036,31.4,9.8,163.3,6
2022-06-29,14.9,2.1,7.7,1.4,68,0,0,1032.9,13.7,9.4,136.9,5
2022-06-30,17.6,2,8.4,-2.7,53.6,0,0,1030.9,0,9.9,160.4,6
2022-07-01,17,1.3,8.4,-1.7,53.9,0,0,1030.2,0,10.2,167.7,6
2022-07-02,17.7,1.3,8.5,0.2,59.4,0,0,1028.5,1.2,10.2,166,6
2022-07-03,18,3.3,9.7,1.1,59.1,0,0,1028.2,6.4,10.2,168.8,7
2022-07-04,19.8,4.2,11.2,0.9,53.3,0,0,1029,3.7,10.2,158.5,6
2022-07-05,19.9,5.1,11.6,2.7,57.6,0,0,1027.7,3.5,10.1,163.1,6
2022-07-06,20,6.2,12,3.8,61,0,0,1026.5,4.9,10.2,135.6,6
2022-07-07,20.9,4.5,11.7,-1.1,47.8,0,0,1028.7,0,10.2,169.3,6
2022-07-08,21,4.1,11.5,-2.5,41.6,0,0,1030.3,0,10.2,165.5,6
2022-07-09,18.2,4.2,10.2,2.9,63.1,0,0,1028.1,3.5,9.9,159.2,6
2022-07-10,17.8,3.2,9.6,2.4,64.4,0,0,1024,15.4,10.1,166.6,6
2022-07-11,18,5.1,10.5,-1.8,45.1,0,0,1025.7,1,10.2,156,6
2022-07-12,19.8,2.3,10.5,-2.1,45.4,0,0,1029.4,0,10.2,169.3,6
2022-07-13,19,8.3,12.4,1,48.3,0,0,1028.8,15.9,10.2,132.5,5
2022-07-14,19.1,4.7,11.4,-2.6,42.2,0,0,1026.3,0.1,10.1,169.9,6
2022-07-15,18,3.1,9.9,-1.5,47.5,0,0,1029.7,0,10.1,163.4,6
2022-07-16,18.8,4.1,10.2,1,57.8,0,0,1031.8,0,10,164.1,6
2022-07-17,17.9,3.2,9.9,1.9,61.2,0,0,1031,0,10,171,6
2022-07-18,18.8,4.1,10.1,1.9,60.6,0,0,1029,0,10.2,168.2,6
2022-07-19,18.1,4.3,11.4,3.5,61,0,0,1026.9,42.3,10.2,144.5,6
2022-07-20,14.2,9.3,11.4,6.2,70.7,0.2,100,1027,75.3,10.2,48.6,2
2022-07-21,17.5,6.3,11.5,5.5,69.3,0.2,100,1028,46.3,9.7,115.5,5
2022-07-22,18,6.1,11.7,5.7,69.5,0,0,1028.1,50.1,9.7,138.2,6
2022-07-23,18,9.1,12.6,6.7,69.4,0.4,100,1025.3,47,10.2,126.6,6
2022-07-24,18.8,7,12,0.5,49.3,0.202,100,1024.3,16.7,10.2,185.5,7
2022-07-25,18.8,1.1,9.8,-0.8,49.7,0,0,1026.8,6.5,10.2,180.9,7
2022-07-26,19,4.3,11.1,4.3,65.7,0,0,1026.7,5.6,10.2,172.3,6
2022-07-27,18.9,5.4,12.1,4.1,60.8,0.2,100,1024.8,17,10.2,112.9,5
2022-07-28,20,8.2,13.3,3.9,56.8,0,0,1026.4,50.6,10.2,173.6,6
2022-07-29,19.1,7.9,12.7,4.1,59.9,0,0,1025,33.8,10.1,171.5,6
2022-07-30,20,7.2,12.9,2.2,51.5,0,0,1022.3,31.1,10.2,136,6
2022-07-31,20.5,6.6,13.7,0.4,43.3,0,0,1022.9,32.4,10.2,105,6
2022-08-01,18.9,8.2,13.1,4.7,58,0,0,1028.1,31.7,10,168.8,6
2022-08-02,17,9,11.5,5.7,69.3,0,0,1028.6,61.1,10.2,117.1,6
2022-08-03,13.9,8.1,10.3,7,80.3,0.133,100,1025.9,69.5,10.1,68.6,3
2022-08-04,20.9,6.2,12.5,6.5,70.7,0.067,100,1023.9,21.3,10.1,186.3,7
2022-08-05,23,6.3,13.7,0.1,46.3,0,0,1025.3,8.9,10.2,200.4,7
2022-08-06,23.7,5.2,13.8,-0.9,39.8,0,0,1025.4,49.7,10.2,185.6,7
2022-08-07,24.3,7.5,15.4,0.4,38.1,0,0,1023.2,42.1,10.2,187.3,7
2022-08-08,19.6,8.4,12.9,-0.9,42,0,0,1021.6,30.5,10.2,186.8,7
2022-08-09,21,6,12.5,0.8,49.3,0,0,1024.4,5.1,9.7,201,7
2022-08-10,22.9,5.3,12.7,1.6,50.5,0,0,1025.1,0,10.2,200.2,7
2022-08-11,23.9,5.3,14,1.3,46.7,0,0,1024.8,0,10.2,200.9,7
2022-08-12,24.9,6.3,14.8,1.3,43.6,0,0,1022.5,14,10.2,202.7,7
2022-08-13,25.2,8.4,16.2,0.3,38.3,0,0,1017.7,46.3,10.2,197.8,7
2022-08-14,17.1,6,11.6,-5.8,31.4,0,0,1017,24.1,10.9,212.9,8
2022-08-15,16.2,2.1,8,-9,33.7,0,0,1022.4,18.6,10.2,217.7,8
2022-08-16,19.8,0.3,9.6,-5.4,36.3,0,0,1024.7,12.3,10.2,213.5,7
2022-08-17,23.9,4.4,13.2,-0.4,44.5,0,0,1021,21.1,10.2,214.6,8
2022-08-18,24.9,6.5,15.4,-3.6,32.1,0,0,1016.7,12.3,10.2,205,7
2022-08-19,14.1,4.1,9.4,-4.6,38.8,0,0,1019.3,11.5,10.2,218.9,8
2022-08-20,18.3,5,10.4,-5.1,38.3,0,0,1024,0.9,10.1,223.9,8
2022-08-21,17.9,2.9,9.9,-3.7,41.8,0,0,1028.4,0,10.2,220.6,8
2022-08-22,20.9,3.3,11.2,-0.4,50.5,0,0,1027.7,0,10.2,215.8,7
2022-08-23,22,4.3,12.2,0.7,48.1,0,0,1028.6,0,10.7,215.9,7
2022-08-24,20.2,4.4,11.9,1.9,54.9,0,0,1029.3,0,10.2,217.8,8
2022-08-25,23.8,5.9,14,0.4,43.3,0,0,1024.8,0,10.2,222.5,8
2022-08-26,25,7.5,15.8,-0.9,36,0,0,1021.6,2.9,10.2,217,8
2022-08-27,24.9,7.5,15.9,-0.3,36.3,0,0,1022,0.5,10.2,218.1,8
2022-08-28,25.9,8.5,16.7,-0.8,33.7,0,0,1022.3,0.1,10.2,232,8
2022-08-29,25.9,8.5,16.8,3.6,45.1,0,0,1022.7,0.2,10.2,221,8
2022-08-30,24.7,9,15.7,2.8,44.7,0,0,1025.5,10.1,10.2,183.8,7
2022-08-31,15.6,7.3,10.8,5.4,70.5,0,0,1029.6,65.3,9.8,116.6,4
2022-09-01,20,4.3,11.7,2.5,57.8,0,0,1028.5,1.1,10.2,220.4,8
2022-09-02,23.8,4.4,13.9,-0.2,41.6,0,0,1026.3,0,10.1,223.5,8
2022-09-03,27,7.3,17,0.9,37.9,0,0,1024.7,0,10.2,221.7,8
2022-09-04,26.9,9.1,17.3,-1.6,32.1,0,0,1024,1.7,10.1,237.9,8
2022-09-05,28,9.6,18.7,-4.7,22.5,0,0,1024.4,25.6,10.2,230.4,8
2022-09-06,27.9,11.9,18.6,-6.2,21.2,0,0,1026.5,38.8,10.2,234,8
2022-09-07,22.9,8.2,15,5.8,57.2,1.988,100,1027.8,0,10,229.3,8
2022-09-08,24.8,9.2,16.1,6,55.6,0,0,1026.3,2.4,10.2,223,8
2022-09-09,28,10.5,18.8,2.9,39,0,0,1025.1,5.5,10.1,236.5,8
2022-09-10,29.9,13.7,20.6,0.2,28.4,0,0,1024.9,0,10.2,246.9,8
2022-09-11,29.9,10.6,20.1,-1.2,27.1,0,0,1022.7,2.6,10.2,243.3,8
2022-09-12,28.9,11.3,19,-0.6,32.4,0,0,1021.9,20.8,10.2,238.4,8
2022-09-13,20.9,10,14.7,6.7,60.7,0,0,1027.2,45.1,10.1,192.8,7
2022-09-14,21.9,10.1,15.3,7,60.7,0,0,1029.1,28.2,10.3,224.5,8
2022-09-15,25.1,8.1,16,5.7,55.8,0,0,1027.8,5.1,10.2,239.2,8
2022-09-16,27.5,10.3,19.1,2.9,37.9,0,0,1024.9,27.6,10.2,199.3,7
2022-09-17,27.2,11.5,18.8,0.9,33.3,0,0,1021.3,8.1,10.2,221.4,9
2022-09-18,28.3,10.3,19.6,-1.3,28,0,0,1018,2.9,10.2,251.8,8
2022-09-19,29,13.8,21.1,1,26.9,0,0,1015.8,25.6,10.2,209.4,8
2022-09-20,23.8,8.7,15.5,2.7,47.6,0.1,100,1019.3,52.9,10.2,228.8,9
2022-09-21,20.9,11,14.9,7,61.6,0.1,100,1021,67.2,10.2,147.6,7
2022-09-22,23.3,12,16.5,6.9,57.4,0,0,1022.3,43.4,9.5,253.3,9
2022-09-23,27.4,8.7,19.1,0.8,32.8,0,0,1023.3,0,10.2,261.4,9
2022-09-24,28.4,14.6,20.9,6.4,42.6,3.314,100,1023.9,2.7,10.2,261.4,9
2022-09-25,28.5,13.4,21.7,8.7,46,1.325,100,1021.8,0.2,11.4,254.6,8
2022-09-26,29,12.8,21.6,3.3,32.7,0,0,1020.8,0.4,10.2,249.7,8
2022-09-27,30,13.4,21.7,2.9,31.5,0,0,1024.4,11.1,10.1,247.4,8
2022-09-28,27,13.2,19.6,6.8,45.5,0,0,1027.5,0.9,10.2,256.8,9
2022-09-29,26,11.2,18.5,6.8,50.2,0,0,1025.4,0.2,10.2,266,9
2022-09-30,28.3,10.4,19.1,4.1,42.4,0,0,1022.6,0,10.2,281.1,9
2022-10-01,30,11.5,20.9,4.8,38.3,0,0,1023.9,5.6,10.2,277.4,9
2022-10-02,32,13.5,22.5,4.7,34.5,0,0,1024.3,4.4,10.2,283.3,9
2022-10-03,33.9,13.5,23.3,4.6,33.6,0,0,1021.7,7.7,10.2,274.8,9
2022-10-04,33.8,16.3,24.3,2.8,27.4,0,0,1020.1,15.8,10.2,267.3,9
2022-10-05,29,16.9,21.9,9.2,47.2,0,0,1023.1,6.5,10.2,285.8,10
2022-10-06,32,13.6,22.3,3.4,34,0,0,1022.6,0.3,10.2,276.9,9
2022-10-07,31.8,15.1,23.1,4.2,32.2,0.1,100,1023.9,14.9,10.2,250.1,9
2022-10-08,26.9,15.8,20.7,9.1,50.1,0.5,100,1026.6,22.2,10.2,170.8,7
2022-10-09,29.9,12.4,21.1,2.7,35,0.3,100,1026.8,39.7,10.2,228.7,9
2022-10-10,31.9,15.1,23.2,2.3,27.8,0,0,1027.1,35.1,10.2,252.1,9
2022-10-11,29.8,14.1,21.8,6.1,41.7,0,0,1027.2,19.6,10.1,268.3,9
2022-10-12,31.1,14.3,22.6,4.2,33.4,0,0,1025.2,28.6,10.2,277,9
2022-10-13,30.3,15.2,22.8,5.8,36.2,0.3,100,1024.6,35.1,10.2,289.9,9
2022-10-14,30.2,14.2,22.7,4.1,33.3,0,0,1023.1,15.9,10.1,274.2,9
2022-10-15,30.9,16.9,22.3,7.1,40.2,0,0,1021.4,40.1,10.2,268.5,9
2022-10-16,25.9,14.9,19.5,9.2,53.5,0,0,1022.5,69.7,10,230.9,8
2022-10-17,22.7,14,18,10.1,61.1,0,0,1025.4,66.4,10.2,130.3,7
2022-10-18,23.8,15.1,19.1,10.7,59.4,0.202,100,1026.2,72.3,10.1,158.2,7
2022-10-19,25.9,15,17.8,11.3,67.9,5.965,100,1025.7,61.2,9.5,167.4,7
2022-10-20,28.1,13.3,19.3,11.2,63,0.5,100,1024.4,41.8,10,254.6,10
2022-10-21,28.3,14.7,21,9.7,52.4,0.133,100,1024.9,81.9,10.1,231.3,10
2022-10-22,25.2,15.5,19,12.5,67.4,6.039,100,1024.4,58.2,10.6,138.2,6
2022-10-23,24.8,14.5,18.9,11.7,65.5,0.733,100,1024.2,65.8,9.9,219.8,10
2022-10-24,24.8,13.3,18,11.3,66.3,2,100,1021.5,57.3,10.1,196.4,10
2022-10-25,27.7,12.2,19.7,9.5,57.8,5.188,100,1018.6,20.9,9.8,288.7,10
2022-10-26,30.3,14.2,21.8,1.6,27.9,0,0,1020.2,61.3,10.2,275.7,9
2022-10-27,22.6,14.1,18.2,11.6,67.8,21.067,100,1023.2,48.6,10,229.7,9
2022-10-28,26,12.1,18.3,9.9,63.1,22.8,100,1022.5,47.5,10.1,317.1,10
2022-10-29,22,12,16.2,10.7,72,6,100,1022.9,62.8,10,187.8,8
2022-10-30,24,11.1,17.9,11.5,68.1,0,0,1020.2,63.1,10.2,260.2,9
2022-10-31,26.9,14,18.3,12.5,70.9,0.4,100,1020.9,59,10,192.9,10
2022-11-01,21.3,12.8,16.8,11.9,73.7,0.597,100,1025.6,76,9.2,255.6,10
2022-11-02,18.5,12.1,14.8,12,83.6,3.051,100,1025.1,90.3,9.2,98.5,5
2022-11-03,20.1,13.2,16,13.2,83.7,0.4,100,1020.9,89.3,9,92.2,3
2022-11-04,21.3,12.1,15.3,12.3,83.3,10.952,100,1019.5,59.9,9.7,137.1,5
2022-11-05,26,11.3,18.6,12,68.3,1.1,100,1019.5,28.3,10.2,306.1,10
2022-11-06,26.4,12.2,19.3,12.5,66.8,0.2,100,1021.4,32.5,10.2,340,10
2022-11-07,18.5,14.8,16.1,14.1,88.4,11.349,100,1022.4,77,10,55.6,2
2022-11-08,18.5,13.1,15.8,14.1,89.9,24.793,100,1018.9,66.1,9.4,73.5,6
2022-11-09,25.8,11.3,18.5,10.8,65.4,3.313,100,1018.7,26.5,9.7,274,9
2022-11-10,26,14.2,19.6,11.5,61.8,0.067,100,1020.3,29.9,10.4,198.8,10
2022-11-11,17,13,15.1,12.8,86.4,13.64,100,1023.7,88.6,9.6,26.1,1
2022-11-12,20.7,13,16.7,14.7,88.4,0.867,100,1022.2,71.9,8.9,93,4
2022-11-13,18.1,13.3,15.7,14.1,90.1,56.505,100,1020.5,67.7,9.4,73.6,4
2022-11-14,23,12.2,16.7,11.2,72.4,0.1,100,1024.5,62.1,9.7,201.2,9
2022-11-15,24.1,13,18,11.5,67.2,0.2,100,1023.7,51.2,10.5,242.6,9
2022-11-16,27,14.3,20.7,12.1,60.6,0,0,1020.2,28.8,10.5,297.9,10
2022-11-17,29.2,14.5,21,12.5,61.1,0.1,100,1020.3,28.1,10.5,262,10
2022-11-18,29.9,15.5,23.1,11.9,52.6,0,0,1020.2,35.3,10.5,277.1,9
2022-11-19,26,15.9,20.6,12,59.3,0.54,100,1020.1,39.5,10.6,239,10
2022-11-20,27.9,13.3,20.1,3.4,38.1,0,0,1021,21.6,10.5,347.6,10
2022-11-21,23.9,13.1,18.1,11.3,65.9,0,0,1021.4,55.5,10.4,261.9,10
2022-11-22,23,14.1,17.7,12.3,71.8,6.3,100,1020.5,54.5,10.4,197.8,7
2022-11-23,26.5,13.2,19.6,12.1,65.3,0.7,100,1020.9,49.2,10.4,236.7,9
2022-11-24,27.1,15.3,21.1,12.9,62.1,0.1,100,1020.6,38.6,10.9,269.7,10
2022-11-25,28.6,15.1,20.3,12.5,63.3,26.663,100,1021,46.5,10.5,291.2,10
2022-11-26,24,12.2,18.5,12.5,69.4,8.373,100,1020.8,64.1,10.5,256.3,8
2022-11-27,22.9,12,16.7,11,70.9,15.369,100,1018.2,48.3,10.4,230.1,10
2022-11-28,22.8,13.1,17,11,68.9,1.2,100,1019.9,40.3,10.4,197.8,7
2022-11-29,24.9,13.1,18,10.7,65.4,0,0,1021.8,62.5,10.5,211.4,7
2022-11-30,28.3,12.3,20,11.1,60.8,0,0,1021.7,20.9,10.6,350.3,10
2022-12-01,27.9,14.1,21.1,11.1,56.8,0,0,1020.3,36.4,10.5,258.1,10
2022-12-02,27.9,14.2,21.2,11.8,57.1,0.1,100,1016.9,42.9,10.5,317.8,10
2022-12-03,28.6,16.1,21.9,12.6,58,0.265,100,1015.6,30.9,10.5,222,10
2022-12-04,29.9,14.4,22.5,12.6,56.2,0,0,1017.3,16.4,10.3,334.5,10
2022-12-05,20.9,14.3,16.7,13.3,81.1,12.313,100,1017.7,36.4,10,92,4
2022-12-06,26.3,13.1,18.3,13.3,75.5,10.698,100,1018,48.6,9.8,332.2,10
2022-12-07,24.5,12.8,17.2,11.4,71,6.686,100,1021.7,53,10.5,291.3,10
2022-12-08,26.7,12.9,18.9,12.4,69.4,6.627,100,1023.7,53.4,10.5,239,9
2022-12-09,23.5,14.1,18.5,14.3,78.2,0.133,100,1025.3,66.5,10.6,145.9,7
2022-12-10,25,15.1,19.4,14.1,73.5,4.1,100,1021.7,45.9,10.4,245.5,8
2022-12-11,25,16.1,20.3,14.8,72.2,0.067,100,1021.1,52.3,10.3,214.3,7
2022-12-12,20.7,17,18,16.2,89.4,6.74,100,1023.3,76.5,10,78.9,3
2022-12-13,21.7,16.1,18.2,15.6,85.2,18.228,100,1023.3,63.1,9.9,140.1,7
2022-12-14,23.7,15.5,19.3,15.1,77.9,0.1,100,1021.6,61.6,10.5,177.4,7
2022-12-15,27.4,15.2,20.9,14.4,69.1,1.8,100,1018.6,52.4,10.5,266.3,10
2022-12-16,25.1,16,20.4,14.8,71.4,4.7,100,1016.4,71.5,10.4,271.2,10
2022-12-17,25.2,15.2,20.3,13.6,67.2,7.373,100,1013.7,59.6,10.4,193.3,6
2022-12-18,25.9,14.3,20.1,13.3,67.3,0.398,100,1013.7,47.2,10.5,286.5,10
2022-12-19,26.8,16.5,20.7,14.7,70,5.36,100,1014.3,65.6,10.4,209.9,9
2022-12-20,26.1,15.1,19.8,14.6,73.2,0.27,100,1014.5,33.3,10.4,281.4,9
2022-12-21,24.9,15.2,18.6,14.4,77.7,30.616,100,1020.6,65.6,10.3,173.8,8
2022-12-22,24,13.9,18.1,11.8,68.4,0.2,100,1024.6,65.3,10.5,244.5,9
2022-12-23,26.8,13.4,20.2,11.9,60.8,0,0,1022.4,22.1,10.9,255.1,9
2022-12-24,26.7,13.8,21,9.9,51.5,0,0,1020,39.8,11.6,330.5,10
2022-12-25,29,14.9,22.3,9.8,48.9,0,0,1017.9,49.7,11.6,292,10
2022-12-26,28,15.2,21.1,13.7,65.8,0.8,100,1020.4,50.3,11.4,269.4,10
2022-12-27,27.7,15.2,21,14.8,69.7,0,0,1024,32.7,11.5,326.5,10
2022-12-28,26.9,16.5,20.8,15.5,73.5,3.712,100,1023.2,61.2,11.5,209.4,8
2022-12-29,22.8,15.2,18.1,14.1,78.1,5.988,100,1021.5,58.6,11.3,114.9,5
2022-12-30,20.1,14.1,16.3,13.9,85.6,10.047,100,1025.1,77.6,12.3,94.3,4
2022-12-31,21.5,13.2,16.7,13.5,82,0.133,100,1026.4,81.6,10.7,109.4,4
2023-01-01,20.2,13.3,16.4,13.5,83.6,0.133,100,1024,68.4,10.9,93.6,5
2023-01-02,24.5,11.3,18.2,11.7,68.5,0,0,1022.2,23.8,11.4,303.3,10
2023-01-03,26.9,13.4,20.3,11.6,60.3,0,0,1020.9,20.8,11.4,300.6,10
2023-01-04,27.9,15.3,21.3,13.7,63.8,0,0,1019,28.7,11.4,277.3,10
2023-01-05,21.9,17.1,18.8,15.7,82.7,13.628,100,1016.6,63.1,11.1,145.7,8
2023-01-06,25.5,14,18.6,14.2,77.2,10.29,100,1017.7,65.7,10.8,256.4,10
2023-01-07,22.1,12.9,17.3,11.1,68.2,0.067,100,1022.1,76.8,11.6,211.2,6
2023-01-08,23.7,12.2,17.4,11.1,67.3,0,0,1022.6,69.6,11.3,240.8,9
2023-01-09,26.9,14.1,20.3,12.3,64.2,0,0,1023.2,44,11,286.9,9
2023-01-10,29.1,14.3,22.1,10.5,51.2,0,0,1024.7,18.5,11.2,342,10
2023-01-11,30.8,16.4,23.7,9.9,44.8,0,0,1025,15.2,11.7,336.2,10
2023-01-12,29.9,14.7,22.7,6.3,39.1,0,0,1023.6,2,11.3,371.9,10
2023-01-13,28.7,11.6,20.9,7.9,45.8,0,0,1023.4,2.9,11.6,273.9,10
2023-01-14,30.6,14.3,22.4,10.9,51.6,0,0,1023.5,8.2,11.6,365.9,10
2023-01-15,29.1,15.3,22.3,11.2,52.3,0,0,1023.5,11.4,11.6,361.1,10
2023-01-16,28.9,15.3,22.2,10.9,52.3,0,0,1023.7,22.2,11.6,355.5,10
2023-01-17,28,17.1,22.3,11.7,53,0,0,1023.2,53,11.4,204.5,8
2023-01-18,28.5,17.3,22.5,13.5,59.3,0,0,1022.5,55.3,11.5,288.5,8
2023-01-19,26.8,17.9,22.4,14.5,61.6,5.733,100,1021.3,42.3,11.5,247,10
2023-01-20,29.9,17.2,23.6,13.8,57,0.1,100,1019.9,57.5,11.6,230.8,9
2023-01-21,30.9,17.2,23.7,9,44.2,0,0,1018.9,44,11.4,347.3,10
2023-01-22,30.2,15.4,22.8,7.6,41.9,0,0,1017.7,20.3,11.5,355.1,10
2023-01-23,28.7,14.2,21.5,8.8,47.3,0,0,1018.8,9.4,11.3,358.9,10
2023-01-24,29.9,14.1,22.6,8.2,43.9,0,0,1018.5,0.8,11.6,354.5,10
2023-01-25,28.8,15.2,22.1,9.9,48,0,0,1020.1,21.8,11.6,326.5,10
2023-01-26,27.9,15,21.3,11.6,57.2,0,0,1021.4,40.7,11.5,290.1,10
2023-01-27,29.9,14.8,22.2,10.2,50.8,0,0,1019.9,21.3,11.5,316.8,10
2023-01-28,31.7,16.5,24.2,10.5,45.5,0,0,1017.1,35.3,11.4,328,10
2023-01-29,29.8,17,22.9,11.9,52,3,100,1016.9,57.3,10.3,225.3,9
2023-01-30,24.8,15.1,19.3,14.1,73.5,11,100,1022.1,57.5,9.8,208.8,9
2023-01-31,26.8,15.4,19.7,12.7,65.5,28,100,1023.3,61.7,10,245,9
2023-02-01,20.6,16.7,18.4,15.4,82.8,4,100,1023.4,68.7,9.6,86.8,4
2023-02-02,24,16,19.2,15.7,81,0.73,100,1022.4,60,10.6,192.8,10
2023-02-03,25.7,17,19.8,15.8,79.3,19.466,100,1021.8,64.6,11,158.8,8
2023-02-04,25.9,14.1,19.6,13.3,69.5,23.988,100,1021.9,42.5,11.4,240.3,10
2023-02-05,26.9,14.4,20.3,12,61.9,0,0,1020.7,51.5,11,259,10
2023-02-06,28.9,15,21.6,11,54.8,0,0,1019.2,31.4,10,323.1,10
2023-02-07,28.3,15,21.3,11.8,57.7,0,0,1017.9,56.7,11.1,295.9,10
2023-02-08,21.6,17,18.9,14.9,77.8,2.361,100,1017.9,66.6,11,86,4
2023-02-09,21.8,16.7,18.4,15.7,84.4,2,100,1016.9,66.3,9.6,99.8,4
2023-02-10,19.8,16,17.5,16.1,91.3,57.071,100,1016.4,85.4,7.2,91.4,5
2023-02-11,19.7,16.1,17.7,16.2,90.7,23.012,100,1016.9,84,9.8,79.4,3
2023-02-12,26.4,16.3,20.5,15.6,75.7,2.361,100,1017.7,66.6,10.7,200.3,8
2023-02-13,22.2,17,19.4,17.2,87.1,36.768,100,1020.4,60.6,9.9,110.1,5
2023-02-14,24.9,17,20.4,15.8,75.6,0.2,100,1019.6,64.5,9.8,162.3,6
2023-02-15,25.6,15.2,20.3,15.5,75.7,6.8,100,1016.6,65.9,10.1,169.4,10
2023-02-16,24.4,16.6,20.5,15.8,75.2,2.9,100,1016.1,71.4,8.9,153,8
2023-02-17,22.3,17.1,19.5,15.8,79.4,6.2,100,1016.7,69.3,9.5,115.9,5
2023-02-18,21.7,17.1,19,16.5,85.5,1.725,100,1016.1,77.6,10.1,74.6,3
2023-02-19,24.9,17.1,20.1,16.4,80.4,0.663,100,1014.8,67.4,9.9,187.1,9
2023-02-20,25.8,15.4,18.8,15.1,80.6,2.651,100,1013.9,54.9,10.6,201.7,10
2023-02-21,27.2,13.3,19.9,7.6,50.9,0,0,1020.5,11.1,11.1,345,10
2023-02-22,24.9,13.8,19.4,11.6,62.4,0,0,1025.4,50.6,10.6,289.1,10
2023-02-23,27,13.2,20.3,12,62.6,0.337,100,1024.3,25.4,11.4,315.1,10
2023-02-24,29.9,14.1,22.2,11.6,54.7,0,0,1021.7,0.9,11.6,314.6,10
2023-02-25,30,15.3,22.9,11.2,51.1,0,0,1019.3,12.8,11.4,308.2,10
2023-02-26,27.7,15.9,21.3,13.3,61.7,0,0,1022.5,28.3,11.3,268.3,10
2023-02-27,27.6,16,21.2,13.3,62.8,0,0,1023.4,44.6,11.4,280.6,10
2023-02-28,26.9,15.1,20.3,12.7,65.1,0,0,1020.7,35.6,11.6,269.3,10
2023-03-01,26.9,14.1,20.4,11.6,60.2,0,0,1019.7,20.8,11.3,274.7,10
2023-03-02,25.8,14.1,20,11.9,61.8,0,0,1021.2,38.9,11.8,217.5,8
2023-03-03,23.9,15.9,18.9,13.4,71,0,0,1020.5,45.2,10.6,150.7,5
2023-03-04,26,13.3,19.5,13.4,70.4,1.797,100,1019.9,32.9,10.5,205.5,10
2023-03-05,27,15.2,20.8,14.2,68.8,0,0,1020.4,44.1,11.3,234.3,10
2023-03-06,27.6,16,20.8,13.9,66.4,0,0,1020.1,47.3,11.6,190.1,10
2023-03-07,25.8,14.4,19.6,14.5,74.3,0,0,1020.7,61.3,10.5,168.5,9
2023-03-08,26,16.4,20.7,15.4,73.5,0.663,100,1020.4,27.6,11.3,248.9,10
2023-03-09,29.4,15.4,22.3,10,52.7,0,0,1019.7,9.3,11.4,309.4,10
2023-03-10,29,12.1,20.9,7.2,43.2,0,0,1020.1,13.5,11.2,293.3,10
2023-03-11,28.6,14.4,21.4,12.9,61.9,0,0,1020.6,13.5,11.4,248.5,9
2023-03-12,27,15.6,19.9,12.3,62.9,0,0,1023.1,35.1,11.2,221.4,9
2023-03-13,26.3,14.2,19.9,11.2,60,1.988,100,1024.5,43.9,11.8,284.5,10
2023-03-14,26.7,13.1,19.6,9.4,55.8,0,0,1022.4,21.2,11,287.2,10
2023-03-15,25.5,14.1,19.7,10.6,57.4,0,0,1019.6,59.4,13.1,181.4,7
2023-03-16,24.9,14,19.2,10.4,59.6,0,0,1022.1,41.6,11.5,207,9
2023-03-17,25.8,13,19.5,10.1,56.6,0,0,1021.7,15.4,11.6,254.8,9
2023-03-18,27.2,13.5,20.3,10.5,56.2,0,0,1021.5,10.7,11.5,254.6,9
2023-03-19,30.8,14.4,21.9,9.4,49.6,0,0,1021.8,29.3,10,289.7,9
2023-03-20,29,16.3,21.8,10.9,53.5,0,0,1023.2,19.4,10,260.7,9
2023-03-21,27.1,17,20.8,12.8,63.2,0,0,1022.7,35.6,9.9,214.5,9
2023-03-22,27.8,14.3,20.1,10.5,58.5,0,0,1022.1,40,11,267.3,9
2023-03-23,23.3,13.2,18.3,10.5,62,0,0,1024.1,56.7,11.6,174.7,10
2023-03-24,21,15.7,18.1,12.7,70.8,0.1,100,1025.1,71.7,11.5,88.9,3
2023-03-25,18.2,15.1,16.4,14.6,89.6,16.973,100,1024.3,78.8,11,44.6,2
2023-03-26,24.2,12.5,18.2,12.9,74,0,0,1021.7,39.5,10.6,205.6,9
2023-03-27,23.7,13.1,17.6,12.6,73.9,7.29,100,1023.4,55.4,10.7,177.8,10
2023-03-28,19.3,13.2,15.8,11.7,77.8,0,0,1024.4,73.6,11,131,4
2023-03-29,24.8,11.1,16.2,11.6,76.1,0.2,100,1021.3,27.9,12.7,196.3,9
2023-03-30,24.8,12.6,17.6,11.7,69.8,2.651,100,1020.1,40.4,11.4,203.9,9
2023-03-31,16.1,12.3,14,10.7,81,2.651,100,1022.3,49.3,11.4,62.5,2
2023-04-01,24.6,10.4,16.7,10.5,68.5,0,0,1024.2,26.2,11.5,216.2,8
2023-04-02,24.8,12.5,18.3,12.1,69.8,0,0,1023.9,43,11.5,232.5,9
2023-04-03,23.9,13.9,17.8,12.3,71.8,0.7,100,1021.2,45.4,11,222.6,9
2023-04-04,25,11.2,17.2,8.1,61.6,2.651,100,1021.7,15.8,10.5,255.8,9
2023-04-05,22.9,9.9,15.9,8.9,66.1,0,0,1025.1,29.5,10.3,193.8,8
2023-04-06,24.3,10.3,17.1,8.5,60.4,0,0,1023.2,17.6,11.4,235.5,9
2023-04-07,25.1,12.6,18.6,8.9,56.2,0,0,1019.1,15.7,11.2,222.5,8
2023-04-08,26.8,12.2,19.3,8.3,51.5,0,0,1020.2,12,11.7,222.7,8
2023-04-09,26,13.5,19.4,9.7,56.6,0,0,1021.3,47.9,11.4,199.3,10
2023-04-10,17.9,12.3,14.9,12.3,85.1,14.647,100,1021.1,60.8,11.2,82.8,4
2023-04-11,21.9,6.5,14.4,2.2,51.9,1.619,100,1021.8,9.6,11.2,243.5,8
2023-04-12,22,5.5,14.4,4.9,54.6,2.226,100,1022.4,31.2,11.4,236.5,8
2023-04-13,23.9,9.7,16.7,9.1,63.3,0.135,100,1020.9,17.7,11.3,228.4,8
2023-04-14,24.7,10.5,16.9,3.4,46.1,0.135,100,1021.8,15.1,10.9,234.1,8
2023-04-15,22,7.3,15,6.3,57.6,0,0,1026.9,43.2,10.9,186.5,7
2023-04-16,20.8,10.9,14.4,9.7,75.1,0,0,1026.9,57.1,10.1,164.6,8
2023-04-17,22.7,8.6,14.9,7.3,64.1,0.133,100,1024.5,7.4,11.3,228.5,8
2023-04-18,25,8.4,16.5,3.7,48,0,0,1025.5,0,11.3,223.2,8
2023-04-19,24.9,9.2,16.7,4.5,47.4,0,0,1025.3,1.2,11.4,215.3,8
2023-04-20,23.3,8.6,16.3,4.3,48,0,0,1019.6,1.5,11.4,217.7,8
2023-04-21,23.7,10.7,16.8,5.2,48.3,0,0,1017.3,21.7,11.6,176.8,7
2023-04-22,24.1,10.6,17.5,5.6,47.7,0,0,1019.2,25.3,11.2,198.8,7
2023-04-23,26,9.3,17.5,0.2,35.1,0,0,1020.6,16.3,11.3,213.6,8
2023-04-24,26.8,10.5,18.3,1.7,35.5,0,0,1022.6,42.6,11.6,215.5,8
2023-04-25,25.7,11.5,18.6,7.1,49.2,0,0,1023.6,40.7,11.5,179.8,7
2023-04-26,25.8,12.1,18.7,9.6,58.4,0,0,1023.9,15.1,11.2,198,7
2023-04-27,25.8,12.4,18.9,11.6,64.7,0,0,1024.2,20.7,11.4,179.8,7
2023-04-28,27.3,12.3,19.5,10.3,58.4,0,0,1024.9,21,11.3,166.9,7
2023-04-29,26.8,13.2,18,10.5,64.8,14.715,100,1024.7,23.6,11.4,176.9,7
2023-04-30,25.7,11.2,17.8,9.5,61.2,0.133,100,1023.8,36.2,11.5,205.5,7
2023-05-01,21,13.9,16.3,12.1,77.2,0,0,1024.3,64.5,11.2,100.3,4
2023-05-02,24.3,11.4,17.3,10.5,66.8,0,0,1024.4,30.4,11.6,160.6,7
2023-05-03,25.9,12.5,18.6,9.5,58,0,0,1026,28.8,11.5,184.4,7
2023-05-04,23.8,11.1,16.4,10.2,69.4,0.7,100,1026.7,37.2,11.4,186.9,7
2023-05-05,24.8,11.6,16.9,10.2,68.4,5,100,1024.7,44.4,11.4,189.5,7
2023-05-06,23.6,11.2,16.7,10.1,66.6,0,0,1025,45.4,11.5,166.1,7
2023-05-07,20.8,12,15.1,9.8,72.6,0,0,1026,40.2,11.4,112.5,4
2023-05-08,15.7,7.4,11.1,8.9,86.6,23.196,100,1026.5,59.6,10.5,55.5,2
2023-05-09,18.7,5.3,11.9,6.3,71.2,0,0,1025.2,21.3,11.2,177.4,7
2023-05-10,21,8.2,14,6.8,65.4,0,0,1024.4,19.3,11.4,162.4,7
2023-05-11,22.6,8.5,15.1,4.9,54.2,0,0,1023.3,5.8,11.5,189.8,7
2023-05-12,24.1,7.9,16.4,3.6,46.8,0,0,1023.1,2.7,11.6,188.1,7
2023-05-13,22.9,10.2,16.3,6.5,53.9,0,0,1024.7,24.3,11,176.2,6
2023-05-14,19.4,11.2,14.7,10.7,77.9,0,0,1024.6,51.7,10.8,126.6,7
2023-05-15,14.2,8.8,11.1,7.9,81.3,0,0,1025,61.9,11.3,51.8,3
2023-05-16,15.7,7.4,11.1,8.6,85.2,0,0,1024.9,61.4,10.6,64.9,3
2023-05-17,19.5,9.4,13,9.1,79.5,0.067,100,1022.3,55.4,9.2,159.3,7
2023-05-18,18.8,9.1,13.4,9.1,76.6,2.651,100,1021,49.5,10.9,166.6,6
2023-05-19,18.5,6.6,12,3.1,60.6,0,0,1021.3,26.4,10.7,177.5,7
2023-05-20,17.8,3.5,10.3,-0.9,49.1,0,0,1022.7,0,11.4,186.9,7
2023-05-21,20.7,2.8,11.7,-1.2,44.6,0,0,1021.5,0,11.5,182.7,7
2023-05-22,20.7,4.3,12.1,-1,43.8,0,0,1022.6,5,11.3,172.9,7
2023-05-23,16.7,6.4,11.5,6.8,74,0,0,1023.6,49.5,11.1,93.7,5
2023-05-24,21.9,7.4,14.3,7.5,66.4,0,0,1022.8,0,10.9,168.7,6
2023-05-25,23.7,9.2,16,7.2,59.1,0,0,1022.1,12.1,11.2,169.5,6
2023-05-26,20.1,10.2,14.4,4.4,52.6,0,0,1023.1,14.2,11.5,164.4,6
2023-05-27,19.4,10.5,14.6,8,65.6,0,0,1025.5,56.9,11.5,114.5,5
2023-05-28,21.8,10.4,14.8,9,70.6,0,0,1025.2,39.5,9.7,140.8,6
2023-05-29,22.1,9,14.4,5.9,60.8,0,0,1024.7,23.4,11.3,161.9,6
2023-05-30,19.3,9.9,14.1,8.2,69.5,0,0,1024.3,38.6,11.7,142.2,6
2023-05-31,17.4,7.3,12.7,7.9,73.6,0,0,1022.2,64.4,11.4,63.3,4
2023-06-01,15.9,2.9,9.6,1.8,60.5,0,0,1022.5,1.5,11.7,165.1,6
2023-06-02,20,4.1,11.8,0.9,51.8,0,0,1022.7,0,11.5,174.9,6
2023-06-03,22.8,8.7,15.5,1.7,41.4,0,0,1021.4,18.9,11.5,163.4,6
2023-06-04,22.9,9.2,16.2,3.3,43.7,0,0,1020,14.6,11.6,154.9,6
2023-06-05,19,6.2,12.4,-1,41.4,0,0,1023,0,12.1,159.5,6
2023-06-06,20.9,5.2,12.5,4.7,60.2,0,0,1025.8,0,11.4,159.4,6
2023-06-07,22,8.4,14.1,9.3,75.9,0,0,1025.7,22.9,9.5,138.9,6
2023-06-08,21.9,9.6,14.8,7.3,64.3,0,0,1023.1,6.9,11,139.6,6
2023-06-09,21.9,6.7,13.4,-1.9,37.7,0,0,1022,0,11.6,163,6
2023-06-10,19.7,4.1,10.8,-2,45.1,0,0,1025.2,0,11.3,168,6
2023-06-11,19.6,2.2,10.4,-0.2,50.8,0,0,1024.5,0,10.9,163.2,6
2023-06-12,16.7,5.6,10.2,3.6,65,0,0,1019.6,36.7,11.4,70.1,5
2023-06-13,14.8,4,8.4,0.7,60.2,0,0,1021.1,10.6,11.9,163.5,6
2023-06-14,19,1.9,10.4,-0.8,50,0,0,1021.7,0,11.4,162.5,6
2023-06-15,20.5,5.5,12.7,-3.2,35.6,0,0,1022,0,11.2,161.9,6
2023-06-16,20.7,6.1,12.3,0.3,47.5,0,0,1025.3,0,11.4,164.4,6
2023-06-17,21.6,4.9,12.4,0.8,48.7,0,0,1026.8,0,11.6,163.8,6
2023-06-18,21.9,4.8,12.9,0.5,46.8,0,0,1025.1,0,11.3,160.4,6
2023-06-19,21.8,4.9,13.1,-2,38.6,0,0,1022.3,0.8,11.3,153.7,6
2023-06-20,17.4,5,10.4,-4.9,35.3,0,0,1023.2,0.1,11.6,161.9,6
2023-06-21,19.6,3.2,10.6,-4.2,38.4,0,0,1024.9,0,11.6,150.9,6
2023-06-22,21,3.5,11.3,-3.2,39.5,0,0,1026.5,0,11.5,152.6,6
2023-06-23,17.6,5.3,10.3,5.4,73.4,0,0,1029.4,25.9,9.3,118.8,6
2023-06-24,20.5,4.5,11.6,2.4,59.9,0,0,1028.4,8,10.4,151.3,6
2023-06-25,20.4,4.1,11.6,0.1,49.1,0,0,1026.5,0,10.8,155.2,6
2023-06-26,19.4,4.4,11.1,0.6,51.5,0,0,1024.4,0,11.3,150.5,6
2023-06-27,18.6,4.3,10.7,-0.7,48.1,0,0,1022.3,0,11.6,154.3,6
2023-06-28,14.9,5.9,10.5,3.4,62.8,0.135,100,1022.3,29.9,11.3,106.1,5
2023-06-29,16.9,4.8,10.2,2.2,62,0,0,1025.6,35.9,11.5,159.6,6
2023-06-30,16.1,3.1,8.3,-0.4,57.7,0,0,1028.3,0.4,11.6,163.3,6
2023-07-01,19.4,3.1,10.2,-0.6,51.5,0,0,1030.4,0,11.3,166,6
2023-07-02,19.9,3.5,10.7,0.1,51.9,0,0,1031,8.3,11.4,158.2,6
2023-07-03,19,4.2,10.7,0.5,52.3,0,0,1032,5.4,11.5,158.8,6
2023-07-04,18.8,5.4,10.9,1.3,54.8,0,0,1029.4,42.4,11.5,132.5,6
2023-07-05,19.1,3.4,10.5,-1.7,47,0,0,1028,0.3,11.4,153,6
2023-07-06,17.9,3.2,9.5,1.9,60.1,0,0,1030.9,7.6,10.9,150.6,6
2023-07-07,18.8,3.3,10,2.1,61.6,0,0,1030.2,10.1,10.9,153.8,6
2023-07-08,19.9,3.4,10.7,0.3,52,0,0,1025.7,0,11.3,159,6
2023-07-09,15,1.3,8.2,-3.1,45.8,0,0,1022.2,7.9,11.3,155.1,6
2023-07-10,7.8,-2,2.5,-3.4,66.5,0.067,100,1028.6,46.3,11.4,129.3,7
2023-07-11,13.1,1,6.4,-1.8,60.1,0,0,1035.1,4.4,11.5,172.8,6
2023-07-12,15.8,1.7,8.3,0.5,61.4,0,0,1035,16.1,11.3,160,6
2023-07-13,16.9,1.3,8.7,0,59.5,0,0,1031.6,0,11.4,160.5,6
2023-07-14,14,1.2,6.5,-0.6,64.8,0,0,1030.2,23.8,10.8,138.2,7
2023-07-15,14.6,2.3,7.8,0.5,62.5,0,0,1027.9,36.9,11.5,88.7,6
2023-07-16,19,2.5,10.2,-0.9,50.6,0,0,1029.3,5.7,11.1,165.4,6
2023-07-17,21,5.2,12.3,-0.6,44.9,0,0,1031.1,0,11.5,166.4,6
2023-07-18,21.3,3.6,12,-0.9,45.5,0,0,1029.5,0,11.6,158,6
2023-07-19,21.4,5.6,13,-3,36.4,0,0,1025.5,0,11.6,169.3,6
2023-07-20,15.3,5,10,2.5,61.4,0,0,1028,49,10.8,115.8,6
2023-07-21,10.9,6,8,4.2,77.3,0,0,1032.4,90.8,11.2,43.2,2
2023-07-22,16.1,6.1,9.5,5.1,75.7,0,0,1030.8,50.2,11.2,137.7,7
2023-07-23,20.8,5.2,11.8,6.2,72.1,0.067,100,1027.6,26.9,8.6,170.2,7
2023-07-24,23.2,7.5,14.2,2.9,52.3,0,0,1025.6,41.9,10.5,153.3,6
2023-07-25,18.9,4.1,11.3,3.4,60.6,0,0,1028.6,28.5,9.8,129.9,6
2023-07-26,19,6.4,11.4,6,72.9,0,0,1028.6,34.5,8.5,137.7,6
2023-07-27,20.8,6.1,12.5,5.4,65.2,0,0,1026.8,1.1,11,161.9,6
2023-07-28,22.3,6.6,13.9,2.9,52.3,0,0,1025.2,4.5,11.1,160.3,6
2023-07-29,23,6.6,14.9,0.8,41.1,0,0,1020.5,6.6,11.5,154.3,6
2023-07-30,11,2.3,6.2,-3.8,51,0,0,1023.9,17.3,11.4,168.3,7
2023-07-31,14.4,0.7,6.5,-6.8,40.2,0,0,1028.4,0,11.5,200.1,7
2023-08-01,17,2.5,8.6,-7.2,35,0,0,1031.8,0,11.3,184.5,7
2023-08-02,15.9,2.1,8.2,0.6,62.1,0,0,1035.5,40.8,10.7,168.3,7
2023-08-03,15,2.9,8.6,1.3,63.6,0,0,1034.9,29.3,11.2,163.4,7
2023-08-04,15.8,1.3,8.2,-0.9,56.3,0,0,1032.5,11.9,11,185.6,7
2023-08-05,17,1.5,9.5,-0.8,52,0,0,1032.5,18.1,11.4,175.5,7
2023-08-06,20.6,2.7,10.8,-1.1,48.2,0,0,1032.7,0.8,11,194.6,7
2023-08-07,22,3.5,12,-5.4,34.9,0,0,1030.8,0.4,11.2,195.6,7
2023-08-08,21.6,3.4,12.5,-5,32.4,0,0,1029.9,0,11.4,174.2,7
2023-08-09,18.8,5.2,12.1,-0.9,42.3,0,0,1032.1,18.6,11.6,180.1,7
2023-08-10,18.1,5.1,11.1,1.9,57.3,0,0,1032.2,16,10.2,188.8,7
2023-08-11,17.3,6.2,11.7,1.6,51.9,0,0,1028.1,45.3,11.4,167,7
2023-08-12,19.9,5.3,12.9,1.8,49.9,0,0,1025,15,11,187.6,7
2023-08-13,22.8,6.8,14.5,2.4,48,0,0,1023,1.8,10.6,179.2,7
2023-08-14,24.9,8,15.8,0.8,39.5,0,0,1022.4,10.7,10.6,188.3,7
2023-08-15,26,9,17.1,-3.9,27.9,0,0,1024,3.7,11,184.1,7
2023-08-16,22.8,7.5,15,3.2,48.6,0,0,1026.8,30,10,167,6
2023-08-17,22.8,8.7,15,4.6,56.4,0,0,1025.1,66.4,10,165,7
2023-08-18,24.6,7.9,16,1.3,39.3,0,0,1021.8,28,11.3,184.1,7
2023-08-19,25.7,8.3,16.9,-0.2,32.8,0,0,1020.8,11,11.6,179.9,7
2023-08-20,24.8,6.6,16.8,-1.6,29.5,0,0,1021.5,11,11.3,198.1,7
2023-08-21,27.9,9.8,18.3,-0.4,32.7,0,0,1019.6,2.5,11.3,197.1,7
2023-08-22,27.8,8.1,18.3,-9,16.8,0,0,1019.2,0,11,207.2,7
2023-08-23,25.7,11.1,17.4,-7.8,18.3,0,0,1020.7,0,11.2,213.1,7
2023-08-24,25.7,8,16.8,-1.8,30.8,0,0,1021.5,0.5,10.3,209,7
2023-08-25,23.2,8.3,15.8,8.5,65.1,0,0,1017.9,42.4,9.5,168.8,8
2023-08-26,18.4,5.3,11.8,-6.9,28.8,0,0,1021.4,14.5,11.3,221.2,7
2023-08-27,21,3.3,11.7,-3,39.4,0,0,1031.7,12,11,223.1,8
2023-08-28,20.9,2.7,11.7,-2.6,42.6,0,0,1036.2,0,11.1,209,8
2023-08-29,22.9,3.2,13,-0.4,45.2,0,0,1033.5,0,11.2,217.5,8
2023-08-30,22.7,5.6,13.7,2.5,51.1,0,0,1029.7,0,11.4,218.4,8
2023-08-31,23.6,6.5,14.8,1.1,43.6,0,0,1024.9,0,11.4,221.4,8
2023-09-01,25.8,8.8,17.1,0.1,34.4,0,0,1022.6,11.2,11.3,209.8,8
2023-09-02,26.9,10,18.4,-0.8,30,0,0,1022.6,0.6,11.2,211.3,7
2023-09-03,27.9,10.9,19.1,1.3,33.6,0,0,1023.8,5,12,179.8,7
2023-09-04,29.8,10.7,19.9,1.8,34,0,0,1024.7,4.4,11.4,206.3,7
2023-09-05,29,12,20.7,1.1,29.3,0,0,1023.1,11.6,11.3,190.5,7
2023-09-06,27.1,10.2,18.2,-7.8,17.8,0,0,1023.3,1.2,11.1,203.8,7
2023-09-07,26.8,6.2,16.5,-10.5,16.5,0,0,1024.5,0,11.1,251,8
2023-09-08,27.9,9.4,18.8,-4.8,20.8,0,0,1024.8,26.3,11.2,223,8
2023-09-09,29.8,10.6,20.4,4.1,38,0,0,1024.5,0.3,11.5,221.8,8
2023-09-10,29.9,12.7,21.1,2.7,32.5,0,0,1021.5,0,11.3,216.9,8
2023-09-11,29.7,9.3,18.6,0,31.2,0,0,1018.4,1,10,215.9,8
2023-09-12,14.9,3.1,9.1,0.4,55.1,0,0,1027.6,41.1,10.7,202.8,8
2023-09-13,17.9,5.5,11.9,4.3,61.1,0,0,1030.1,44.4,11.4,155.6,6
2023-09-14,23.7,10,15.4,5.9,57.3,0,0,1025.5,40.7,10.6,249.8,8
2023-09-15,28.9,9.8,19.1,-0.1,35.6,0,0,1021.4,0.4,11.2,265.8,8
2023-09-16,28.1,13.8,19.8,-10.3,13.1,0,0,1019.4,0,11.6,265.4,9
2023-09-17,26.1,9.1,17.3,-6.1,21.5,0,0,1021.4,3.9,11.2,262.9,9
2023-09-18,23.9,9.2,15.5,5.4,54.3,0,0,1023.1,20.7,10.9,185.1,9
2023-09-19,27.1,9.2,18.2,7.8,55,0.4,100,1021.1,22.8,11.9,236.4,8
2023-09-20,27.5,12.9,19.8,3,40.2,0.2,100,1022.2,16,11.2,254.9,9
2023-09-21,28.7,11.5,21,-2.6,21.9,0,0,1022.6,1.8,11.5,247.7,8
2023-09-22,30.6,10.7,21,1,30,0,0,1022.7,0,11.3,265.1,9
2023-09-23,29,13.9,22.4,3.3,30.8,0,0,1022.8,22.9,11.2,225.1,8
2023-09-24,28.2,14.2,21.7,2.4,29.7,0,0,1022,0.8,11,238.9,8
2023-09-25,25.7,8.1,17.6,4.2,41.8,0.1,100,1019.9,33.6,11.2,200.5,8
2023-09-26,21.1,7.2,13.5,1.8,47.9,0,0,1020,11.2,10.7,261,9
2023-09-27,15.4,8.1,11.8,6.9,72.9,0,0,1021.7,67,11,78.3,4
2023-09-28,20.9,7.1,13.9,7.4,68.5,0.067,100,1023.9,43.1,9.5,209.1,10
2023-09-29,24.8,11.2,17.4,8.4,59.2,0,0,1023.7,29.2,10.4,267.6,10
2023-09-30,30.1,11.5,21.1,4,39.1,0,0,1021.6,0.2,11.3,294.5,9
2023-10-01,28.9,12,20.8,-2.6,25,0,0,1022.8,3.5,11.4,292.8,9
2023-10-02,22,10.1,14.6,7.8,65.9,0,0,1028.7,47.8,11,194.3,10
2023-10-03,27,8.5,17.7,6.9,53.3,0,0,1027.5,0,11.5,283.4,9
2023-10-04,31.8,11.9,22,4.1,36.1,0,0,1025.9,17.5,11.6,288.1,10
2023-10-05,31.9,12.8,22.6,2.2,30.2,0,0,1024.7,6.7,11.3,286.9,9
2023-10-06,32.6,13.4,22.7,1.3,27.4,0,0,1022.1,15,10.9,292.5,9
2023-10-07,31.9,13,22.7,1.9,28.7,0,0,1020,0,11.4,288.4,9
2023-10-08,32.8,15.6,24.2,1.8,25.7,0,0,1019.9,13.1,11.5,278.5,9
2023-10-09,25.9,13.9,19.9,10.7,57.5,0,0,1023,20.6,11.4,254.1,9
2023-10-10,21,14.1,17.7,11.5,67.4,0.1,100,1022.9,54.1,11.4,103.6,4
2023-10-11,21.7,16.2,18.2,12.2,68.3,0.269,100,1022.9,75.2,11.1,63.6,4
2023-10-12,20.2,14.3,17.1,10.5,65.5,0,0,1020.7,67.6,11.2,87.3,3
2023-10-13,29,11.1,19.3,3.2,43.2,0,0,1018.8,2.7,11.4,289.5,10
2023-10-14,28,9.9,19.6,-0.1,29.7,0,0,1020,4.8,11.4,314.3,10
2023-10-15,21.7,12.7,16.6,9.8,65.2,0,0,1019.1,54.2,11.4,144.2,6
2023-10-16,20.7,12.1,15.7,10.9,74.1,4.047,100,1017.4,70.4,10.4,155.7,10
2023-10-17,20.5,11,15.1,7.3,62.3,0,0,1021.3,49.1,10,276.2,10
2023-10-18,25.8,9.9,17.1,5.5,51.2,0,0,1024.8,31.5,11.8,328.5,10
2023-10-19,27.1,11.4,19.5,6.1,44.9,0,0,1026.5,20.7,11.5,309.4,10
2023-10-20,27.8,11.7,20,7,46.7,0,0,1024.7,1.9,11.4,317,10
2023-10-21,29.9,12.6,22,4,35.1,0,0,1018.7,5.4,11.6,323.9,10
2023-10-22,29,13,20.5,5.2,42.7,0,0,1017.4,15.3,11.6,320.7,10
2023-10-23,26.9,11,18.8,8.6,56.3,0,0,1019.8,26.8,11.2,278.5,10
2023-10-24,32,12.5,22.7,0.4,30.4,0,0,1017,0,11.5,326.1,10
2023-10-25,31.8,12.5,22.4,-3.3,20.6,0,0,1020,6.5,11.2,331.8,10
2023-10-26,30.8,12.3,21.3,8.4,48.6,0,0,1022.9,2.9,11.4,329.6,10
2023-10-27,33.5,14.7,23.8,5.4,35,0,0,1020.8,10.3,11.4,324.2,10
2023-10-28,29.9,16.1,22.5,5.6,36.2,0.1,100,1018.3,45,11.3,207,9
2023-10-29,20.2,7.1,14.4,8.3,67.3,0.1,100,1020.2,66.5,10.8,180.8,10
2023-10-30,6.9,4.9,5.7,4,89.2,1,100,1024.4,98.5,8,32.8,1
2023-10-31,10,4.9,7.8,6.8,93.3,1.5,100,1023.5,95.9,7.9,29.3,1
2023-11-01,20,6.2,12.9,5.7,65.9,0,0,1023.9,62.6,9.6,344.7,10
2023-11-02,23.7,9,16,7.7,61.8,0,0,1024.1,54.1,10.1,318.2,10
2023-11-03,22.9,10.2,16.6,8.1,59.5,0,0,1023.9,68.2,10,252.3,9
2023-11-04,22.8,12,17.2,9.1,59.9,0.4,100,1022.4,73.1,10,167.6,7
2023-11-05,28,11,19.9,8.8,53.3,0,0,1020.6,20,10.6,334.2,10
2023-11-06,28.8,15.1,22.3,9.7,47.4,0.1,100,1018.1,57.8,14,276.1,10
2023-11-07,21.3,13,15.7,12.4,81.6,19.6,100,1020.3,76.7,9.2,49.3,3
2023-11-08,25.6,10.1,17.4,8.7,61.9,0,0,1021.7,24.8,9.7,264.7,10
2023-11-09,27,12.4,19.6,11.3,61.8,0,0,1021.7,23.1,11.2,341.3,10
2023-11-10,27.9,14.8,20.7,11.7,58.9,0,0,1023.3,20.4,10.5,253.8,10
2023-11-11,29.9,14.3,21.6,11.7,57.1,0,0,1022.6,42.7,10.3,338.7,10
2023-11-12,31.9,16.3,23.6,9.6,44.6,1.4,100,1021.2,39.7,10,322.7,10
2023-11-13,27.8,14,19.8,12.1,64,0,0,1022.4,34.6,10.4,305.4,10
2023-11-14,18.1,13,15.3,11.5,78.6,0,0,1025.5,71.2,11.2,95,4
2023-11-15,24,11.1,17.3,10.4,66.3,0,0,1024.6,48.7,11.5,282.8,10
2023-11-16,25.6,12,18.8,11,62.7,0,0,1023.5,26.5,11.5,136.5,5
2023-11-17,25.8,15.7,20.5,11.7,58.3,0,0,1022.9,48.2,11.4,167.2,8
2023-11-18,28,16,20.7,12.1,60.1,0,0,1022.3,41.9,11.5,173,9
2023-11-19,30.3,14.1,22.9,10.3,49.8,0,0,1021,24.5,11.3,337.7,10
2023-11-20,31.9,18,23.5,11.7,50,0.6,100,1020.2,36.2,10.7,211.7,10
2023-11-21,30.2,16,23.1,12.7,55.9,0.6,100,1020.8,38.2,10.9,312.7,10
2023-11-22,31,16.3,24.1,12.4,51.8,0,0,1022.6,38.4,11.2,369,10
2023-11-23,31.8,18.1,24.9,12.3,48.2,0,0,1023.3,15.4,10.9,344,10
2023-11-24,31.9,19.3,25.1,7.9,35.2,0,0,1022,7.6,11.1,345.9,10
2023-11-25,31.2,16.9,24.9,8.2,36.8,0,0,1021.5,26,11.5,283.1,10
2023-11-26,32,18,24.8,11.7,47,0,0,1024.5,32.3,11.4,354.8,10
2023-11-27,32.6,18.2,24.9,12.8,50.4,0,0,1024.1,30.2,11.9,327.7,10
2023-11-28,31,17.3,23.1,14,58.5,0.4,100,1018.5,46.8,12.7,190.1,10
2023-11-29,28.1,16.3,21.7,8.3,44.6,0,0,1017.3,43.9,11.5,174.7,10
2023-11-30,22.7,11.9,17.1,9.6,62.6,0,0,1023.5,60.3,11.5,267.1,10
2023-12-01,27.9,12.1,19.9,9.9,56.9,0,0,1024.2,26.1,11.4,332,10
2023-12-02,31.2,16.1,24.2,8.6,40.1,0,0,1022,7.7,11.5,347.7,10
2023-12-03,31.6,18.2,24.9,8,36,0,0,1021.3,4.4,11,372.3,10
2023-12-04,32.8,17.9,25.2,7.4,35.3,0,0,1020.7,16,11.5,333.3,10
2023-12-05,31.7,16.4,24.6,6.4,33.2,0,0,1019.9,51.2,11.3,232,10
2023-12-06,25.3,18,21.3,12.1,56.7,0,0,1023.2,44,10.9,147.6,6
2023-12-07,25,14.8,19.6,12.3,64.3,0.3,100,1022.5,50.7,14.3,180.5,10
2023-12-08,29.9,14.8,21.6,11.7,58.1,0,0,1018.8,37.8,11.4,311.8,10
2023-12-09,33,15,23,10,49.1,0,0,1017.3,28.7,11.6,292.7,10
2023-12-10,19.2,13.8,16.9,13,78.5,0,0,1019.6,78.5,11.7,67.2,3
2023-12-11,20.2,13,15.8,12.8,83.1,2.8,100,1020,79,10.4,106.5,5
2023-12-12,26.9,12.1,19.2,11.7,66.2,0,0,1018.8,46.7,11.2,266.3,10
2023-12-13,28,14.1,20.7,12.8,62.6,0,0,1019.5,37.1,11.2,288.8,10
2023-12-14,27.6,15.1,20.7,13.6,66,0,0,1019.6,61.3,11.6,320.2,10
2023-12-15,25.9,17,20.4,14.2,68.7,0,0,1020.7,63.5,11.1,196.4,10
2023-12-16,25.2,15.9,19.6,15,76.5,0.1,100,1020.3,52.5,10.4,204.9,10
2023-12-17,27.1,15.9,21.4,15,69.8,0,0,1020.6,47.6,11.1,266.8,10
2023-12-18,27.1,17.2,21.2,15.5,72.1,0,0,1020.7,39.4,11.1,222.3,10
2023-12-19,30.4,16.4,22.7,13.8,60.4,0.1,100,1022,48.3,11.5,326.8,10
2023-12-20,28.6,16.9,22,15.5,68.5,0,0,1022.7,49.8,11.4,278.6,10
2023-12-21,30.6,17.3,23.9,14.5,59.8,0,0,1022,22.2,11.4,240.4,10
2023-12-22,29.8,18.1,23.1,11.5,49.8,0,0,1024.4,42.9,11.3,278.8,10
2023-12-23,30.1,16.6,23.6,11.3,48.4,0,0,1023.9,21.2,11.4,355.1,10
2023-12-24,27.2,20,22.9,13.6,56,0.1,100,1022.9,53.8,11.6,231.2,10
2023-12-25,19.9,16.1,17.4,15,86.7,0,0,1020,76.6,9.5,64,2
2023-12-26,24.6,13.1,18.5,14,77.4,0.6,100,1018.1,82.6,10.8,183.5,6
2023-12-27,18,12,14.8,10.7,77.3,0,0,1021.6,91.5,10.8,133,5
2023-12-28,23.3,13,18.1,12,69.6,0.2,100,1021.8,61.6,11.7,253.5,10
2023-12-29,23.8,14,18.4,11.8,67.2,0,0,1022.6,66.7,11.2,258.9,10
2023-12-30,24.9,13.2,18.8,11.9,66.5,0,0,1021.1,56.8,11.4,252.4,10
2023-12-31,25.7,14.2,19.9,12.4,64.3,0,0,1020.1,33,11.4,237.6,10
2024-01-01,28.1,15.2,21.7,11.2,55.7,0,0,1021.9,25.2,11.5,288.1,10
2024-01-02,25.9,15.1,20.4,12.7,62.9,0,0,1024.2,58,11.6,231.5,10
2024-01-03,26.9,16.2,20.7,13.5,65.9,0,0,1021.5,62.1,11,264.8,10
2024-01-04,27.9,14.2,20.8,10.8,56.6,0,0,1021,39,10.9,306.1,10
2024-01-05,26.5,14.4,18.6,13.3,72.7,0,0,1023.5,59.7,10.5,191,10
2024-01-06,28.6,14,20.9,12.6,62.9,0,0,1022.5,27.5,10.8,226.1,10
2024-01-07,29,16.2,21.3,12.9,61.3,0,0,1021.3,33.1,11.5,201.6,10
2024-01-08,27.8,16.8,21.4,14,64.2,0,0,1020.7,42.1,11.2,272.6,10
2024-01-09,20.1,16.1,17.8,14.7,82.4,0.404,100,1021.2,69,10.8,65.5,4
2024-01-10,24.2,15.1,19,15.7,82.2,0.337,100,1019.9,59.1,11.2,193.8,10
2024-01-11,24.1,16.1,19.1,15.6,81.5,2.024,100,1019.9,61.3,10.5,171.9,10
2024-01-12,27.6,17.1,20.5,16,77.1,4.111,100,1020.8,65.6,10.8,236.7,10
2024-01-13,26.8,16,20.8,15.3,72.8,0.067,100,1020.6,34.9,10.8,243.8,10
2024-01-14,26.9,15.5,21.3,15.1,69.6,16,100,1019.8,27.3,10.7,280.5,10
2024-01-15,29.6,16.2,22.3,15.8,68.9,0,0,1019.6,27.3,11.3,292,10
2024-01-16,27.2,15.7,20.6,16.1,76.3,3.44,100,1019.2,47.6,10.7,163.7,10
2024-01-17,24.8,15.4,19.3,14.7,76.1,13,100,1018.8,55.8,11.5,216.7,10
2024-01-18,20.8,12.3,16.4,11.4,74,6.071,100,1021.8,73.7,10.7,313.8,10
2024-01-19,23.9,10.3,16.9,7.5,57.3,0,0,1024.1,36.8,11.5,389.9,10
2024-01-20,24.9,10.2,17.7,6.2,50.9,0,0,1024,28.6,11.4,355.2,10
2024-01-21,27.8,11.5,20.3,9.4,52.7,0,0,1021.2,18.2,11.4,338.6,10
2024-01-22,29.8,14.4,21.9,11.2,52.6,0,0,1021.9,26.8,11.5,275.1,10
2024-01-23,25.7,15.9,20.2,12,61.2,10.067,100,1027.2,40.7,10.7,181.3,9
2024-01-24,27.4,14.2,20.8,12.9,62.8,0,0,1027.5,31.8,11.2,262.6,10
2024-01-25,27.7,15.9,20.9,15.1,71.4,2.698,100,1025.2,42.9,9.9,244.9,10
2024-01-26,29.8,16.1,22.4,15.6,68.4,0.675,100,1023.3,37.9,11.4,332.4,10
2024-01-27,26.5,17,20.9,15,70.1,0,0,1022.7,55.9,11.2,214.4,10
2024-01-28,26.8,16.1,21.1,16,74.3,6,100,1022.5,48.1,10.4,188.3,9
2024-01-29,27.2,16.2,20.3,15.4,75.1,0.202,100,1023.4,48.3,10.8,195.9,10
2024-01-30,28,15.2,20.8,15.6,74.8,0,0,1023.7,38.5,11,167.6,9
2024-01-31,25.1,15.1,20.3,13.3,66.2,12,100,1026.7,33.3,11,254.2,10
2024-02-01,27,15,20.5,12.5,62.8,0,0,1028,35.1,11.3,246.8,10
2024-02-02,26.4,14,19.9,12.7,65.9,0,0,1025.9,32.5,11,177.3,7
2024-02-03,28.2,15.1,21.4,13.5,64.1,0.135,100,1022.2,42.3,11.4,268.5,10
2024-02-04,27.1,15.2,21,14,66.7,0,0,1021.6,47.3,11.1,222.1,10
2024-02-05,29.8,15.3,21.7,13.7,63.9,0,0,1021.8,32.1,11.2,331.3,10
2024-02-06,31,15.7,23.7,10.4,46.5,0,0,1020.6,12,11.4,332.9,10
2024-02-07,32.8,15.6,24.2,9.9,45.3,0,0,1021,20.7,11.1,318,10
2024-02-08,33,18.1,25.3,10.4,41,0,0,1022.3,49.2,10.7,281.4,10
2024-02-09,28.9,16.9,21.1,15.2,71.8,0,0,1023.4,58.3,10.8,225.2,10
2024-02-10,30,16.2,22.8,13.5,60.2,0.742,100,1023.1,27.4,10.9,282.5,10
2024-02-11,22.3,16,19,14.8,76.7,0,0,1027.1,70,11.1,114.8,4
2024-02-12,25.6,16.4,19.4,15.2,77.7,0,0,1026.8,58.6,11.3,216.8,10
2024-02-13,30.5,15.4,22,14.1,66.1,0,0,1024,31.1,11,315.5,10
2024-02-14,32.3,14.8,22.7,13.4,61,0,0,1021.5,12.2,11.1,300.5,10
2024-02-15,29.5,16.4,23,14.1,59.1,0.7,100,1017.9,23.4,11.2,332.4,10
2024-02-16,30.1,17.1,23.4,12.5,53.2,1,100,1016.4,34.5,12,337.5,10
2024-02-17,32,16.5,24.6,10.7,43.1,0,0,1020.3,19.4,11.3,314.4,10
2024-02-18,31,17.2,22.7,14,60.8,9.067,100,1024,40.7,10.9,295.8,10
2024-02-19,27.8,17,21.5,15.3,69.7,0,0,1025.1,50,11.1,175.4,10
2024-02-20,28.3,17,21.3,15.6,72,12.816,100,1023,51.2,11.6,230.8,10
2024-02-21,31,16.3,23.5,14.4,60.2,0,0,1020.3,20.7,11.3,290.5,10
2024-02-22,26.8,18.1,22.7,13.5,57,0,0,1019.9,44.9,11.6,161.5,10
2024-02-23,30.7,16.2,22.8,13.9,60.7,0,0,1021.1,36,11.3,286.7,10
2024-02-24,27.9,16.2,22,14,62,6.408,100,1022.3,32.1,11.7,274,10
2024-02-25,28.1,17.3,22.8,13.4,57.6,0,0,1021.6,20.3,11.5,191.9,7
2024-02-26,29.8,17.1,21.6,14.5,66,0,0,1020.8,27.2,11,264.4,10
2024-02-27,23.5,16.6,18.8,14.6,77.1,0.337,100,1024.7,77.5,10.1,99.1,4
2024-02-28,24.2,15.9,19,12.8,69.2,0.067,100,1025.6,66.3,11.2,181.2,9
2024-02-29,25.1,13.9,18.8,11.1,62.6,0,0,1024.3,56.4,11.3,189,7
2024-03-01,27.9,13.2,19.9,11.6,62,0,0,1022.5,28.6,11,255.3,10
2024-03-02,29.7,14.2,20.5,11.8,60.4,1.012,100,1022.3,35.8,11.3,303.9,10
2024-03-03,28.2,13.7,20.9,11.4,57.5,0,0,1022,22.3,11.3,299.1,10
2024-03-04,28.8,16.1,22.1,12.7,57.5,0,0,1019.3,28.8,11.5,281.5,10
2024-03-05,31,18.1,23.9,12.3,51,1.012,100,1017.8,32.7,11.5,280.9,10
2024-03-06,33.1,15.7,24.6,10.8,44.7,0,0,1019.7,24.8,11.5,266.7,10
2024-03-07,28.9,17,23,14.5,60,0.3,100,1022.4,52.1,11.3,196.8,8
2024-03-08,31,14.7,22.9,13,57.5,0,0,1023.3,26.1,11.4,259.4,10
2024-03-09,32.4,17.1,24.4,12.7,50.2,0,0,1023.7,14.4,11.5,269.8,10
2024-03-10,31.8,17.4,22.6,14.9,65,6.408,100,1024.8,19.8,11.1,253,9
2024-03-11,30.2,16.4,23.1,11.7,52.8,0,0,1026.3,9.6,11.4,298.5,10
2024-03-12,30.6,14.3,22.3,8.8,48.2,0,0,1024.1,31.8,11.5,249.3,9
2024-03-13,32,17,23.9,8.5,41.5,0,0,1018.3,38,11.8,265.3,10
2024-03-14,32.1,16.8,24.1,6.9,37.2,0,0,1019.5,23.8,11.3,296.4,10
2024-03-15,27.9,15.8,21.3,14.4,66.7,0,0,1024.5,62.4,11.3,168.5,10
2024-03-16,32.2,16.1,23.9,12.6,55.4,0,0,1024.1,21.5,10.8,280.8,10
2024-03-17,32.8,16.3,23.9,11.4,48.1,0,0,1023.5,11.8,11.8,249.3,9
2024-03-18,27.8,16.2,21,15.4,72.6,0.337,100,1024.7,66.9,11.4,183.2,9
2024-03-19,31,16.2,22.5,12.8,58.1,0,0,1022.5,40.6,11.2,229.3,9
2024-03-20,31.3,17,23,12.8,54.7,0,0,1023.6,27.3,11.1,232.1,9
2024-03-21,24.8,16.7,20.2,15.4,74.8,2.091,100,1026.1,65.8,11.1,127.6,7
2024-03-22,25,14.7,19.1,13.8,73.5,1.011,100,1025,54.2,10.8,185.4,9
2024-03-23,25.1,13.6,18.7,13.2,72.8,0,0,1024.5,47.1,11.3,186.8,9
2024-03-24,25.3,14.6,19.5,11.6,63.4,0.067,100,1026.4,48.5,11.5,271.3,9
2024-03-25,24,14.6,18.7,12.7,69.5,0,0,1028.8,66.8,11.4,161.2,10
2024-03-26,23.7,15.5,19.1,13,69.3,0.067,100,1027.1,65.6,10.8,162.6,8
2024-03-27,26.5,13.7,19.9,12.2,64.4,0,0,1026.1,40.5,10.8,288.2,10
2024-03-28,22.9,15.1,18.2,13.2,73.3,0.1,100,1025,52.2,10,127.6,6
2024-03-29,26.8,13.1,19.4,10,59,0,0,1023.5,25.4,9.9,270.6,10
2024-03-30,24.7,15.1,19.3,12.6,67,0.5,100,1025.4,61.9,9.3,251.5,10
2024-03-31,23.9,14,18.3,11.5,66.3,0,0,1027.3,69.3,10,221.6,10
2024-04-01,24.9,14.1,18.7,11.9,65.9,0,0,1025.7,58.3,10.3,143.6,6
2024-04-02,25,13.1,19.1,10.6,61,0,0,1024.1,28.5,10.4,202.6,10
2024-04-03,24.8,14.3,18.5,12.1,68.3,6.745,100,1022.9,50.2,10.4,126,7
2024-04-04,22.9,14.4,18.2,13.8,77.2,8.769,100,1023.4,61.5,10,144.9,6
2024-04-05,23.8,15.1,18.1,14.4,80.2,0.5,100,1022.7,49.5,11.2,174.3,9
2024-04-06,24.8,13.2,18.1,13.4,76.6,0.337,100,1023,67.3,10.2,170.4,9
2024-04-07,20.3,14.1,16.6,13,80.3,0.067,100,1023.5,78.8,11.1,113.3,8
2024-04-08,17,13.2,14.8,13.2,90.2,0,0,1019.9,92,11,36,2
2024-04-09,23,11.2,16.1,9.6,70.3,4.047,100,1016,57.3,9.8,211.5,9
2024-04-10,23,8.9,14.8,5.8,58,0,0,1018.9,3.9,11.4,250.8,8
2024-04-11,21.9,8.2,15.5,5.2,53,0,0,1023.7,8,11.9,232.1,8
2024-04-12,19.7,12,14.5,10,75.4,0,0,1025.8,58.4,11.3,153.3,10
2024-04-13,20.9,9.2,14.8,8.3,68.1,0,0,1024.9,27.6,10.8,201.2,9
2024-04-14,21.9,8.6,15.3,7.3,61.1,0,0,1026,15.6,11.6,218.1,8
2024-04-15,19,11.4,15,9.4,69.7,0,0,1027.4,27.2,11.5,103.5,6
2024-04-16,20.9,10.3,14.9,9.7,72.9,0,0,1026.8,45.5,10.8,154.9,6
2024-04-17,21.5,10.1,15.2,8.5,65.9,0,0,1026.9,33.4,11.6,222.9,8
2024-04-18,22.2,9.4,15.8,8.6,64.8,0,0,1027.9,26.7,11.3,149,6
2024-04-19,25.8,10.4,17.8,6.4,51.4,0,0,1027,0,11.7,225.5,8
2024-04-20,27.8,11.2,19.3,6.7,47,0,0,1024.9,0.2,11.2,226.9,8
2024-04-21,29,11.5,20.1,5.3,42.7,0,0,1023.7,6.6,11.9,234.6,8
2024-04-22,27.8,11.9,20,6.7,44.9,0,0,1023.7,0.8,11.8,210.6,8
2024-04-23,28.9,12.9,20.9,6.1,41,0,0,1024.1,0.4,11.5,215.7,8
2024-04-24,28.9,12.2,20,7.8,47.1,0,0,1024.2,0.6,11.1,214.3,8
2024-04-25,27.9,14.1,20.7,4.5,37,0,0,1023.6,23.7,11,180,8
2024-04-26,25.7,12.4,17.9,9.1,58.6,0,0,1024.7,39.8,11.6,164.9,6
2024-04-27,21,13,16.2,10.5,71.1,6.475,100,1029.2,49.8,11.2,127.6,6
2024-04-28,21.1,10.1,15.1,8.4,66.1,0,0,1028.9,38.3,11.1,184.7,10
2024-04-29,22.8,7.7,14.6,5.5,57.9,0,0,1025.6,4.1,11.3,205.1,7
2024-04-30,25,9.7,16.6,4.2,48,0,0,1023.5,5.1,11.5,204.7,8
2024-05-01,26.8,10.2,18.1,4,43,0,0,1024,1.2,10,201.8,7
2024-05-02,27.8,11.6,19.3,4.5,41.4,0,0,1025.9,0,11.8,192.9,7
2024-05-03,25.9,10.4,17.7,5.1,46.9,0,0,1029.1,0,11.4,197.2,7
2024-05-04,23.8,9.6,15.9,5.4,52.3,0,0,1028.8,0,11.3,201.8,7
2024-05-05,25.7,8,16.2,2.4,44,0,0,1025.4,0.5,11.5,200.3,7
2024-05-06,25.9,8.8,17,1.6,40.4,0,0,1024.4,12.2,11,196.5,7
2024-05-07,25.9,8.7,16.7,1.7,39.5,0,0,1026.2,0,11.3,188.4,7
2024-05-08,27,10,17.9,3.2,41,0,0,1027.3,0,11.4,177,7
2024-05-09,25.9,10.4,17.3,3.8,43.8,0,0,1026.2,0,11.5,188.5,7
2024-05-10,25.7,9.1,16.8,3,43.4,0,0,1023.6,0,11.5,188.3,7
2024-05-11,27.7,10.6,18.6,3.5,39.1,0,0,1023.9,4.3,11.3,172.4,7
2024-05-12,26.7,10.7,18.3,5.4,45.1,0,0,1025.4,4.4,11.5,168.9,8
2024-05-13,22,12.1,16.3,9.4,65.2,0,0,1027.1,30.9,11.1,151.6,7
2024-05-14,20.8,10.6,14.9,10.2,75.3,0.2,100,1028.5,46.4,11.3,122.5,8
2024-05-15,24.1,10.1,16.5,5.7,54.2,0,0,1029.2,19,11.2,186.8,7
2024-05-16,24.9,9.4,16.6,2.3,41.4,0,0,1029.7,1.7,11.5,175.8,7
2024-05-17,26.3,12.1,18.3,1.9,36.4,0,0,1027.1,0,11.7,183.5,7
2024-05-18,24.8,10.8,17.7,1.4,35.3,0,0,1027.1,2.5,11.2,177.7,7
2024-05-19,23.9,8.3,15.8,2.5,43.9,0,0,1028.1,0,11.5,177,7
2024-05-20,24.9,8.6,16,2.8,46.2,0,0,1029.4,0,11.5,176.4,7
2024-05-21,25.9,8.5,16.4,2.1,42.3,0,0,1030.1,0.8,10.9,176.4,7
2024-05-22,23.6,8.3,14.7,5.5,56.6,0,0,1028.9,0,11.4,175.2,7
2024-05-23,21.7,6.3,13,5,61.8,0,0,1027.4,0,11.3,172.5,7
2024-05-24,23.9,6.7,14.1,1.4,48,0,0,1026.8,0,11.9,177.8,6
2024-05-25,21.9,7,13.4,2.8,51.7,0,0,1027.8,0,11.6,169,6
2024-05-26,22.8,7.4,14.2,0.9,44.3,0,0,1027.5,0,11.5,174.7,6
2024-05-27,22.9,6.6,14.1,-1.2,38.9,0,0,1029.9,2.2,11.4,167.6,6
2024-05-28,21,6.4,13.3,3.6,55.3,0,0,1030.9,14.6,11.3,164.2,6
2024-05-29,21.8,7,13.3,2.2,50.9,0,0,1027.3,0,11.1,161.8,6
2024-05-30,19.9,5.7,12.7,2.4,52.2,0,0,1023.4,0,11.2,159.3,6
2024-05-31,21.7,6,13.9,1.4,45.4,0,0,1022.5,0,11.6,165.3,6
2024-06-01,21.9,9.4,14.3,1.5,43.7,0,0,1022.1,14.1,11.5,157.3,6
2024-06-02,19.3,8.6,12.8,5.3,63.4,0.337,100,1019.4,33,11.2,88.4,8
2024-06-03,15.1,3.9,11,2.1,58.7,0,0,1016.2,29.7,11.3,131.7,6
2024-06-04,14.9,-0.7,7,-3.2,52.6,0,0,1020.5,0,11.5,172.1,6
2024-06-05,18,3.5,9.4,-2.9,46,0,0,1020.3,0,11.6,172.4,6
2024-06-06,22.3,3.6,12.4,-5.2,33.1,0,0,1019.7,0,11.3,158.8,6
2024-06-07,14.9,3.3,8.1,-0.1,57.8,0,0,1027.1,14.6,11.4,166.4,6
2024-06-08,15.7,4.8,9,1.2,59.8,0,0,1033.1,7.8,11,159.1,6
2024-06-09,15.9,3,8.3,0.3,60.4,0,0,1033.9,2.6,12,160.6,6
2024-06-10,16.9,1.2,8.6,-0.8,56.4,0,0,1033.8,0,11.5,163.4,6
2024-06-11,16,0.3,8.9,-1,53.7,0,0,1032.6,5.4,11.2,166.8,6
2024-06-12,18.6,3.1,9.5,-0.7,52.4,0,0,1030,2.9,11.5,164.6,6
2024-06-13,20.8,3.3,11.4,-0.7,47.1,0,0,1029.7,0.8,11.5,158.2,6
2024-06-14,20.7,4.8,12.1,-1,44,0,0,1029.6,0,11.2,166.4,6
2024-06-15,21.8,4.9,12.3,-1.2,43.1,0,0,1028.1,0,11.4,163.1,6
2024-06-16,19.9,4.2,11,-0.4,48.8,0,0,1028.1,0,10.7,154.1,6
2024-06-17,18.9,4.3,10.9,1.5,56.4,0,0,1026.8,0.8,11.1,146.5,6
2024-06-18,20.9,5.2,12.8,0.7,48.1,0,0,1023.4,0.2,11.6,158.2,6
2024-06-19,22,6.5,13.5,-2.6,36.2,0,0,1023.7,0,11.1,159.2,6
2024-06-20,21.8,5.4,12.8,-5.3,30.9,0,0,1028.5,0,11.2,152.8,6
2024-06-21,18.9,5.4,11.2,2.7,60,0,0,1031.3,0.1,10.6,156.7,6
2024-06-22,22,4.5,12,0.3,49.3,0,0,1030.8,0,11.4,151.3,6
2024-06-23,19.8,7.6,12.1,2.4,54.7,0,0,1033.2,0,11.4,156.5,6
2024-06-24,18.9,5.3,11.1,3.6,63.9,0,0,1033.1,3,10.9,152.2,6
2024-06-25,18.1,5.1,10.8,1.9,58.3,0,0,1031.9,18.5,12.6,156.7,7
2024-06-26,18.1,6,11.6,1.5,53.1,0,0,1032.4,7.6,10.5,147.1,6
2024-06-27,16,7,11.1,4.7,66.5,0,0,1033.9,50.7,9.3,150.1,6
2024-06-28,18,4.1,11,2.9,59.9,0,0,1030.9,29.8,11.1,134.1,6
2024-06-29,15.9,6.6,10.6,4.6,67.2,0,0,1026.2,44.1,11.1,83,6
2024-06-30,19.6,4.8,11.4,3,61.1,0,0,1024.9,26.9,11.2,135.5,6
2024-07-01,20.7,6.3,12.6,0.9,48.4,0,0,1026.6,12.1,11.4,130.5,6
2024-07-02,19.9,6.6,12.7,0.6,45.7,0,0,1026.4,7.3,11.6,150.1,6
2024-07-03,20.9,5.9,12.8,0.2,44.5,0,0,1023.1,0.6,11.3,150.8,6
2024-07-04,16.4,4.3,10.6,-4,36.8,0,0,1022.8,0,11.3,163.5,6
2024-07-05,19.5,3,9.8,-8.5,33.1,0,0,1024.3,0,11.1,170.8,6
2024-07-06,17,-0.3,7.7,-9.2,34.8,0,0,1024.3,0,11.6,176.2,6
2024-07-07,18.9,0.6,10,-12.3,23,0,0,1018.7,0.2,11.3,166.8,6
2024-07-08,10.8,1.4,6.3,-6.6,42,0,0,1018.9,4.2,11.8,169.2,6
2024-07-09,14.5,-0.5,5.3,-10.3,34.8,0,0,1024.4,0.1,11.6,169.6,6
2024-07-10,21.5,0.9,10,-10.6,25.1,0,0,1025.5,0,11.4,169,6
2024-07-11,22.8,2.7,12.3,-11.2,21.3,0,0,1025.1,0,11.5,173.3,6
2024-07-12,22.9,3,12.3,-12.2,19.1,0,0,1024.4,0,11.5,165,6
2024-07-13,22.9,4.3,13,-10.9,20.2,0,0,1025,0,10.8,168.8,6
2024-07-14,23.8,6.3,14,-8.5,22,0,0,1024.7,0,10.7,160.8,6
2024-07-15,18.9,1.4,9.9,-6.8,34.7,0,0,1025.7,0,11.5,171.1,6
2024-07-16,21.4,3.1,11.1,-7.8,28.5,0,0,1024.4,0,11.4,168.2,6
2024-07-17,23.8,4.8,12.9,-5.1,31.7,0,0,1025,0,11.3,172.1,6
2024-07-18,23.9,4.6,13.6,-4.9,31.5,0,0,1025.4,0,11.5,168.8,6
2024-07-19,22.8,5.5,13.7,-6.7,25.7,0,0,1023.2,0.2,11.5,165.6,6
2024-07-20,21.8,5.1,13,-6.2,28.5,0,0,1023,29.2,11.2,153.3,6
2024-07-21,19.8,2.4,10.5,-11.2,23.8,0,0,1024.7,12,11.4,175.2,7
2024-07-22,22.5,4.6,12.4,-2.7,36.2,0,0,1025.5,0.2,11.6,157.4,6
2024-07-23,23.8,5.7,13.9,-1.1,37.3,0,0,1027.1,0.6,11.5,160.6,6
2024-07-24,23,6.9,13.9,-10.2,21.7,0,0,1024.7,0.2,11.6,182.9,7
2024-07-25,21.7,3.5,11.6,-11,21.3,0,0,1023,0,11.3,182.2,7
2024-07-26,21.6,2.8,11.4,-2.9,38.7,0,0,1021.8,0.1,11.4,177.2,7
2024-07-27,21.7,4.6,12.9,-1.8,38.8,0,0,1021.6,4.8,11,173.2,6
2024-07-28,19.8,7.5,12.2,-12.2,17.8,0,0,1021.5,3.9,11.2,181.3,7
2024-07-29,19.5,0.2,9.2,-8.4,34.3,0,0,1022.6,0,11.4,186.8,7
2024-07-30,19.8,1.5,10.3,-5,35.6,0,0,1022.5,6.2,11.5,164.4,7
2024-07-31,19.8,5,12.4,1.6,49.2,0,0,1025.8,14.5,11.5,135.2,6
2024-08-01,15.3,9.1,12.2,6.3,67.4,0,0,1028.4,53.3,11.6,95.5,3
2024-08-02,19.8,8.2,12.8,6.3,67.3,0,0,1027.1,21.4,11.2,143.8,6
2024-08-03,22.9,6.5,14.2,3.9,55.1,0,0,1026.1,0.9,11.4,174,6
2024-08-04,22.4,8.7,15.2,2.4,44.8,0,0,1022.4,4.4,11.5,127.8,5
2024-08-05,17.9,5.5,11.9,-4.7,31.9,0,0,1024,20.1,11,190.8,7
2024-08-06,20,1.4,10.1,-1.2,48,0,0,1025.9,16.2,10.7,178.8,7
2024-08-07,20.9,3.8,12.3,-0.2,44.6,0,0,1024.8,0,11.4,192.8,7
2024-08-08,24,6.6,14.6,2.1,45.5,0,0,1023.1,0.8,11.3,166.8,6
2024-08-09,24.8,9,15.2,-4,33.3,0,0,1023.1,0,11.5,192.6,7
2024-08-10,26.7,7.7,16.4,-9.5,17.2,0,0,1024.8,0,11.5,196,7
2024-08-11,27.7,7.4,17.7,-11.4,14.2,0,0,1022.6,6.4,11.9,188.2,7
2024-08-12,21.8,9.7,14.7,-5.3,26.1,0,0,1023.8,0.1,10,199.8,7
2024-08-13,23.8,5.6,14.5,0.2,39.4,0,0,1023.4,14.3,11.5,191.8,7
2024-08-14,20.1,9.6,14.2,-5,30,0,0,1023.1,3.9,11.4,207.8,7
2024-08-15,22.9,4.7,13.3,-7.6,26.6,0,0,1028.3,4.7,11,209.5,7
2024-08-16,23.6,4.6,14.3,-6.3,26,0,0,1028.7,0,11.5,205.3,7
2024-08-17,24.6,6.6,15.1,-5.5,26.8,0,0,1027.9,0,11.4,206,7
2024-08-18,25.9,7.2,16,-5.9,23.9,0,0,1028.6,0,11.2,203.4,7
2024-08-19,26.8,7.3,16.7,-6.7,22.8,0,0,1030,0,11,197,7
2024-08-20,24.9,7.5,15.9,0.6,39.7,0,0,1030.7,0,11,200.6,7
2024-08-21,26.8,6.8,16.2,-3.6,28.8,0,0,1027.7,0,11.4,211.3,7
2024-08-22,27,8.4,17.3,-6.2,25,0,0,1026.2,0,11.5,212.7,8
2024-08-23,20.9,9,13.5,5.2,60.2,0,0,1028.9,38.5,11.3,196.5,7
2024-08-24,21.8,5.3,13,3.2,55.8,0,0,1028.2,2.9,10.4,217.4,7
2024-08-25,24.9,6.4,15.2,0.5,41.4,0,0,1026.8,0,10.7,212.3,8
2024-08-26,26.6,8.4,17.1,-2,30.7,0,0,1024.3,0,10.7,210.5,7
2024-08-27,28.4,8.4,18.2,-8.3,16.7,0,0,1021.9,0,10.7,220.5,8
2024-08-28,25.8,11.9,18.2,-10,14.6,0,0,1022.2,0,10.4,225.9,8
2024-08-29,23.9,6.7,14.8,-8.5,22.2,0,0,1025.1,11,11.2,221.7,8
2024-08-30,19.4,9,12.3,5.1,63.6,0,0,1031.1,77.6,10.5,172.5,9
2024-08-31,19,6.8,11.7,3.5,60.3,0,0,1033.1,39.5,11.5,179.5,8
2024-09-01,23.6,5.3,13.4,3.2,55,0,0,1031.7,0,11.4,217.8,8
2024-09-02,25.9,7.3,16.6,1.5,41.8,0,0,1030.5,0,10.9,217.1,8
2024-09-03,25.8,8.7,17.1,1.2,37.5,0,0,1030.4,0,11.4,222.6,8
2024-09-04,25.8,8.6,16.9,1.1,38.7,0,0,1028.3,0.1,11.6,229.9,8
2024-09-05,25.6,7.5,16.2,-3,29.9,0,0,1024.8,0.2,11.4,248.1,8
2024-09-06,27.7,9,18,-4.5,24.2,0,0,1025,0,11.6,239.4,8
2024-09-07,25.9,9.2,17.3,0.7,37,0,0,1025.8,0,11.2,235.5,8
2024-09-08,27.7,9.5,18.3,0.2,33.3,0,0,1023.1,0.4,11,234.5,8
2024-09-09,26.8,9.9,18,1.6,38.1,0,0,1023.2,36.4,10,131.9,8
2024-09-10,19.1,8.9,13.1,7.6,70.1,0,0,1026.4,71,10,110.3,6
2024-09-11,23.1,11,15.8,8.8,66,0,0,1024.6,52,10.5,170.2,8
2024-09-12,28.6,10.8,19.7,6.2,47.3,0,0,1024,16.6,10,180.8,8
2024-09-13,30.8,13,22,2.4,31.2,0,0,1024.1,31.8,10,224.6,8
2024-09-14,31.7,13.9,23.3,1.3,25.9,0,0,1022.8,31.2,10,223.8,8
2024-09-15,30.8,17,23.8,0.2,22.4,0,0,1019.7,64.3,10,211.2,7
2024-09-16,25.9,15.8,21.7,2.6,28.9,0.1,100,1019.5,81,13.5,118,4
2024-09-17,27.3,17.3,22,7.3,41.1,0.3,77.4,1015.7,49.8,24.1,256.5,9
2024-09-18,27.7,17.1,22.1,-1.8,22.7,0,51.6,1013.4,2.6,24.1,294.5,10
2024-09-19,28.2,17.3,22.3,-6.5,16,0,3.2,1011.3,26.9,24.1,301.6,10
2024-09-20,21,10,16,4.5,48.6,0.3,45.2,1017.1,65.3,24.1,206.5,9
2024-09-21,19.6,7.8,13.5,4.2,54.8,0,58.1,1021.8,42.6,24.1,288.6,9
2024-09-22,20.3,10.6,15,6.5,58.4,0.8,87.1,1022.3,62.7,23.3,252.8,9
2024-09-23,17.4,11.3,13.9,7.1,64.2,0,87.1,1025.3,65.8,24.1,157.9,6
2024-09-24,23.8,10.9,17.4,6,50,0,19.4,1021.1,22.1,24.1,290.9,9
2024-09-25,26.8,17,21.9,5.8,36.5,0.6,19.4,1016.6,61.7,24.1,229.1,8
2024-09-26,27.5,18.3,22.6,6.1,36,0.8,25.8,1015.3,64.1,24.1,243.5,8
2024-09-27,27.5,18,22.4,7.2,38.3,0.4,25.8,1016,55.7,24.1,227.1,7
2024-09-28,31.1,19.9,25.4,4.6,29.1,0.1,25.8,1015.6,69,24.1,289.6,9
2024-09-29,31.9,21.7,26.7,1.2,19.9,0,25.8,1012.9,63.8,24.1,298,10
2024-09-30,29.6,17.1,24.5,3.5,27.2,0.4,22.6,1011.6,38.9,23.4,280.9,10
