id,field_id,year,stage,pet,cloud_cover,maximum_temperature,minimum_temperature,vapour_pressure,diurnal_temperature_range,mean_temperature,precipitation,rain_days,ground_frost_frequency,gdd,hdd,cumulative_precipitation,soil_moisture_index,soil_temperature_index,uv_index,yield
6664355f-9c5c-444f-8a01-30fdd34b1cc6,14420bc8-48e3-47bc-ab83-1a6498380588,2024,heading,0.756828871672951,5.54545454545455,24.4378787878788,11.5572727272727,-3.46121212121212,12.8806060606061,17.9975757575758,0.0560606060606061,1,0,7.99757575757576,0.243636363636364,1.85,0.255649256578053,20.573696969697,7.96575757575757,
622365a0-fc3f-487c-9315-8bf831ccf962,14420bc8-48e3-47bc-ab83-1a6498380588,2024,tillering,0.828115203771729,3.28571428571429,24.0042857142857,11.8914285714286,-8.94285714285714,12.1128571428571,17.9478571428571,0,0,0,7.94785714285714,0,0,0.212608838432943,20.3704285714286,7.08571428571428,
7d5dd757-74fc-4daf-a1cf-ad1b256105c7,6a14a6f6-226a-4319-b607-4febac4510fc,2024,heading,0.752485353935449,5.15151515151515,25.5366666666667,10.3748484848485,-3.14636363636364,15.1618181818182,17.9557575757576,0.0518181818181818,1,0,7.95575757575758,0.481212121212121,1.71,0.235018081746997,20.9881212121212,8.01212121212121,
d71285ce-0af9-49e8-9d02-78fb50a8615f,6a14a6f6-226a-4319-b607-4febac4510fc,2024,tillering,0.804204548710446,3.5,25.3,10.5325,-7.16875,14.7675,17.91625,0,0,0,7.91625,0.1425,0,0.182323098103067,20.86975,7.205,
33b2cb78-fc0e-4abf-a161-aa7f0bc52afe,86f73aff-e363-4df1-a604-2a44d6ef13b7,2024,heading,0.716023145861217,6.125,24.22875,12.0941666666667,-0.854583333333334,12.1345833333333,18.1614583333333,0.0795833333333333,1,0,8.16145833333333,0.225416666666667,1.91,0.304644434765046,20.588375,8.32625,
3cf65dd8-c2f1-4709-b5ed-ca95c6835d19,86f73aff-e363-4df1-a604-2a44d6ef13b7,2024,tillering,0.715819278526736,0.625,23.9,12.19,-0.7975,11.71,18.045,0,0,0,8.045,0.16625,0,0.200573150126535,20.387,8.20375,
42561edc-7a95-4826-9b95-0ef4db6591d8,9383ffd2-4e11-4053-9730-7439053a5a99,2024,heading,0.758019729717109,5.17241379310345,24.7965517241379,12.6586206896552,-2.37586206896552,12.1379310344828,18.7275862068966,0.0679310344827586,0,0,8.72758620689655,0.0824137931034483,1.97,0.28747228252571,21.1551724137931,8.12310344827586,
7e81b875-d104-4f51-ae79-578afbe0ea22,9383ffd2-4e11-4053-9730-7439053a5a99,2024,tillering,0.833528956951047,0.625,24.90875,13.81375,-4.775,11.095,19.36125,0,0,0,9.36125,0.00625000000000009,0,0.164531774402925,21.58025,7.395,
c835f1fc-13c6-4196-befa-0f52a5f18d75,,1942,germination,0.0888888888888889,20.2,19.75,3.65,8.05,16.1,11.7,28.1,4.6,0,3.4,12.7,62.1,0.0610205102040816,14.92,0.797029702970297,
fc369ed5-2ad6-48cf-a652-90314f3b60ca,,1985,germination,0.1,20.5,20.1,3.85,8.1,16.2,11.95,26.2,4.8,0,3.9,12.3,40.3,0.0570818367346939,15.19,0.792682926829268,
bae7d014-592a-49b7-9822-a9bd5361422a,,1929,germination,0.0666666666666667,23.55,18.95,3.6,7.9,15.35,11.25,57.1,8.7,0,2.5,12.8,77.9,0.120326326530612,14.32,0.651804670912951,
5ce42d24-6c54-4a31-8d3d-548bee544b8c,,2012,germination,0.0444444444444444,26.5,19.8,4.6,8.7,15.2,12.2,26.7,4,0,2.2,5.4,33.3,0.112857664399093,15.24,0.573584905660377,
c46ffa7a-83e8-4d96-82ea-2c77e26060e3,,1918,germination,0.0666666666666667,22.75,18.6,3.05,7.55,15.5,10.8,39.1,6.9,0,1.6,13.9,63.8,0.083599081632653,13.9,0.683516483516484,
1408a3e8-e77f-4702-ac35-5037a921a788,,1943,germination,0.0555555555555556,23.3,18.55,3.1,7.7,15.5,10.75,35.3,5.6,0,1.5,13.8,68.4,0.0758950793650794,13.85,0.663090128755365,
3ed76c9d-e5ae-43a8-9911-b81a9acc24b1,,2017,germination,0.122222222222222,18.6,21.45,4.55,8.6,16.95,13,15.6,4.2,0,6,10.9,30.1,0.0352887528344671,16.39,0.908602150537634,
aa0fa03d-1255-401e-89ba-8ab0919fe7ed,,2003,germination,0.1,19.35,19.85,3.55,7.85,16.3,11.7,18.5,4.9,0,3.4,12.9,38.3,0.041373843537415,14.96,0.842377260981912,
e45bc897-23c1-48be-9cc4-f22ef5cda44c,,1958,germination,0.0888888888888889,18.1,19.85,3.25,7.85,16.55,11.55,11.6,2.7,0,3.1,13.5,48.2,0.027340283446712,14.86,0.917127071823204,
546a502e-aadf-45a2-9d6a-f243274f2f80,,1923,germination,0.0666666666666667,22.3,18.85,3.2,7.65,15.65,11.05,42.9,7.4,0,2.1,13.6,69.4,0.0913480385487528,14.18,0.701793721973094,
da415554-26cb-4331-b926-6c1b5eab5c18,,1944,germination,0.0222222222222222,27.7,18,3.7,8.1,14.3,10.8,33,4.6,0,0.800000000000001,6.3,60.5,0.138694081632653,13.66,0.516245487364621,
64bf14e3-ab95-477a-9ad8-7d441e83ff48,,1957,germination,0.0555555555555556,26.1,18.75,3.95,8.2,14.8,11.3,51.8,8,0,2.6,12.1,74.8,0.109548253968254,14.26,0.567049808429119,
80e32075-9191-4f1a-b87f-2ada8cd650fb,,1991,germination,0.0666666666666666,24.7,19.05,4.2,8.35,14.85,11.6,39.5,6.7,0,3.2,11.6,52,0.0843952721088435,14.57,0.601214574898785,
f9882f88-e3de-4e1d-9d2f-5a916fa69a78,,1956,germination,0.0444444444444444,22,19.3,3.6,8.1,15.6,11.4,12.6,2.3,0,1.4,6.4,50.5,0.0553199319727891,14.52,0.713636363636364,
423ebade-bf65-4da8-bc1b-ddef096c6833,,1945,germination,0.0666666666666667,20.6,19.1,3.05,7.7,16,11.05,30.8,5.5,0,2.1,13.9,56.7,0.0666524489795918,14.25,0.779126213592233,
be9447cb-6208-4d2e-9b28-4be02a27fdf3,,2001,germination,0.0666666666666667,21.75,19.55,4.3,8.35,15.25,11.9,32.1,6.4,0,3.8,11.4,55,0.0692850680272109,14.95,0.701149425287356,
a2370fd6-32ef-430c-b6b4-ff7ac6152a08,,2004,germination,0.0666666666666667,24.3,20.2,5.2,8.9,15,12.7,10.9,2.6,0,2.7,4.8,19.5,0.0482440136054422,15.7,0.617283950617284,
f4871e46-9c2a-416c-b8d7-6b5751f5a7d7,,2013,germination,0.0888888888888889,19.5,20.4,4.75,8.65,15.6,12.55,24,5.7,0,5.1,10.5,34.7,0.0526230952380952,15.67,0.802564102564102,
c5c7d321-53aa-40ea-bbdd-4f73f162ca65,,2007,germination,0.0888888888888889,20.3,20.05,4.1,8.25,15.95,12.1,36.2,5.8,0,4.2,11.8,52.6,0.0775397392290249,15.29,0.785714285714286,
511a9137-b693-4383-817a-ca6b0d0828e8,,1946,germination,0.0777777777777778,18.65,19.6,3.1,7.8,16.5,11.35,15.5,3.8,0,2.7,13.8,41.8,0.0353678458049887,14.65,0.884718498659517,
06a3aa33-58ea-4595-a735-9efc22b358c9,,2016,germination,0.0888888888888889,25.8,21.3,5.6,9,15.7,13.5,10.9,2.7,0,3.5,4.4,38.1,0.0481,16.64,0.608527131782946,
2da0513b-0240-461a-b1fa-f24ff136b573,,1973,germination,0.0777777777777778,21.55,20.05,4.3,8.5,15.8,12.2,21.5,4.6,0,4.4,11.4,32.2,0.0475910430839002,15.36,0.730858468677494,
20c20eb2-3ba3-4344-9a30-c04044ca8c6a,,1955,germination,0.0555555555555556,25.5,18.55,3.75,8.05,14.85,11.15,38.7,7.1,0,2.3,12.5,58.5,0.0828254988662131,14.12,0.580392156862745,
62e3e234-ba9c-4a88-ba7c-54662b74ad8a,,1947,germination,0.0555555555555556,24,18.3,3.05,7.75,15.25,10.65,37.8,6.1,0,1.4,13.9,57.1,0.0810022108843537,13.7,0.635416666666667,
28cd8295-56aa-4e94-95e0-b5f8db5a6ca5,,1954,germination,0.0666666666666667,20.7,18.5,2.55,7.4,15.95,10.5,29.1,5.2,0,1.1,14.9,72.6,0.0632042176870748,13.69,0.770531400966183,
324c1e0c-39c5-421e-a458-3377129bb2e1,,1992,germination,0.0666666666666667,20.8,19.8,4,8.5,15.8,11.9,14.4,2.7,0,1.9,6,20.8,0.0625506802721088,15.06,0.759615384615385,
59d03ec1-37e6-4315-9cc3-bd6a48e4dc2c,,1925,germination,0.0666666666666667,22.15,18.5,2.8,7.45,15.7,10.6,49.2,8,0,1.2,14.4,86.2,0.104214750566893,13.74,0.708803611738149,
0ff8e0e1-6bdd-4b31-91de-4e4bb1d7dc0d,,1919,germination,0.0666666666666667,23.5,19,3.6,7.95,15.4,11.3,18.4,4,0,2.6,12.8,28.9,0.0413441156462585,14.38,0.65531914893617,
6ecf0c31-53c7-443d-8acf-3f683e7803e4,,1948,germination,0.0888888888888889,16.2,20.2,3.1,7.8,17.1,11.7,5.5,1.5,0,1.7,6.9,19,0.0261220408163265,15.12,1.05555555555556,
6ca0e5b5-ca90-4fe0-905b-f1156a8a5f34,,1920,germination,0.0444444444444444,22.6,18.3,2.7,7.4,15.6,10.5,16.1,2.8,0,0.5,7.3,36,0.0696205442176871,13.62,0.690265486725664,
88d79bdd-5b2d-4ce2-b611-69e5fb29e9a8,,2005,germination,0.111111111111111,17.65,21.2,4.65,8.45,16.55,12.9,15.5,3.8,0,5.8,10.7,35.1,0.0351410544217687,16.21,0.937677053824363,
de0ae2ff-e92d-4543-95ac-937da2b17efd,,1953,germination,0.0666666666666667,19.3,18.8,2.45,7.35,16.3,10.55,25.5,4.8,0,1.1,15.1,39.8,0.0558517346938776,13.81,0.847150259067358,
09c21e32-2195-45cd-a318-9852242d6d68,,1924,germination,0.0444444444444444,23.5,18.5,3.1,7.7,15.3,10.8,9.5,1.9,0,0.800000000000001,6.9,27.2,0.0426769387755102,13.86,0.65531914893617,
0c634e01-e2a2-4284-ac79-664bf41b0c1c,,1949,germination,0.0888888888888889,18.6,20.4,3.9,8.3,16.5,12.1,19.8,4.7,0,4.2,12.2,39.7,0.0440731746031746,15.4,0.887096774193548,
2370eaf9-50d0-472a-ac1e-e75743055afd,,2015,germination,0.0666666666666667,26.95,19.7,4.85,8.65,14.85,12.25,51.6,8.7,0,4.5,10.3,60.5,0.109071621315193,15.22,0.551020408163265,
ecb5c34a-95db-4141-b216-e32a4be61a2f,,1972,germination,0.0444444444444444,23.9,18.9,3.6,7.9,15.3,11.3,12.2,2.7,0,1.3,6.4,35.9,0.0536886848072562,14.36,0.640167364016736,
e8ef2a78-86cf-4acf-840c-81e42670789a,,1950,germination,0.0777777777777778,23.55,19.65,4.3,8.45,15.35,11.95,29.7,5.3,0,3.9,11.4,74.4,0.0643347052154195,15.02,0.651804670912951,
dbcab81b-11aa-4ee1-91f5-afcb49532acc,,2014,germination,0.0888888888888889,18.75,20.15,3.75,8.15,16.4,11.95,23,4.6,0,3.9,12.5,41.6,0.0506039342403628,15.23,0.874666666666667,
9a1469bb-b32a-4d88-a110-7fa5cadd9065,,1981,germination,0.0666666666666667,22,19.15,3.3,7.8,15.9,11.2,26.8,4.9,0,2.4,13.4,59.9,0.0584839455782313,14.38,0.720454545454545,
b8d0abd5-dadf-4388-982a-562715c1d1b2,,1952,germination,0.0666666666666667,22.8,20.1,4.6,8.7,15.5,12.4,14.5,3,0,2.4,5.4,33,0.0629456462585034,15.5,0.679824561403509,
d2e9f2dc-e91e-4277-9ecc-6bb4b471a9c8,,1993,germination,0.0777777777777778,23.65,20.2,4.95,8.6,15.2,12.55,27.2,4.9,0,5.1,10.1,44.4,0.0592021315192744,15.59,0.644820295983087,
fe7fe342-6cfd-46d1-bb36-e7be0b1c45a5,,1951,germination,0.0666666666666667,19.35,18.65,2.35,7.4,16.25,10.55,34.3,6.2,0,1.1,15.3,61.1,0.0738128344671202,13.8,0.842377260981912,
83580843-5433-40ec-b66e-e918dc32894b,,1986,germination,0.0777777777777778,24.85,19.7,4.5,8.3,15.2,12.05,33.4,6.2,0,4.1,11,37.2,0.0718826984126984,15.09,0.611670020120724,
17f54457-f0ce-43c7-951e-2ea11006723b,,1979,germination,0.0555555555555556,27.35,18.7,4.15,8.3,14.5,11.4,44.7,7.3,0,2.8,11.7,72.8,0.0950668253968254,14.3,0.53199268738574,
5706ea6c-0908-4f7f-b643-b1c0c22204d0,,1971,germination,0.0555555555555556,27.25,18.85,4.35,8.3,14.55,11.6,42.7,7.3,0,3.2,11.3,80.4,0.0909792970521542,14.51,0.532110091743119,
c1850ddd-aba5-4426-b866-8624c5269b48,,1933,germination,0.0666666666666667,22.5,19.05,3.4,7.85,15.6,11.2,30.1,5.6,0,2.4,13.2,39.1,0.0652196485260771,14.32,0.695555555555555,
cbb1e42b-a2bc-4f02-b52e-cfba3e8b9077,,1994,germination,0.0555555555555556,19.8,18.55,2.8,7.65,15.75,10.7,34.9,5.8,0,1.4,14.4,40.6,0.0750818253968254,13.85,0.795454545454545,
cbde1ce3-5445-43d9-9be6-e24ae5f81297,,2000,germination,0.0666666666666667,23.3,20.3,4.9,8.7,15.4,12.5,10.4,2.6,0,2.5,5.1,32.5,0.046208231292517,15.58,0.660944206008584,
96099f1b-c028-4d6b-bcf3-7571092da0ce,,1931,germination,0.0555555555555556,24.1,18.6,3.4,7.8,15.25,11,43.8,6.7,0,2,13.2,49.1,0.0932376870748299,14.05,0.630705394190871,
c47d947e-4bd9-42f9-845e-6ad2d4d1bbe5,,2008,germination,0.0444444444444444,28.1,20.2,5.4,9.1,14.8,12.8,22,4.7,0,2.8,4.6,48.4,0.0936639229024943,15.76,0.526690391459075,
f99bb257-8338-42e9-940d-8f751c418c87,,1930,germination,0.0666666666666667,23.3,18.85,3.45,7.85,15.4,11.15,22.1,4.7,0,2.3,13.1,35.3,0.0488958390022676,14.23,0.660944206008584,
2bec8bac-4656-40da-b67a-6860c969eb82,,1995,germination,0.0666666666666667,20.05,18.95,3.6,8.05,15.45,11.25,21.6,3.7,0,2.5,12.8,50.5,0.0478758390022676,14.34,0.765586034912718,
8022cd11-5318-4129-9e80-dc9514d544b4,,1970,germination,0.0444444444444444,25.9,18.6,3.85,8.25,14.8,11.15,39.8,7.3,0,2.3,12.3,63,0.0851229591836735,14.11,0.56949806949807,
57a0d858-6780-4ed0-933f-45b0de105b7e,,1978,germination,0.0888888888888889,19.5,20,3.25,7.8,16.7,11.6,14.9,3.3,0,3.2,13.5,23.6,0.0340785034013605,14.94,0.858974358974359,
f2689063-1a67-4d47-b255-be384bd9325e,,2022,germination,0.111111111111111,23.35,21,4.95,8.75,16,12.95,37.2,6.8,0,5.9,10.1,68.2,0.0794301020408163,16.15,0.687366167023555,
efa7982f-815f-48d4-9c19-9aae52440a3d,,1987,germination,0.0666666666666667,20.2,19.25,3.8,8,15.45,11.5,30.4,5.4,0,3,12.4,42.2,0.0658267573696145,14.59,0.764851485148515,
91157230-8e4e-477c-8ea5-d99ef9fbc412,,1996,germination,0.0444444444444444,20.8,19.9,4.5,8.7,15.4,12.2,7.9,1.5,0,2.2,5.5,30.9,0.036122970521542,15.28,0.740384615384615,
c7d7ca87-bbf7-4454-95b2-6ae17d10f157,,1984,germination,0.0444444444444444,25,19.5,4.5,8.5,15.1,12,16.1,3.1,0,2,5.5,40.2,0.0695955782312925,15.02,0.6,
a5c46a77-6f48-4217-b987-76cf2bf5e96c,,1983,germination,0.0666666666666667,28.05,19.45,4.85,8.75,14.55,12.1,59,8.8,0,4.2,10.3,90.9,0.124180215419501,15.01,0.520499108734403,
b3683093-5d96-444b-baf4-049c04a5b368,,1969,germination,0.0666666666666666,24.25,19.45,4.2,8.4,15.2,11.8,17.1,4,0,3.6,11.6,49.1,0.0386720181405896,14.84,0.628865979381443,
ca60ce38-898c-4246-a886-1a63e76447dd,,1928,germination,0.0444444444444444,23.7,19,3.7,8,15.3,11.3,9.8,1.9,0,1.3,6.3,16.8,0.0438929705215419,14.36,0.645569620253165,
e2680df8-c961-4011-beeb-e97ba4553e4c,,1997,germination,0.0555555555555556,25.3,18.85,4.4,8.4,14.45,11.55,45.7,7.6,0,3.1,11.2,87.2,0.0971001360544218,14.44,0.571146245059289,
557ffe57-3f84-4f62-bd1d-4884064fc3fd,,1999,germination,0.0888888888888889,22.25,20.65,5.15,8.8,15.5,12.85,21.2,4.4,0,5.7,9.7,50.9,0.046898231292517,15.95,0.696629213483146,
12cf0f41-183e-4049-84de-9845adbb8dfd,,1968,germination,0,28.9,16.3,2.2,7.2,14.1,9.3,18.1,2.9,0,0,7.8,52.4,0.0779738775510204,12.12,0.487889273356401,
379391f6-c4fd-47ed-a6ee-18f1f019129b,,1921,germination,0.0555555555555556,22.7,18.15,2.6,7.35,15.55,10.35,34.4,5.3,0,1.1,14.8,58.6,0.0740694217687075,13.46,0.685022026431718,
b87f49b0-bc7a-401c-98a4-7c828962cc21,,1998,germination,0.0888888888888889,19.4,20.55,4.3,8.4,16.2,12.4,14.9,3.7,0,4.8,11.4,34,0.034057052154195,15.64,0.837628865979381,
f9434ed5-41ac-4225-9ace-f4d87e2582d2,,1977,germination,0.0888888888888889,18.15,19.9,3.15,7.75,16.65,11.5,23.8,4.1,0,3,13.7,60,0.0522543650793651,14.83,0.922865013774105,
05d6bba9-197b-48eb-9fdd-514fce3453b0,,1934,germination,0.0666666666666667,24.45,19.55,4.45,8.55,15.1,12,35.5,5.9,0,4,11.1,64.3,0.076229693877551,15.02,0.61758691206544,
61ec85cc-903b-49ec-88f2-10ce8f7730e1,,2020,germination,0.0666666666666667,21.7,20.7,5.3,9.1,15.4,13,12.1,2.3,0,3,4.7,21.7,0.0531342176870748,16.08,0.709677419354839,
2bf587de-57df-461a-8b04-713c17bc1a70,,1988,germination,0.0222222222222222,25.2,18.5,3.9,8.2,14.5,11.2,19.6,3.9,0,1.2,6.1,37.2,0.0839967800453515,14.1,0.579365079365079,
0a2c6e20-de9c-4f71-8432-5aaf89262951,,2009,germination,0.0555555555555556,27.5,19.65,5.15,8.95,14.45,12.35,41.4,8.2,0,4.7,9.7,59,0.0883171315192744,15.24,0.527272727272727,
d01412c6-97f1-4ca3-8904-22d45df582c5,,1935,germination,0.0555555555555556,23.3,18.7,3.3,7.75,15.4,11,30.4,5.6,0,2,13.4,79.2,0.0658861111111111,14.08,0.660944206008584,
2fd72682-be7f-423e-958e-04cb32621623,,1967,germination,0.0333333333333333,26.95,17.75,3.2,7.85,14.55,10.45,33.3,5.9,0,1,13.6,75.8,0.0719221428571429,13.36,0.539888682745826,
8718b65a-9f0f-4502-97c0-bce329a431ed,,2002,germination,0.0555555555555556,23.9,18.65,3.55,7.95,15.15,11.05,37.3,6.6,0,2.1,12.9,70.5,0.0799717800453515,14.08,0.631799163179916,
9eb55ba1-7696-453e-819c-a390f0b3cd1b,,1966,germination,0.0666666666666667,22.9,19.6,4.15,8.55,15.45,11.85,21.7,4.7,0,3.7,11.7,39.8,0.0480682426303855,14.94,0.67467248908297,
ed326947-cb84-4a39-9219-937ff8357843,,1982,germination,0.0555555555555556,25.6,19.2,4.15,8.25,15.1,11.7,41,7.4,0,3.4,11.7,48.3,0.0875066326530612,14.72,0.587890625,
f29d9a9a-e801-46fe-9956-e2e498df1f88,,1936,germination,0.0444444444444444,24.3,19.9,4.7,8.7,15.1,12.3,5.4,1.5,0,2.3,5.3,51.6,0.025917074829932,15.32,0.625514403292181,
5e38adbe-d18b-41b0-ab91-006aa0521bda,,2006,germination,0.1,19.7,20.75,4.5,8.45,16.25,12.6,19.1,4.7,0,5.2,11,56.1,0.042561462585034,15.85,0.8248730964467,
ca47960f-782f-4aac-97b9-527a748375b2,,1932,germination,0.0444444444444444,24.6,19.1,4,8.3,15.1,11.6,14.3,3,0,1.6,6,45,0.0622554875283447,14.62,0.613821138211382,
119dec72-4f61-437a-9457-cf388b45d5d0,,1965,germination,0.0555555555555556,24.05,18.25,3,7.6,15.25,10.6,38.9,6.6,0,1.5,14,55.5,0.0832322902494331,13.65,0.634095634095634,
272fb7fc-65ab-4638-9a2e-9f5b6dcfcca2,,2010,germination,0.1,21.95,20.6,4.55,8.35,16.1,12.55,24.5,5,0,5.1,10.9,46.9,0.0535789455782313,15.77,0.73120728929385,
728572ae-bd53-4c31-8414-17eb34ee50d6,,1937,germination,0.0666666666666667,22.55,18.85,3.3,7.75,15.6,11.1,29.2,5,0,2.2,13.4,39.5,0.063390873015873,14.22,0.689578713968958,
8b3b6ca0-9978-4314-ac55-6095a0e3e731,,2019,germination,0.133333333333333,16.45,22.05,4.9,8.65,17.2,13.45,20,4.2,0,6.9,10.2,32.9,0.0441831859410431,16.89,1.04255319148936,
7ff50645-2145-40f6-b37e-318cb43431a3,,1989,germination,0.0555555555555556,22.3,19,3.75,8.4,15.25,11.35,34.4,6.7,0,2.7,12.5,51.3,0.0740475283446712,14.4,0.683856502242153,
66cc4a29-10a9-4e36-9742-176413227276,,1964,germination,0.0222222222222222,26.3,17.5,2.8,7.4,14.7,10.1,34.4,4.9,0,0.0999999999999996,7.2,41.7,0.144413287981859,13.04,0.55893536121673,
2ae0aaf2-433d-4c0c-9f33-8a43dad8df3c,,1927,germination,0.0666666666666667,23.3,19.2,3.75,8.05,15.45,11.45,24.6,4.8,0,2.9,12.5,37,0.0539901247165533,14.54,0.663090128755365,
71992ef1-cf01-4d53-866f-b0d6eba12e84,,1938,germination,0.0666666666666667,24.1,19.5,4.25,8.4,15.2,11.85,39.3,7.5,0,3.7,11.5,53.5,0.083981768707483,14.89,0.632780082987552,
3657a2cb-27b2-4d55-8ef7-654e28b9d3b7,,1963,germination,0.0333333333333333,29.55,17.95,3.9,8.1,14,10.9,60.6,9.5,0,1.8,12.2,79.6,0.127625600907029,13.7,0.475465313028765,
ab28b20c-30d6-48dd-a294-fd57c9603fe9,,1976,germination,0.0222222222222222,28.1,18.4,4.1,8.4,14.3,11.2,18.9,2.9,0,1.2,5.9,56.2,0.0811400453514739,14.06,0.508896797153025,
af2f7cef-41e5-4f9c-892b-eca33ddc9c77,,1962,germination,0.0888888888888889,19.6,19.85,3.65,7.95,16.15,11.75,25.5,4.4,0,3.5,12.7,33.1,0.0557119160997732,14.98,0.826530612244898,
4b028334-af3f-444e-96bf-1da54d1e60c0,,1922,germination,0.0666666666666667,23.35,18.9,3.5,7.85,15.4,11.2,35.4,5.4,0,2.4,13,65,0.0760350680272109,14.28,0.659528907922912,
29dc6584-edc1-4073-ad90-afe7db4d9cde,,1939,germination,0.0666666666666667,24.3,19.1,3.9,8.15,15.2,11.45,39.3,7.1,0,2.9,12.2,67.9,0.0839939569160998,14.49,0.625514403292181,
e30b056a-ea99-44f2-83ba-a3379a059c10,,1980,germination,0.0666666666666667,22,19.4,3.6,7.9,15.8,11.5,11,2.2,0,1.5,6.4,21.8,0.0486827891156463,14.66,0.718181818181818,
9ddeeddd-9a71-4823-8ac3-4e6627f89baf,,1975,germination,0.0777777777777778,22.85,19.5,3.75,8,15.7,11.6,32.6,6.7,0,3.2,12.5,57.5,0.0702625850340136,14.74,0.689277899343545,
9079920e-217c-4fc3-94e1-9bb844af8257,,2011,germination,0.0666666666666667,23.6,19.15,3.55,8,15.55,11.35,57.5,8,0,2.7,12.9,102.1,0.121138321995465,14.46,0.661016949152542,
4cb46247-4bf2-4e7a-b77b-3b38174e57e4,,1940,germination,0.0666666666666667,21.3,19.8,3.9,8.3,15.9,11.9,25.8,3.9,0,1.9,6.1,56.1,0.109080884353741,15.08,0.746478873239437,
077f9623-25d4-4b34-a5ba-3e859b35e1be,,1974,germination,0.0666666666666667,24.45,19.25,3.85,8.15,15.4,11.5,29.6,5,0,3,12.3,64.9,0.0641953174603175,14.58,0.629856850715746,
1fba7a29-6123-41e8-91fb-76f94a02a003,,2018,germination,0.111111111111111,21.65,21.1,5.3,8.85,15.85,13.15,17,4.5,0,6.3,9.4,37.2,0.0381976530612245,16.32,0.729792147806005,
13ee9a40-274a-4ad1-b8b2-9c5efccd3dd8,,1961,germination,0.0333333333333333,30.95,19.2,5.5,9.25,13.7,12.3,53.8,8.7,0,4.6,9,89.3,0.113729081632653,15.04,0.44264943457189,
26c7417d-1ecd-453c-92d8-4beac877d227,,1990,germination,0.0666666666666667,22.4,19.25,3.7,8.35,15.55,11.45,29.5,5.8,0,2.9,12.6,41.7,0.0639898299319728,14.56,0.694196428571429,
93ba0b28-8a90-478a-b3e8-5d3e955a1031,,1941,germination,0.0777777777777778,20.6,19.85,3.85,8.15,16,11.85,29.5,5.5,0,3.7,12.3,44.3,0.0639254761904762,15.05,0.776699029126214,
315fca2e-4e20-4693-8698-63f1ff89cd67,,1960,germination,0.0444444444444444,23.3,19.1,3.7,8.2,15.3,11.4,12.7,2.7,0,1.4,6.3,33.8,0.0557282993197279,14.46,0.660944206008584,
0b6aeabd-5778-404a-91dd-e5b72dec2225,,2021,germination,0.1,20.9,20.7,4.25,8.35,16.4,12.45,23.9,4.9,0,4.9,11.5,35.9,0.0523721428571429,15.73,0.787081339712919,
e115e2fd-314b-4a1c-9ce6-0bd329304ec7,,1959,germination,0.0777777777777778,23.15,19.95,4.4,8.5,15.5,12.15,29.6,5.6,0,4.3,11.2,85.2,0.0641221088435374,15.25,0.67170626349892,
05fd9476-cd57-4087-bc22-b31da2064774,,1926,germination,0.0444444444444444,23.8,18.15,2.9,7.5,15.3,10.45,31.1,5.9,0,1.1,14.2,55.8,0.0673826530612245,13.51,0.640756302521008,
c7682801-bfde-424c-8bed-4fe031ea6d88,,2009,heading,0.6,35.65,25.9,10.75,11.3,15.1,18.3,69,12.4,0,16.6,1.2,142.4,0.140401292517007,21.32,0.424964936886395,
c673f33c-0b74-4944-980a-20d60164e2a3,,1920,heading,0.544444444444444,37.25,23.95,9,9.95,14.95,16.45,78.6,11.7,0,12.9,2.4,143.9,0.160818038548753,19.44,0.401342281879195,
a4562846-c050-49b4-afe5-d859ce9ecff5,,1983,heading,0.566666666666667,39.35,25.2,10.65,11.05,14.55,17.9,63.2,11.1,0,15.8,0.800000000000001,165.9,0.128920963718821,20.81,0.369758576874206,
3a85c582-2733-4642-9852-e26982acd235,,2003,heading,0.6,35.95,25.5,10.45,11.05,15.05,17.95,63.9,10.7,0,15.9,1.4,121.1,0.130037063492063,20.96,0.418636995827538,
d7e87a2f-d3b4-48c3-aa81-dba4e94b7eb6,,1984,heading,0.555555555555556,39.85,25.3,10.55,11.35,14.7,17.9,76.2,11.1,0,15.8,0.9,156.1,0.155528832199546,20.84,0.370138017565872,
16fd7223-e69c-4a53-92c6-f5fd83e78b00,,1985,heading,0.566666666666667,40.9,25.55,11.2,11.45,14.35,18.35,97.1,13.1,0,16.7,0.699999999999999,143.6,0.197956700680272,21.22,0.350855745721271,
a97b3bd6-6c84-49ff-9a84-230e926688b7,,1931,heading,0.555555555555556,36.35,24.45,9.3,10.2,15.15,16.85,53.6,9.5,0,13.7,2.1,113.7,0.109627619047619,19.88,0.416781292984869,
e00cf5d7-d548-4c6c-86b5-31ac4ef211f1,,1986,heading,0.544444444444445,41.7,24.75,10.6,11,14.15,17.65,84.3,12.4,0,15.3,0.800000000000001,150.1,0.172198866213152,20.48,0.339328537170264,
01eb17ba-5599-4299-81be-55443d272037,,2002,heading,0.611111111111111,33.1,25.7,10.25,10.9,15.5,17.95,49.9,10.7,0,15.9,1,154.6,0.101395941043084,21.05,0.466767371601208,
e8b64c29-8000-4221-9c2f-a3d2fd263dc5,,1987,heading,0.511111111111111,42.05,23.75,10.5,11.05,13.25,17.1,121.2,14.4,0,14.2,0.699999999999999,190.9,0.247802142857143,19.75,0.315101070154578,
569eff8b-d4f0-4709-911d-8c688921db64,,1988,heading,0.533333333333333,36.35,23.95,9.65,10.55,14.35,16.75,99,14,0,13.5,1.5,163.6,0.202474591836735,19.62,0.393397524071527,
89b65467-96d7-4027-914e-11ae6722e2ff,,1989,heading,0.566666666666667,34.5,24.6,9.05,10.3,15.6,16.8,59.8,9.2,0,13.6,2.2,121.5,0.122226009070295,19.92,0.450724637681159,
89124a21-0df5-4ca1-9eec-5d0bfa3458d2,,2001,heading,0.555555555555556,37.65,24.75,10.5,11.2,14.25,17.65,91.6,13.5,0,15.3,1.8,170.5,0.186943492063492,20.5,0.378486055776892,
beb85230-5098-48c1-84ba-cfb9c8627505,,1990,heading,0.588888888888889,32.8,25.5,9.9,10.75,15.6,17.65,36,6.9,0,15.3,1.5,91.7,0.0732940476190476,20.77,0.475609756097561,
8193b366-ecfd-46e4-bcc2-a5a32e62534e,,1932,heading,0.566666666666667,36.45,24.9,9.85,10.7,15.05,17.35,71.8,11.8,0,14.7,1.7,134.1,0.146566054421769,20.36,0.412894375857339,
d2cef9aa-32df-4714-8b5d-3fde793d0dc4,,1991,heading,0.522222222222222,42.45,24.55,10.75,11.4,13.85,17.65,102.3,14.8,0,15.3,0.9,160.8,0.209078594104308,20.42,0.325088339222615,
404e2691-9d93-4812-957f-5822718eec49,,1992,heading,0.588888888888889,37.25,25.95,10.7,11.3,15.25,18.3,49.3,9.6,0,16.6,0.300000000000001,106.3,0.100296077097506,21.35,0.409395973154362,
b5c3a72d-9bd5-42b9-ab9c-ae8a442b101b,,1918,heading,0.566666666666667,36.45,24.85,9.8,10.6,15.1,17.3,79.9,12.9,0,14.6,1.6,172.6,0.163110068027211,20.32,0.412894375857339,
9bd57b1c-d7ad-4860-a391-f5f98b8abb4a,,2000,heading,0.566666666666667,35.75,24.8,10,10.75,14.8,17.4,81.1,12,0,14.8,2,132,0.165494501133787,20.36,0.413986013986014,
2880d173-7c9c-43cd-a3a4-01e46e6efd55,,1993,heading,0.588888888888889,37.3,26.05,11.2,11.7,14.85,18.65,88.9,11.4,0,17.3,0.5,148.4,0.181039750566893,21.62,0.398123324396783,
cc814c97-b1ac-4fe5-9f7d-2a906b9f3708,,1994,heading,0.611111111111111,32.05,25.3,9.85,10.6,15.45,17.6,40,7.4,0,15.2,1,93.7,0.0813268480725624,20.69,0.482059282371295,
c06a7156-7ab3-4c8c-923c-eef6af060e54,,2020,heading,0.622222222222222,33.6,26.35,10.65,11.25,15.75,18.45,58.3,11.1,0,16.9,1.3,105.5,0.11831910430839,21.6,0.467261904761905,
47d9f865-2a6b-4f94-990a-2ae675d5d6c7,,1995,heading,0.577777777777778,36,25.3,10.5,11.2,14.85,17.9,61.6,10.8,0,15.8,0.300000000000001,127.4,0.125583854875283,20.87,0.411111111111111,
e8d58655-e1f8-4fbf-b1fb-953a938b9007,,1933,heading,0.577777777777778,35.65,25.15,9.9,10.7,15.2,17.5,23.6,6.1,0,15,1.8,82,0.0480671882086168,20.54,0.427769985974755,
5792baa5-56e1-475d-a70c-1246e502863c,,1999,heading,0.566666666666667,34.15,24.8,10.15,10.8,14.65,17.4,66.7,10.7,0,14.8,1.9,131.6,0.136128163265306,20.33,0.428989751098097,
f2974706-cd98-460b-871d-9f816f0cb488,,1996,heading,0.566666666666667,35.6,24.9,10.1,11.05,14.85,17.5,70.5,11.9,0,15,1.8,151.8,0.143886496598639,20.47,0.415730337078652,
02e119e1-1bff-4f5a-8531-e3e72bda0195,,1997,heading,0.577777777777778,37.55,25.75,11.25,11.6,14.5,18.5,57.5,9.2,0,17,0,159.3,0.117053151927438,21.4,0.386151797603196,
0037a820-2c90-4c7b-8614-74217367ffe5,,1998,heading,0.566666666666667,36.05,25.15,10.35,11.1,14.7,17.75,65.9,12,0,15.5,1.1,115,0.134452131519274,20.69,0.410540915395284,
15d7f5af-2c20-4ff8-a0d5-6810b678f543,,1934,heading,0.577777777777778,35.55,24.85,9.6,10.45,15.25,17.2,62.1,10.6,0,14.4,1.7,142.6,0.126741507936508,20.25,0.428973277074543,
c6c002c5-268f-4555-8c6a-05e80a8a8870,,1935,heading,0.577777777777778,35.7,24.8,9.6,10.45,15.2,17.15,39.5,9.2,0,14.3,2.5,136.3,0.0805823242630385,20.19,0.425770308123249,
48d78263-a1af-4157-b6d1-ac40e9b30e6b,,1921,heading,0.555555555555556,36.1,23.9,8.75,9.85,15.2,16.3,60,9.5,0,12.6,3,127.6,0.122803775510204,19.34,0.419667590027701,
5088561c-e89d-49c5-87e5-13a51e4b70db,,2019,heading,0.677777777777778,29.45,27.25,11,11.4,16.2,19.05,31.2,6.8,0,18.1,0.300000000000001,70.5,0.0624654421768708,22.29,0.551782682512733,
3e4a7036-8234-4f2f-9091-3ecc6cd4a1fd,,1936,heading,0.555555555555556,36.35,24.15,9.05,10.05,15.1,16.6,69.7,11.9,0,13.2,2.2,143.5,0.142546587301587,19.62,0.415405777166437,
f7b8b581-d40b-4473-9ece-cda5848af653,,1937,heading,0.566666666666667,36.3,24.55,9.45,10.35,15.1,16.95,44.7,8.9,0,13.9,2.4,89.6,0.0913394897959184,19.97,0.415977961432507,
aadba638-798f-4902-a100-ae8c6781c159,,1938,heading,0.555555555555556,37.05,24.6,9.65,10.55,15,17.1,72.1,11.1,0,14.2,2,139,0.147317675736961,20.1,0.403508771929825,
d338e4ab-f98d-42f4-945d-a41d84f68667,,2018,heading,0.633333333333333,30.6,26.2,10.05,10.9,16.15,18.1,49.9,8.8,0,16.2,2.3,104.8,0.10115693877551,21.33,0.527777777777778,
3ba10f86-9e43-4efb-8ef2-739c8f6225be,,1939,heading,0.555555555555556,37.35,24.4,9.45,10.35,14.95,16.9,80.5,11.7,0,13.8,2.6,187,0.164474637188209,19.89,0.400267737617135,
cd632b28-53a6-42b7-8cef-7f744da704d7,,1940,heading,0.555555555555556,37.65,24.35,9.8,10.6,14.6,17.05,69.5,11.6,0,14.1,1.2,142.3,0.141994875283447,19.97,0.386454183266932,
b423dc4a-57cc-4171-b118-1dfe6e6dbe14,,1922,heading,0.555555555555556,37.7,24.55,9.7,10.55,14.85,17.1,62.6,9.5,0,14.2,1.5,158.2,0.127944433106576,20.07,0.393899204244032,
d12ce42c-91ed-439a-a452-4e2ab28e8e69,,1941,heading,0.588888888888889,34.15,25,9.4,10.55,15.6,17.15,65,11.3,0,14.3,2.9,124,0.132531734693878,20.27,0.456808199121523,
5ab22d15-ed4b-4408-96c7-8faa3f3950f7,,2017,heading,0.633333333333334,32.7,26.35,10.35,11.05,16,18.35,57.7,10,0,16.7,0.199999999999999,100.9,0.117112346938776,21.55,0.489296636085627,
8ea70ffd-273f-4b09-8cc3-f398ac2f2b0b,,1942,heading,0.522222222222222,41,23.9,9.55,10.4,14.35,16.65,88.5,13,0,13.3,2,174.3,0.18114231292517,19.52,0.35,
6abf5199-6b9b-4915-8cd3-7b9d555e7d5c,,1943,heading,0.544444444444445,37,24.2,9.3,10.35,14.9,16.75,75.2,10.8,0,13.5,2.3,187.2,0.153767607709751,19.73,0.402702702702703,
9508246a-9a40-401d-b476-f01c9dc3857a,,1944,heading,0.577777777777778,36.5,25.15,10.1,10.9,15.05,17.6,93.6,12.5,0,15.2,2.1,176,0.190859433106576,20.61,0.412328767123288,
90c1a220-5595-4f67-8d19-293587e0befa,,2016,heading,0.644444444444444,30.5,26.45,10.15,10.85,16.3,18.3,48.5,8.4,0,16.6,1.1,118.7,0.0981935714285714,21.56,0.534426229508197,
2b83ffca-f0b2-41e5-8354-5006758881ee,,1945,heading,0.6,33.65,25.8,9.95,10.8,15.85,17.85,35.4,6.9,0,15.7,0.6,101.3,0.0719775963718821,21.02,0.471025260029718,
5e5a674e-73bf-4867-b429-a904a7d66e71,,1923,heading,0.588888888888889,35.55,25.3,10.05,10.85,15.25,17.65,28,6.9,0,15.3,2,106.5,0.0569287188208617,20.7,0.428973277074543,
53e0e2fb-c375-4504-a174-67458215e3b4,,1946,heading,0.588888888888889,33.6,25.4,9.6,10.65,15.8,17.5,57.9,10.3,0,15,1.6,106.4,0.118044410430839,20.66,0.470238095238095,
a0144cba-8902-458b-9a4c-4ee64c81c619,,1947,heading,0.566666666666667,37.8,24.65,9.95,10.75,14.7,17.25,64.1,11.5,0,14.5,1.8,127.5,0.130837811791383,20.19,0.388888888888889,
d495a9a9-f2cd-4cfe-ad13-1b510aec73cc,,2015,heading,0.655555555555556,33.1,27.05,11.35,11.7,15.7,19.2,54.6,9.7,0,18.4,0.199999999999999,129.5,0.110296439909297,22.34,0.474320241691843,
7bcfe9b3-7b2a-4694-904c-0c3cc0dc0130,,1948,heading,0.588888888888889,33.15,24.85,8.95,10.15,15.9,16.85,65,10.6,0,13.7,3.4,101.4,0.132649739229025,20.03,0.479638009049774,
11f08fb5-d6ff-4cfa-bd17-d8ec2f6b897e,,1949,heading,0.611111111111111,33.85,25.65,10.05,10.85,15.6,17.8,49.8,9.3,0,15.6,1,100.8,0.101255702947846,20.92,0.460856720827179,
7e7339f6-5ec4-48be-8c02-692907e2bb46,,1950,heading,0.611111111111111,31.4,25.15,9.2,10.2,15.9,17.15,56.7,10.7,0,14.3,1.6,157.1,0.115496553287982,20.33,0.50796178343949,
1bbcde99-bc56-4589-ac92-0e2a59a62abe,,1924,heading,0.555555555555556,37.2,23.9,8.95,9.9,14.9,16.35,67.9,10.2,0,12.7,2.4,119.8,0.138924058956916,19.33,0.401881720430108,
0a788270-6431-4efc-9872-85106379c61e,,2014,heading,0.655555555555556,30.8,27,10.65,11.2,16.4,18.8,43.8,7.9,0,17.6,0.800000000000001,104.6,0.0884128798185941,22.08,0.530844155844156,
07dfb866-911a-4871-aa24-083a36868903,,1951,heading,0.555555555555556,35.6,24.45,8.95,10.25,15.45,16.7,84.7,11.8,0,13.4,3.2,167.8,0.173129308390023,19.79,0.435393258426966,
6dd6891c-db54-4b06-a4e4-c49b7cdb7c5d,,1952,heading,0.588888888888889,33.65,25.05,9.5,10.55,15.55,17.25,59,10.3,0,14.5,2.6,140.4,0.120267789115646,20.36,0.462109955423477,
66a8f815-782e-4b05-a070-9f61a4d3a7e4,,1953,heading,0.588888888888889,34.6,25.2,9.55,10.5,15.65,17.35,71.6,10.9,0,14.7,2.7,132,0.145999659863946,20.48,0.452312138728324,
fe0e06f4-9585-4f75-bdb0-fb7990bd01a2,,2013,heading,0.611111111111111,29.9,25.45,9.35,10.4,16.1,17.4,50.9,9.9,0,14.8,2.4,103.5,0.103579047619048,20.62,0.538461538461539,
76a97a12-5816-4a24-98d6-49f904ef22cf,,1954,heading,0.6,33.75,25.3,9.65,10.7,15.65,17.45,55.4,8.6,0,14.9,1.7,146.2,0.11283,20.58,0.463703703703704,
17f6c684-d771-4aba-b97d-dc20293076a1,,1955,heading,0.555555555555556,32.3,23.95,7.8,9.5,16.1,15.85,58.8,9.4,0,11.7,4.4,132.7,0.120491496598639,19.07,0.5,
1f278233-c886-412c-b77f-11aa56456e4c,,1925,heading,0.544444444444445,37.25,23.95,9.05,10.05,14.95,16.45,75.1,11.1,0,12.9,2.3,169,0.153660873015873,19.44,0.4,
c8dfead2-cc7d-4201-8a6e-f2c3b365a061,,1956,heading,0.577777777777778,32.5,24.65,8.75,10.05,15.95,16.65,82,12,0,13.3,3.2,154.6,0.167443185941043,19.84,0.489230769230769,
f70155b9-3630-4619-960a-bf267171260c,,2012,heading,0.588888888888889,33.2,25.05,9.5,10.55,15.55,17.25,96.4,13.4,0,14.5,2.4,168.7,0.19662425170068,20.36,0.468373493975903,
1b4d9284-adf7-4529-b39d-e3e087698e7c,,1957,heading,0.522222222222222,39.6,23.8,9.45,10.5,14.4,16.6,124.1,15,0,13.2,1.4,228.8,0.253807823129252,19.48,0.362373737373737,
de22a24c-26ea-4581-b5c2-7ce542be4b4a,,1919,heading,0.555555555555556,36.25,24.1,8.95,10.05,15.1,16.5,33.9,7.9,0,13,3.1,77.4,0.0694581519274377,19.52,0.417931034482759,
c0dce0d5-c90b-4f0e-ba16-0ff87aef1fba,,1958,heading,0.577777777777778,33.95,24.75,9.3,10.4,15.45,17,59.8,10.5,0,14,2,119.8,0.122071111111111,20.09,0.455081001472754,
19e5aee8-8400-4b98-8a63-3f8de2c935d5,,1959,heading,0.6,32.9,25.25,9.25,10.3,16,17.2,54.4,9.5,0,14.4,2.4,156.3,0.110880884353741,20.4,0.486322188449848,
b0237450-e414-4866-bb9a-e08d48406ba2,,2011,heading,0.644444444444444,28.8,26.35,9.75,10.55,16.6,18,40.6,7.5,0,16,1.4,162.3,0.0821929591836735,21.32,0.576388888888889,
d78c015c-b790-4cca-bafa-15bd5d2d43a5,,1960,heading,0.6,34.95,25.75,10.35,11.1,15.4,18.1,55,9.2,0,16.2,1.1,119.8,0.111853038548753,21.18,0.440629470672389,
e1be8ed5-e875-4f02-a43d-70e0622a6654,,1926,heading,0.544444444444445,36.55,24,8.95,9.95,15.05,16.5,66.5,10.7,0,13,2.6,128,0.136088333333333,19.51,0.411764705882353,
295ffee6-229f-4f8f-b3d3-f1f898c9600c,,1961,heading,0.588888888888889,32.7,25.15,9.4,10.5,15.8,17.25,46.1,8,0,14.5,1.2,152.1,0.0940200680272109,20.41,0.481651376146789,
584a12a7-493d-45f2-b975-3ef496cb9b9a,,1962,heading,0.611111111111111,32.55,26,9.95,10.9,16.05,17.95,44.8,8.1,0,15.9,1.7,107.5,0.0910154421768707,21.16,0.493087557603687,
17e9c2d2-0936-4568-99e7-68bc11908ce6,,2010,heading,0.633333333333333,33.6,26.5,10.4,11.05,16.1,18.4,45.5,8.7,0,16.8,0.699999999999999,100.9,0.0921794671201814,21.62,0.479166666666667,
601de8c4-9927-4aee-a186-2a344f21f222,,1963,heading,0.611111111111111,36.95,26.3,11.15,11.4,15.1,18.7,53.7,9.7,0,17.4,0.0999999999999996,147.9,0.109016462585034,21.72,0.410013531799729,
035e3b0c-ba04-4338-8a73-dacf80efd776,,1964,heading,0.522222222222222,41.7,24,9.8,10.7,14.2,16.85,98.6,13,0,13.7,1.8,161.1,0.201710272108844,19.69,0.34052757793765,
672afc85-eb82-4dc4-a6a0-0edcb53f00a4,,2022,heading,0.666666666666667,33.8,27.65,11.5,11.85,16.15,19.55,47.3,9.9,0,19.1,0.699999999999999,132.5,0.0952282653061224,22.78,0.477810650887574,
d6540edd-3f7b-4969-847f-2bd9aaa5336a,,1965,heading,0.555555555555556,38.1,24.35,9.65,10.15,14.75,17,55.6,9.7,0,14,0.800000000000001,126.2,0.11371141723356,19.95,0.385826771653543,
cd4fe476-91a2-45cd-b6be-d790f14c7216,,1927,heading,0.577777777777778,36.1,25.1,9.95,10.7,15.2,17.55,62.5,9.1,0,15.1,1.3,117,0.127477619047619,20.59,0.419667590027701,
d83d6af6-b80f-4ed9-941b-c92d33d9d7fb,,1982,heading,0.577777777777778,40.75,25.45,11.05,11.05,14.35,18.2,79,12.7,0,16.4,0,134.6,0.161020283446712,21.07,0.353374233128834,
542811de-a0d5-4ec6-a3ac-912554e25962,,1966,heading,0.555555555555556,37.95,24.8,10,10.8,14.75,17.35,54.7,10,0,14.7,1.9,110.3,0.111722721088435,20.3,0.389986824769433,
5d23a036-7ecf-40a5-8ba7-1ea747bf4f46,,1967,heading,0.588888888888889,33.6,25.2,9.6,10.6,15.65,17.35,45.3,8.6,0,14.7,1.7,133.3,0.0923486167800453,20.48,0.464285714285714,
67b9c97c-70b8-40b3-828f-74b2b1fe4c07,,1968,heading,0.566666666666667,35.25,24.8,9.35,10.45,15.45,17.05,52.3,9.9,0,14.1,2.1,132.3,0.106857607709751,20.14,0.438297872340425,
76686230-c971-4edf-ade3-fd5c6bc56014,,2008,heading,0.611111111111111,30.2,25.55,9.7,10.7,15.85,17.6,42.2,8,0,15.2,2.6,118,0.0857311337868481,20.77,0.524834437086093,
f265a810-a125-49e8-9efd-b6a035eb1056,,1969,heading,0.522222222222222,40.65,23.9,9.55,10.55,14.35,16.7,88.2,12.2,0,13.4,2.3,146.1,0.180514047619048,19.57,0.353013530135301,
95d6a08b-83bb-4099-bdf2-6f71f7f1e769,,1970,heading,0.566666666666667,38.05,24.85,9.95,10.75,14.9,17.35,68.9,11.1,0,14.7,1.7,171.2,0.14066320861678,20.33,0.391590013140605,
a250b06b-6566-4599-a986-908e8772c436,,1928,heading,0.555555555555556,37.35,24.15,9.25,10.15,14.95,16.65,62.7,10.8,0,13.3,2.6,103,0.128229784580499,19.64,0.398929049531459,
82c62f58-5b16-474e-aa51-3c25eef128d6,,1971,heading,0.544444444444444,38.75,24.4,9.5,10.6,14.9,16.9,62.2,9.7,0,13.8,1.8,171.9,0.127254739229025,19.88,0.384516129032258,
15e2c0f8-6233-4fcc-875e-ac68c89845f9,,2007,heading,0.588888888888889,36.4,25.9,10.9,11.4,15,18.35,86.2,12.7,0,16.7,0.300000000000001,148.7,0.175606485260771,21.35,0.412087912087912,
f75a4eb1-c25a-4b79-9c70-03d61a97b581,,1972,heading,0.611111111111111,34.1,25.95,10.1,10.85,15.85,18,40.7,8.5,0,16,1.9,93.3,0.0826098979591837,21.17,0.464809384164223,
c61d1b8a-fab4-4126-9c02-96fd6ae5e0c8,,1973,heading,0.544444444444445,37.6,24.55,9.5,10.7,15.05,17,80.5,11.9,0,14,2.6,137.7,0.164537936507937,20.01,0.400265957446809,
c10c2e4e-2568-423a-ae82-e0128a756f4d,,1974,heading,0.566666666666667,34.5,24.5,9,10.3,15.5,16.75,39.5,8,0,13.5,2.6,148.7,0.0807774829931973,19.85,0.449275362318841,
892ad96e-452a-41e6-a0f8-87e1d77b375b,,2006,heading,0.611111111111111,33.5,26.15,10.65,11.3,15.5,18.4,55.3,10.9,0,16.8,1.2,152.9,0.112324648526077,21.5,0.462686567164179,
2528686d-109b-425c-a5eb-c7cfdc66445e,,1975,heading,0.566666666666667,37.6,24.9,10,10.7,14.9,17.45,57.6,9,0,14.9,0.0999999999999996,128.6,0.117610498866213,20.43,0.396276595744681,
c2419386-c5a1-449d-ac9d-b85b6d885b10,,1929,heading,0.566666666666667,38,24.7,9.95,10.65,14.75,17.3,111.1,14,0,14.6,1.6,209.7,0.226779557823129,20.25,0.388157894736842,
fb87eba2-4cf0-468f-8c71-868478bc640b,,1976,heading,0.522222222222222,42.05,24.25,10.05,10.65,14.15,17.1,100.3,13.6,0,14.2,1.2,180,0.205144183673469,19.93,0.33769322235434,
d725222e-89dc-4d16-a6cf-3fa3245c47f2,,1977,heading,0.555555555555556,39.7,24.9,10.35,11.15,14.55,17.6,85.4,13,0,15.2,1,163.3,0.174335680272109,20.51,0.366498740554156,
7a899bbc-d638-4f6c-84d4-2269aac6b32f,,2005,heading,0.655555555555556,30.4,26.9,10.65,11.3,16.25,18.75,30.4,8.2,0,17.5,0.5,75.6,0.0610983446712018,22,0.53453947368421,
30334bf8-8889-47c4-b2e2-a3fc677bbbb0,,1978,heading,0.533333333333333,36.95,23.8,8.8,10.3,15,16.25,75.5,11.1,0,12.5,2.4,118.8,0.154612403628118,19.25,0.40595399188092,
144b62bf-5ae8-45e1-a268-e81774cc6917,,1979,heading,0.544444444444445,39.25,24.35,9.8,10.85,14.6,17.05,67.3,11,0,14.1,1.7,182.1,0.137602641723356,19.97,0.370700636942675,
aa60599e-f8ae-4159-8861-0e6199f0c696,,2021,heading,0.588888888888889,34.4,25.7,10.1,10.8,15.55,17.85,50.6,9.4,0,15.7,0.9,107.3,0.103066031746032,20.96,0.453488372093023,
8c2027c1-18fb-4be9-9c86-731ab0bcf7da,,1980,heading,0.577777777777778,36.55,24.7,9.8,10.55,14.95,17.2,67.2,10.5,0,14.4,1.5,114.4,0.137075498866213,20.19,0.40766073871409,
85ae3c59-be5f-4f4b-8a0f-00338b9a3eed,,1930,heading,0.555555555555556,36.9,24.05,9.05,10.05,14.95,16.55,49.1,8.9,0,13.1,3.1,113.3,0.100464954648526,19.54,0.40650406504065,
5a535db2-a6a9-4aac-b649-00c1e07eb45a,,2004,heading,0.588888888888889,31.35,25.3,10.05,10.9,15.25,17.65,62.2,10.1,0,15.3,2.1,109.9,0.126724739229025,20.7,0.486443381180223,
82172557-d667-4bcd-ab94-c90ca55af3f7,,1981,heading,0.511111111111111,37.5,23.25,8.5,9.7,14.7,15.8,63.4,10.9,0,11.6,3,176.6,0.130149501133787,18.74,0.393333333333333,
87b25a16-39e5-4c1f-ba49-09ec8ee97977,,1975,maturity,0.744444444444444,46.6,27.2,13.8,13.7,13.45,20.45,180.9,19.2,0,20.9,0,309.5,0.367077845804989,23.14,0.28755364806867,
da3bfce9-04a1-4783-b625-ef0a77d690b4,,1961,maturity,0.8,43.05,27.95,14.05,13.8,13.9,20.95,115.8,14.8,0,21.9,0,267.9,0.233589160997732,23.73,0.32288037166086,
0897d59a-686c-4032-bf67-37ca047b1cbd,,1926,maturity,0.822222222222222,41.3,27.85,13.55,13.25,14.3,20.65,105.4,15,0,21.3,0,233.4,0.212259693877551,23.51,0.346246973365617,
ea92f4c2-2d40-4749-b184-3ad1397a36be,,1938,maturity,0.811111111111111,42.4,27.8,13.75,13.55,14.05,20.7,131.4,16.6,0,21.4,0,270.4,0.265392278911565,23.51,0.331367924528302,
2ec2d023-463d-43b7-ad51-f8161c53bd75,,2010,maturity,0.844444444444445,41.45,29.1,14.9,14.6,14.2,22,143.8,18.5,0,24,0,244.7,0.289993514739229,24.84,0.342581423401689,
6fadae0c-14c6-4607-9be7-3fb7c065867d,,2004,maturity,0.911111111111111,39,30.55,16.1,15.65,14.45,23.3,109.4,14.3,0,26.6,0,219.3,0.218714024943311,26.19,0.37051282051282,
4c7f853f-ded6-4e79-bcac-b39ad5de0f57,,1962,maturity,0.8,44.25,28.3,14.6,14.5,13.65,21.4,132.7,16.5,0,22.8,0,240.2,0.267892630385487,24.13,0.309604519774011,
2479fecf-1ee4-4358-9509-e22361a08625,,1919,maturity,0.811111111111111,42.25,27.8,13.7,13.35,14.1,20.75,90.8,13.8,0,21.5,0,168.2,0.182517040816327,23.57,0.333727810650888,
ab710c49-e134-44bc-8a8e-8120e7ca5dac,,2018,maturity,0.933333333333333,35.3,30.3,15,14.55,15.35,22.65,70.5,12.4,0,25.3,0,175.3,0.139337630385488,25.72,0.43342776203966,
7ed6cc91-64f2-439d-9f5d-57152213c8a4,,2001,maturity,0.755555555555556,46.75,27.65,14.85,14.55,12.8,21.2,181.5,20.5,0,22.4,0,352,0.367956224489796,23.76,0.27379679144385,
4ad48510-da68-4ac1-97e8-612a029bb544,,1988,maturity,0.777777777777778,44.85,27.5,14.3,13.75,13.25,20.85,136,17.3,0,21.7,0,299.6,0.275041666666667,23.5,0.294314381270903,
5f032431-465b-49e9-b03d-a54c1fc1b0b5,,1963,maturity,0.8,46.2,28.55,15.1,14.6,13.45,21.8,123,16.7,0,23.6,0,270.9,0.247984444444444,24.49,0.291125541125541,
a44cc7f7-0a08-49b1-bde8-d81704eaf684,,1918,maturity,0.811111111111111,41.95,27.95,13.75,13.5,14.15,20.85,106.8,13.9,0,21.7,0,279.4,0.21514410430839,23.68,0.33849821215733,
54e9abc8-5df4-404c-9d0a-3cad7a201cac,,1937,maturity,0.844444444444445,41.5,28.7,14.4,14.1,14.25,21.5,123.6,16.4,0,23,0,213.2,0.248942154195011,24.35,0.344578313253012,
ae04c569-e298-4bb6-8818-27b5a14250ca,,1921,maturity,0.8,42.55,27.5,13.5,13.2,14,20.5,175.7,19.4,0,21,0,303.3,0.355971609977324,23.3,0.329024676850764,
9ef3ebfa-e902-4020-8189-a34d307fe8c4,,1981,maturity,0.833333333333333,43.35,28.75,14.4,14.3,14.35,21.6,111.2,15.4,0,23.2,0,287.8,0.223700839002268,24.47,0.331026528258362,
23f540a2-d6d6-406a-9119-0d30214991b5,,1964,maturity,0.8,42.05,27.8,13.85,13.65,13.95,20.8,105.9,15.3,0,21.6,0,267,0.213423775510204,23.59,0.331747919143876,
dc410aa2-e5e7-440b-a8b1-4bc919fe85ca,,1976,maturity,0.788888888888889,41.45,27.75,13.2,13.55,14.5,20.45,108.9,15.7,0,20.9,0,288.9,0.219736496598639,23.35,0.35102533172497,
bcfdffbf-fa2c-4521-a210-34f642ef05cc,,1936,maturity,0.822222222222222,41.4,27.95,13.6,13.3,14.35,20.7,147.9,18.1,0,21.4,0,291.4,0.298980430839002,23.57,0.346618357487923,
b61c7652-dc34-4546-a67f-781a5415eb64,,2009,maturity,0.877777777777778,37.95,28.95,14.3,14,14.65,21.65,123.1,16.9,0,23.3,0,265.5,0.247541496598639,24.58,0.386034255599473,
c1841e84-e640-4717-aac6-8925b9815bdf,,1929,maturity,0.822222222222222,42.5,28.2,14.25,13.9,14,21.2,128.9,16.1,0,22.4,0,338.6,0.260043786848073,24,0.328235294117647,
292543e1-5ff1-42bd-9fba-4bda5154f4fa,,1965,maturity,0.811111111111111,41.5,28.2,13.85,14.2,14.3,21,90.7,13.7,0,22,0,216.9,0.182228526077097,23.86,0.345783132530121,
ac9f8db2-2d13-44cf-9b1e-e5f524b4ac0f,,1920,maturity,0.833333333333333,41.6,28.6,14.3,13.95,14.3,21.45,94.9,14.4,0,22.9,0,238.8,0.190482891156463,24.31,0.34375,
15f1d6fa-1fc5-4f84-aa9b-46e5bac9af32,,1935,maturity,0.8,42.15,27.65,13.5,13.3,14.15,20.55,79,13.1,0,21.1,0,215.3,0.158605827664399,23.38,0.33570581257414,
bfada3dc-8fff-448b-b65a-be3cc07f784f,,2005,maturity,0.877777777777778,37.45,29.1,14.5,14.35,14.65,21.75,100.9,14,0,23.5,0,176.5,0.20222656462585,24.68,0.389853137516689,
6f305a22-835a-4b21-bc0b-3f9897b22d34,,1980,maturity,0.788888888888889,45.7,27.9,14.2,14.1,13.7,21.05,144.3,16.9,0,22.1,0,258.7,0.291782517006803,23.79,0.299781181619256,
b6a762db-2f04-4f20-b504-2d0794b24e99,,1966,maturity,0.833333333333333,41.65,29.1,15.05,14.85,14.05,22.05,103.7,14.3,0,24.1,0,214,0.208231666666667,24.86,0.33733493397359,
55220f25-7cbd-459d-8af5-9b8413f6c26f,,1927,maturity,0.833333333333333,41.8,28.65,14.4,14.1,14.2,21.5,92.5,13.7,0,23,0,209.5,0.18556619047619,24.34,0.340909090909091,
42723515-3c81-42c0-9c35-784aba9b342c,,2019,maturity,0.877777777777778,39.95,29.75,15.25,14.9,14.55,22.5,111.7,13.6,0,25,0,182.2,0.22401,25.41,0.362953692115144,
757d1fdc-f6d7-4581-abb9-241efd3c1dce,,1934,maturity,0.822222222222222,41.9,28.3,14.1,13.9,14.15,21.15,158.5,18,0,22.3,0,301.1,0.320467823129252,23.98,0.33890214797136,
f375192e-0581-46fc-a57c-8add082fde70,,1977,maturity,0.844444444444445,43,29.1,14.95,14.55,14.15,22.05,130.4,16.6,0,24.1,0,293.7,0.262626065759637,24.88,0.32906976744186,
d3d875fb-e9fe-4642-b714-7272db78a1cf,,1967,maturity,0.844444444444445,41.75,29,14.7,14.3,14.3,21.8,88.2,13.5,0,23.6,0,221.5,0.176572494331066,24.66,0.34251497005988,
42f0bdf6-1de1-4cf5-aeca-c8c024d951f3,,1998,maturity,0.8,44.2,28.1,14.75,14.55,13.4,21.45,164.6,18.8,0,22.9,0,279.6,0.333010192743764,24.13,0.302036199095023,
4bbf8043-3ad6-494a-8356-0c12fbe4cf8a,,1997,maturity,0.855555555555556,39.8,29,14.7,14.6,14.3,21.75,96.2,13.2,0,23.5,0,255.5,0.192799863945578,24.61,0.35929648241206,
df045add-947e-4d78-9991-4596103aaf4f,,2008,maturity,0.855555555555556,42.1,29.5,15.55,15.25,14,22.5,132.3,16.6,0,25,0,250.3,0.266232936507937,25.3,0.331353919239905,
969ea838-f822-4d34-b2e2-cef12e5b9bf5,,1987,maturity,0.811111111111111,43.4,28.9,15.25,15.3,13.6,22.05,124.5,16.2,0,24.1,0,315.4,0.250875215419501,24.77,0.314516129032258,
e1d42819-ebcb-4d0c-b91c-90a711fbc501,,1968,maturity,0.822222222222222,40.75,28.45,14.2,14,14.25,21.3,97.8,13.8,0,22.6,0,230.1,0.196531972789116,24.15,0.349693251533742,
9bef91a2-91a2-4e16-8cb7-899071133e31,,1933,maturity,0.822222222222222,41.75,28.3,14.05,13.8,14.25,21.1,185.7,19.9,0,22.2,0,267.7,0.375991882086168,23.95,0.341317365269461,
743ba90c-2742-4ea6-979d-f5eb3b6337cd,,1996,maturity,0.744444444444444,45.9,27.15,14.2,14.35,12.95,20.65,168.3,19.6,0,21.3,0,320.1,0.341250600907029,23.24,0.282135076252723,
703f37ed-06e3-405e-ab23-c2a14c69d614,,1931,maturity,0.833333333333333,42.1,28.65,14.5,14.15,14.15,21.55,117.1,15.5,0,23.1,0,230.8,0.235751326530612,24.38,0.336104513064133,
8694ad33-e023-49e5-946f-0fd1048cad9b,,1930,maturity,0.833333333333333,41.75,28.8,14.6,14.25,14.2,21.65,96.2,13.9,0,23.3,0,209.5,0.19306037414966,24.49,0.340119760479042,
cafdda57-49ee-41c0-8364-9b64470788bd,,1969,maturity,0.844444444444445,40.05,28.8,14.35,14.15,14.45,21.55,90.4,12.7,0,23.1,0,236.5,0.181155408163265,24.44,0.360799001248439,
ae0414c4-3d45-4cd8-8762-1329fb3c0366,,1995,maturity,0.766666666666667,44.05,27.4,14.5,14.35,12.9,20.95,183.2,19.9,0,21.9,0,310.6,0.371430646258503,23.53,0.292849035187287,
e94778cd-bc5b-432a-87f9-30dd81ec5904,,1999,maturity,0.811111111111111,46.45,29.05,15.55,15.05,13.55,22.3,154.6,18.5,0,24.6,0,286.2,0.312242505668934,25.01,0.290635091496232,
9c2842a9-b796-4d0c-a451-1584ca7c0f3d,,1994,maturity,0.855555555555556,40.6,29.3,14.7,14.55,14.6,21.95,84.9,12.5,0,23.9,0,178.6,0.169681394557823,24.87,0.359605911330049,
39693f4c-48d2-44e4-8a9d-436d982d879f,,1983,maturity,0.777777777777778,48.9,28.35,15.2,14.8,13.15,21.75,151.7,18,0,23.5,0,317.6,0.306781678004535,24.38,0.268916155419223,
878c53a2-e735-42b9-9069-fed2d292f4ab,,1970,maturity,0.8,41.6,28.1,13.95,14.3,14.2,21,119.9,15.7,0,22,0,291.1,0.241943015873016,23.84,0.340144230769231,
dd840e97-76d0-49aa-9d9b-def886a65ebf,,1978,maturity,0.833333333333333,42.85,28.85,14.6,14.05,14.3,21.7,106.9,15.1,0,23.4,0,225.7,0.214890351473923,24.56,0.332555425904317,
2389b646-9cb6-4a67-b60e-b80386092b83,,1993,maturity,0.8,44,28.35,15.1,14.85,13.25,21.7,135.4,16.7,0,23.4,0,283.8,0.273334614512472,24.35,0.301136363636364,
4c2c54d9-b69c-4d84-b217-2d1433103991,,2007,maturity,0.811111111111111,42.1,28.15,14.45,14.25,13.65,21.3,131.8,16.4,0,22.6,0,280.5,0.266026360544218,24.03,0.32541567695962,
4b8b18c9-f591-4ff2-aa8d-cd2e1a198fc4,,1986,maturity,0.822222222222222,44.1,28.6,14.65,14.2,13.95,21.6,108.5,14.9,0,23.2,0,258.6,0.218235782312925,24.39,0.316326530612245,
85aaa55a-8106-4559-951d-10d82158d8e0,,1971,maturity,0.788888888888889,43.85,27.7,13.85,13.6,13.9,20.75,111.6,14.6,0,21.5,0,283.5,0.225159274376417,23.53,0.315849486887115,
b4cc727c-aacd-4fd6-a94b-5c28ea163755,,1928,maturity,0.833333333333333,41.8,28.25,14.15,13.85,14.15,21.2,107.6,15.2,0,22.4,0,210.6,0.216478605442177,24.03,0.337320574162679,
0a25c8f8-ebf7-4fa7-bab1-4a9ed25739e4,,1992,maturity,0.844444444444445,40.3,28.8,14.6,14.45,14.25,21.65,102.6,13.1,0,23.3,0,208.9,0.206002732426304,24.5,0.352357320099256,
f7220537-fabe-4b30-ba15-2a9c153fcc87,,2002,maturity,0.855555555555556,38.35,28.7,14.15,13.95,14.6,21.4,97.9,15,0,22.8,0,252.5,0.196438900226757,24.32,0.379400260756193,
cd0f8983-e3f6-44a0-b113-ea85d96e6d60,,1985,maturity,0.8,48.4,28.5,15.3,14.55,13.2,21.9,151,18.6,0,23.8,0,294.6,0.305122664399093,24.54,0.272727272727273,
ff1bb78c-4994-4bdb-915e-8ddbef0b1ed5,,1951,maturity,0.9,35.8,29.45,14.3,14.15,15.2,21.85,58,10.1,0,23.7,0,225.8,0.114437040816327,24.89,0.423184357541899,
ea3c05bf-941a-4494-9c89-c17ecb586309,,1924,maturity,0.788888888888889,42.65,27.55,13.6,13.35,14,20.55,169.5,18.6,0,21.1,0,289.3,0.343384160997732,23.35,0.327080890973036,
85fe4bd5-8f44-4a94-87ed-d4dce58920c3,,1950,maturity,0.822222222222222,40.6,28,13.65,13.6,14.35,20.8,146.1,18.5,0,21.6,0,303.2,0.295284897959184,23.67,0.353448275862069,
30ec94db-b377-4bae-b1ac-785e03f20534,,2014,maturity,0.822222222222222,43.35,28.6,14.75,14.45,13.85,21.65,147.7,17.5,0,23.3,0,252.3,0.298239920634921,24.42,0.319492502883506,
a4a3e16c-c5f6-4923-abd9-0c63abb8d96f,,1972,maturity,0.877777777777778,40.05,29.8,14.9,14.65,14.85,22.3,76.3,12.2,0,24.6,0,169.6,0.151815839002268,25.27,0.372034956304619,
a25b4b45-229b-448d-bebf-b5e5bb39e8db,,1952,maturity,0.8,43.4,28.1,14.3,14,13.8,21.15,133.6,17.5,0,22.3,0,274,0.26984716553288,23.91,0.317972350230415,
86837953-6ef9-4b05-a26d-c3322bf1cda7,,1949,maturity,0.811111111111111,41.55,28.15,13.95,13.95,14.2,21.05,148.7,17.8,0,22.1,0,249.5,0.30058447845805,23.89,0.341756919374248,
583e1a01-c1b9-4a76-9fab-3a6d891b25ff,,1948,maturity,0.855555555555556,38.4,28.7,13.7,13.6,14.95,21.2,79.7,12.6,0,22.4,0,181.1,0.159332063492063,24.19,0.390625,
f06b36b1-0068-4e28-b356-58128e4401b2,,2013,maturity,0.855555555555556,39.85,29.05,14.95,14.6,14.1,22,142.3,16.9,0,24,0,245.8,0.286839319727891,24.82,0.353826850690088,
4fcf4e7e-7193-4c81-82a7-0879dd924b0e,,2000,maturity,0.833333333333333,40.05,28.25,14.3,13.85,13.95,21.25,140.4,15.7,0,22.5,0,272.4,0.28338880952381,24.04,0.348314606741573,
2bc4c400-d599-416d-a4e8-623ca7f98d05,,1953,maturity,0.788888888888889,44.45,27.8,14.25,14.05,13.55,21,148.5,18.6,0,22,0,280.5,0.300398741496599,23.71,0.304836895388077,
42ad8b27-803a-4b83-97c7-a0dfff769727,,1947,maturity,0.844444444444444,41.15,28.8,14.55,14.3,14.25,21.65,146,16.8,0,23.3,0,273.5,0.294607868480726,24.5,0.346294046172539,
a1cd5e02-8913-47e8-8b43-0a3cecc16e68,,2015,maturity,0.933333333333333,34.6,30.3,15.05,14.75,15.25,22.65,76,12,0,25.3,0,205.5,0.150534863945578,25.7,0.440751445086705,
1facd5aa-6a7e-4bd8-884e-54f8489b19ee,,1932,maturity,0.833333333333333,41.95,28.75,14.55,14.15,14.2,21.65,107.4,14.2,0,23.3,0,241.5,0.215924115646258,24.49,0.33849821215733,
31912d37-fe22-45b0-8ef7-dd0d0b55b61f,,1991,maturity,0.833333333333333,42.7,28.6,14.55,14.3,14,21.55,96.1,14.6,0,23.1,0,256.9,0.192894489795918,24.35,0.32903981264637,
f01b98d4-9497-4f96-aa15-7580dde9ccf1,,1954,maturity,0.822222222222222,39.95,28.2,13.9,13.8,14.35,21,112.3,15.2,0,22,0,258.5,0.226236780045351,23.87,0.357947434292866,
6132095e-9fda-40c2-94b3-d1a91be435dc,,1923,maturity,0.833333333333333,42.25,28.65,14.6,14.2,14.1,21.6,100.8,14.5,0,23.2,0,207.3,0.202471156462585,24.42,0.332544378698225,
92d26653-5b65-481a-b32e-3c5dafc7ed8e,,1946,maturity,0.9,36.2,29.65,14.4,14.15,15.25,22,89.8,13.5,0,24,0,196.2,0.179283299319728,25.05,0.421270718232044,
5ef3ee21-a748-48f8-aa29-414489109241,,1945,maturity,0.866666666666667,37.65,29.1,14.1,13.9,15,21.6,61.6,11.4,0,23.2,0,162.9,0.122181655328798,24.6,0.398406374501992,
8a3712e9-218e-4913-bda0-14d198c3a2aa,,2003,maturity,0.877777777777778,38.75,29.5,14.95,14.65,14.55,22.2,77.6,12.4,0,24.4,0,198.7,0.154509263038549,25.11,0.375483870967742,
39409892-6b32-4886-a469-6686d9a21f65,,1955,maturity,0.766666666666667,42,26.85,12.85,13,14,19.8,150.8,18.3,0,19.6,0,283.5,0.30566462585034,22.6,0.333333333333333,
1be72595-0def-4b39-bf86-1854b214ce4c,,1973,maturity,0.766666666666667,46.8,27.3,14.25,13.85,13.05,20.75,144.6,17.9,0,21.5,0,282.3,0.292716247165533,23.36,0.278846153846154,
f0dad3f6-28a8-4ea9-ab59-e3b3c9ae8c49,,1944,maturity,0.888888888888889,36.55,29.1,13.9,13.8,15.25,21.45,60.3,10.5,0,22.9,0,236.3,0.11937873015873,24.5,0.415868673050616,
3b102220-7e46-4e83-8ea6-40ff786e5f4b,,2012,maturity,0.866666666666667,40.25,29.35,14.8,14.45,14.55,22.05,120.1,15.8,0,24.1,0,288.8,0.241413163265306,24.96,0.361490683229814,
230db019-83f9-48a5-a7bc-877c06409df2,,1990,maturity,0.844444444444444,40,29.05,14.6,14.6,14.45,21.8,82.3,13,0,23.6,0,174,0.164556780045351,24.69,0.36125,
0410b8da-ce34-42dc-ae1a-d04f6d40da72,,1956,maturity,0.777777777777778,44.5,27.3,13.75,13.5,13.55,20.5,146.6,17.6,0,21,0,301.2,0.296783106575964,23.21,0.304494382022472,
b23d5c52-96d6-44b1-91c3-f59177aea751,,1925,maturity,0.833333333333333,41.55,28.4,14.15,13.75,14.3,21.25,82.9,14,0,22.5,0,251.9,0.166041666666667,24.11,0.342960288808664,
79b4eb61-0ba6-4c15-bf52-4866b691a182,,2016,maturity,0.922222222222222,38.95,30.8,15.8,15.35,15.05,23.25,117,15.5,0,26.5,0,235.7,0.23411522675737,26.26,0.385109114249037,
c89ce8a0-0e73-45f8-b945-803cd396b912,,2020,maturity,0.833333333333333,44.35,29.05,15.25,14.75,13.75,22.1,130.4,16.2,0,24.2,0,235.9,0.262707653061224,24.85,0.311161217587373,
a1ddd4ab-ddfe-464b-89e4-a67e823b7194,,2006,maturity,0.866666666666667,40.35,29.35,14.9,14.65,14.45,22.1,134.7,16.3,0,24.2,0,287.6,0.271177290249433,24.99,0.358116480793061,
beb533d8-d3e0-47eb-933c-e5b4ad3bc7ca,,1957,maturity,0.877777777777778,38.85,29.3,14.65,14.45,14.6,21.9,96.9,14.3,0,23.8,0,325.7,0.19401679138322,24.82,0.377091377091377,
70325023-13ae-4353-877e-36d98aec8bc0,,1979,maturity,0.844444444444445,42.95,28.95,14.6,14.15,14.3,21.75,91.9,13.7,0,23.5,0,274,0.184147698412698,24.61,0.334109429569267,
e355b7d1-25ce-4aaf-a7f3-1950fd457288,,1943,maturity,0.766666666666667,45.95,27.5,14.05,13.85,13.5,20.75,177.2,20.1,0,21.5,0,364.4,0.359232346938775,23.45,0.292709466811752,
293288ae-f991-42a7-a052-02954a81a7fd,,1942,maturity,0.777777777777778,44.65,27.75,14.1,13.9,13.7,20.9,153.6,18.1,0,21.8,0,327.9,0.310940839002268,23.64,0.305711086226204,
c05c1930-cafc-4a20-b4f6-904ffb3b74f8,,1974,maturity,0.777777777777778,45.85,27.85,14.3,14.15,13.5,21.05,140.3,16.9,0,22.1,0,289,0.283734092970521,23.75,0.295528898582334,
63ea3c56-1c5d-4fc8-9128-ed8eae0514a2,,1958,maturity,0.833333333333333,41.45,28.75,14.7,14.5,14.05,21.7,148.1,17.9,0,23.4,0,267.9,0.298972448979592,24.51,0.338962605548854,
6e7686f3-f3a2-4f65-821a-909adc2c8118,,1922,maturity,0.822222222222222,42.05,28.15,14.05,13.75,14.1,21.1,129.3,15.8,0,22.2,0,287.5,0.260886111111111,23.92,0.335315101070155,
9613d7d8-a95c-46ea-a7bd-fab25b11a977,,1941,maturity,0.866666666666667,37.75,29.05,14.05,14,15,21.5,73,12,0,23,0,197,0.145454421768707,24.5,0.397350993377483,
d1af8f1d-9988-499a-81c8-cbf526bd0c33,,2011,maturity,0.855555555555556,38.8,28.65,13.85,13.8,14.8,21.25,112.3,14.9,0,22.5,0,274.6,0.225868526077097,24.21,0.381443298969072,
fe8df03d-465a-426b-b218-7cf563f51743,,2021,maturity,0.777777777777778,44.3,27.8,13.9,13.9,13.95,20.85,178.1,20.1,0,21.7,0,285.4,0.360960340136054,23.64,0.313769751693002,
9c579ca4-326c-4a32-9f78-84f4e8f8047c,,1959,maturity,0.811111111111111,43.1,28.15,14.35,14.1,13.8,21.2,121.6,15.9,0,22.4,0,277.9,0.245252811791383,23.96,0.320185614849188,
5f881011-0d41-474b-b277-dc787fbf0d06,,2022,maturity,0.822222222222222,42.9,28.7,14.6,14.45,14.1,21.6,140,17.4,0,23.2,0,272.5,0.282570986394558,24.42,0.328671328671329,
8b0098e5-ee9b-4f78-a8f7-c8870e46cf88,,2017,maturity,0.888888888888889,37.55,29.2,14.2,13.95,15,21.7,108.8,15.3,0,23.4,0,209.7,0.218269739229025,24.7,0.399467376830892,
44b4e694-bbea-42c4-817a-d3f9043bc2f1,,1989,maturity,0.844444444444445,38.5,28.35,14.4,14.05,13.95,21.35,145.2,16,0,22.7,0,266.7,0.293036383219955,24.14,0.362337662337662,
5db02a34-5eaa-4823-afd9-29d2d204f626,,1982,maturity,0.833333333333333,41.2,28.75,14.05,14.1,14.75,21.4,73.7,12.5,0,22.8,0,208.3,0.147212448979592,24.35,0.356796116504854,
160658ab-e5db-40bf-add2-0bc2d48f5974,,1960,maturity,0.811111111111111,44.8,28.25,14.8,14.3,13.45,21.5,155.3,17.5,0,23,0,275.1,0.313923514739229,24.19,0.300223214285714,
e37ca289-28b3-4a80-b71a-5f2f45d24ef8,,1984,maturity,0.844444444444445,41.85,28.6,14.3,13.95,14.3,21.4,83.2,12.9,0,22.8,0,239.3,0.166517358276644,24.26,0.341696535244922,
4dc2e791-06a0-418a-926f-7077fcad1774,,1940,maturity,0.833333333333333,41.5,28.7,14.3,14.25,14.4,21.45,138.2,16.9,0,22.9,0,280.5,0.278812755102041,24.33,0.346987951807229,
217a8c55-67dd-4afa-85c0-2db49d5be532,,1939,maturity,0.822222222222222,41.5,28.3,14,13.75,14.3,21.15,125.9,15.2,0,22.3,0,312.9,0.253931462585034,24.01,0.344578313253012,
3652e514-cfcb-469d-bad8-04a24f023569,,1958,sowing,0.133333333333333,26.9,22.4,7.3,10.3,15.1,14.8,36.6,5.1,0,4.8,2.7,36.6,0.152684965986395,17.82,0.561338289962825,
36e98403-deed-4baa-b23a-be68605c699b,,1919,sowing,0.111111111111111,28.8,21,6.2,9.5,14.7,13.6,10.5,2.4,0,3.6,3.8,10.5,0.0463413832199546,16.54,0.513888888888889,
baa23e51-85bf-4754-b61d-84994c3429fb,,1920,sowing,0.133333333333333,28,21.6,6.7,9.8,14.9,14.1,19.9,3.8,0,4.1,3.3,19.9,0.0845587755102041,17.08,0.532142857142857,
3557b52d-cb8d-4eae-b779-65a828f1037c,,1921,sowing,0.111111111111111,29,20.8,6.2,9.4,14.7,13.5,24.2,4.2,0,3.5,3.8,24.2,0.102264081632653,16.44,0.503448275862069,
c7f5773d-a643-4513-a131-8631cddbccca,,1922,sowing,0.111111111111111,28.7,21,6.3,9.4,14.8,13.6,29.6,4.5,0,3.6,3.7,29.6,0.124300362811791,16.56,0.51219512195122,
7326c2be-649c-437f-833c-d44c038ef2cb,,1923,sowing,0.133333333333333,27.1,21.1,5.9,9.2,15.1,13.5,26.5,4.3,0,3.5,4.1,26.5,0.111528979591837,16.52,0.560885608856089,
25314044-0f52-4dd5-832d-5e52a5a9654d,,1924,sowing,0.111111111111111,27.7,21,6,9.4,15,13.5,17.7,3.4,0,3.5,4,17.7,0.0757334693877551,16.5,0.541516245487365,
73b01e18-66f3-416a-80f3-e0f79eb6ff0f,,1925,sowing,0.111111111111111,29.2,21,6.3,9.6,14.7,13.6,37,5.3,0,3.6,3.7,37,0.15450485260771,16.54,0.503424657534247,
0407628f-0941-417b-868f-9761d2ffdee3,,1926,sowing,0.133333333333333,27.8,21.7,6.7,9.8,15,14.1,24.7,4.4,0,4.1,3.3,24.7,0.104150612244898,17.1,0.539568345323741,
f2964465-db4d-42ed-ada5-59a8e5f0a314,,1927,sowing,0.133333333333333,26.5,21.4,6.1,9.6,15.3,13.7,12.4,2.7,0,3.7,3.9,12.4,0.0539678911564626,16.76,0.577358490566038,
4a304cae-37eb-4536-810f-f1ed791ad1c0,,1928,sowing,0.133333333333333,28.9,21.5,6.7,9.8,14.7,14.1,7,1.8,0,4.1,3.3,7,0.0319057142857143,17.04,0.512110726643599,
ced0e5fb-74cf-4301-ae36-dea87a14b613,,1929,sowing,0.133333333333333,27.8,22.1,7.1,10.2,15,14.6,20.8,4,0,4.6,2.9,20.8,0.088205850340136,17.6,0.539568345323741,
0ec6d09b-8c17-48c2-a937-16beeec71b0f,,1930,sowing,0.133333333333333,28.3,21.7,6.8,9.9,14.9,14.2,13.2,3,0,4.2,3.2,13.2,0.0572065986394558,17.18,0.526501766784452,
ee286fcd-1612-49e3-813b-dbb4c13cd7ba,,1931,sowing,0.133333333333333,28.2,22.8,7.9,10.8,14.9,15.3,5.3,1.5,0,5.3,2.1,5.3,0.0249036734693878,18.28,0.528368794326241,
597fad19-2215-477c-ae9a-f1cde81d41e0,,1932,sowing,0.133333333333333,29.3,22.3,7.6,10.5,14.6,14.9,30.7,4.7,0,4.9,2.4,30.7,0.128598299319728,17.82,0.501706484641638,
afb535e6-0f97-4762-8e46-2975c7fb7afd,,1933,sowing,0.133333333333333,27.4,22.4,7.4,10.4,15.1,14.9,9,2.3,0,4.9,2.6,9,0.0400266666666667,17.92,0.547445255474453,
46ab1b38-c6f9-4afe-a4ac-f52c64286fa3,,1934,sowing,0.133333333333333,28.4,23.1,8.3,11.1,14.8,15.7,28.8,4.7,0,5.7,1.7,28.8,0.120800884353741,18.66,0.52112676056338,
0944c008-3ec1-4fb0-8192-1b2f154b9bc6,,1935,sowing,0.111111111111111,28.6,21.1,6.3,9.5,14.8,13.6,48.8,6.1,0,3.6,3.7,48.8,0.2026679138322,16.56,0.517482517482518,
dbf6f0df-5e05-40dd-b456-a5a9202c6814,,1936,sowing,0.111111111111111,28.2,20.7,5.9,9.2,14.9,13.3,46.2,5.9,0,3.3,4.1,46.2,0.192068662131519,16.28,0.524822695035461,
a78a8358-01e0-4005-a444-cbd7948d4d7d,,1937,sowing,0.133333333333333,26.5,22.4,7.2,10.1,15.3,14.8,10.3,2.5,0,4.8,2.8,10.3,0.0453376190476191,17.86,0.573584905660377,
1d59fb74-1268-41e9-9a3a-5d8f052f01fc,,1938,sowing,0.133333333333333,28.2,22.2,7.3,10.2,14.9,14.7,14.2,3.3,0,4.7,2.7,14.2,0.0612616326530612,17.68,0.528368794326241,
1c8dbd78-9f8f-4d0e-90a7-fdff854e52b8,,1939,sowing,0.133333333333333,28.3,22.1,7.2,10.3,14.9,14.6,28.6,4.6,0,4.6,2.8,28.6,0.120042789115646,17.58,0.526501766784452,
def81cf2-1d53-4bab-81b8-88cb20605297,,1940,sowing,0.133333333333333,25.5,21.9,6.6,9.8,15.4,14.2,30.3,4.3,0,4.2,3.4,30.3,0.12700231292517,17.28,0.6,
3dd503d2-f7d3-448e-88e5-f6c0f989a247,,1941,sowing,0.155555555555556,23,23.1,7.3,10.4,15.8,15.2,14.8,2.6,0,5.2,2.7,14.8,0.0635459410430839,18.36,0.68695652173913,
61ec4e25-f9a1-463b-a43a-3aecab4aa7c6,,1942,sowing,0.111111111111111,30.2,21.6,7,10,14.6,14.3,34,5,0,4.3,3,34,0.142229024943311,17.22,0.483443708609272,
198949d7-ddb1-48e6-b299-5890d1140f53,,1943,sowing,0.0888888888888889,33.8,20.5,6.6,9.8,13.9,13.5,33.1,4.9,0,3.5,3.4,33.1,0.13871387755102,16.28,0.411242603550296,
22e11e56-ad87-441a-a9df-d562275aa92a,,1944,sowing,0.133333333333333,24,21,5.2,9.1,15.8,13.1,27.5,4.5,0,3.1,4.8,27.5,0.115632176870748,16.26,0.658333333333333,
087d42f6-102c-4ed5-8045-05132d4edf8a,,1945,sowing,0.133333333333333,23.8,22,6.3,9.7,15.7,14.1,25.9,4.1,0,4.1,3.7,25.9,0.109048367346939,17.24,0.659663865546218,
4058634c-34ba-4f03-a799-5d483e822e83,,1946,sowing,0.133333333333333,31.3,22.3,8,10.8,14.3,15.1,26.3,4.1,0,5.1,2,26.3,0.110628843537415,17.96,0.456869009584665,
3f95fb4f-9d4d-4a97-a15e-55e0f2ed048c,,1947,sowing,0.133333333333333,26.8,22.2,7,10.2,15.1,14.6,19.3,3.9,0,4.6,3,19.3,0.0820834013605442,17.62,0.567164179104478,
dcb6ed0e-d47e-4765-9a6a-f75f46991f4d,,1948,sowing,0.133333333333333,27.5,22.7,7.7,10.6,15,15.2,13.5,3.1,0,5.2,2.3,13.5,0.0583780952380952,18.2,0.545454545454545,
c2e3f7d6-ff88-4e3f-88ba-e5603fa8ebc8,,1949,sowing,0.133333333333333,26,22,6.8,10.1,15.2,14.4,19.9,3.7,0,4.4,3.2,19.9,0.0845430612244898,17.44,0.584615384615385,
036e7464-0d8d-4860-a2f4-913e8b5e0651,,1950,sowing,0.111111111111111,32.3,21.2,7,10.1,14.1,14.1,44.7,5.6,0,4.1,3,44.7,0.185911768707483,16.92,0.439628482972136,
aed676f2-e10f-4c19-a064-c967b99eb920,,1951,sowing,0.111111111111111,33.7,21.1,7.4,10.4,13.7,14.3,26.8,4.8,0,4.3,2.6,26.8,0.1128420861678,17.04,0.406528189910979,
ae65f991-485d-4ca5-8f62-d0fde891d44e,,1952,sowing,0.133333333333333,26.2,21.7,6.5,9.8,15.2,14.1,18.5,3.7,0,4.1,3.5,18.5,0.0788444897959184,17.14,0.580152671755725,
c41f1047-3bf8-4794-977d-3568e403bd5c,,1953,sowing,0.133333333333333,26.7,22.2,7.1,10.1,15.1,14.6,14.3,3.1,0,4.6,2.9,14.3,0.0616750340136054,17.62,0.565543071161049,
df785b64-dfe2-4afc-8e53-c1ceafa8da55,,1954,sowing,0.111111111111111,31.4,21.4,7.2,10.1,14.2,14.3,43.5,5.7,0,4.3,2.8,43.5,0.181004739229025,17.14,0.452229299363057,
5bd90abf-fe3e-419d-9f4e-6b06b52731e7,,1955,sowing,0.111111111111111,32.8,21.9,8,10.7,13.9,14.9,19.8,3.8,0,4.9,2,19.8,0.0842440589569161,17.68,0.423780487804878,
d0b1da9f-5e8b-44b7-ad2d-6b1481d7e010,,1956,sowing,0.111111111111111,31.1,20.8,6.5,9.8,14.3,13.6,37.9,5.5,0,3.6,3.5,37.9,0.15817873015873,16.46,0.459807073954984,
9469592d-4c64-4a18-af54-184f1dc47713,,1957,sowing,0.155555555555556,19.8,22.8,6.5,9.9,16.3,14.6,23,4.1,0,4.6,3.5,23,0.0970524036281179,17.86,0.823232323232323,
67129e9b-c265-4efa-9b5a-bd23b40e0817,,1918,sowing,0.111111111111111,27.3,20.8,5.7,9.3,15.1,13.2,24.7,4.4,0,3.2,4.3,24.7,0.104318299319728,16.22,0.553113553113553,
2b61e9c8-25c2-4e33-b270-6405c6ccb32c,,1959,sowing,0.0888888888888889,33.8,20.1,6.3,9.8,13.8,13.2,55.6,6.4,0,3.2,3.7,55.6,0.230561496598639,15.96,0.408284023668639,
1710944d-affa-4e85-935e-cd0468f0d1ef,,1960,sowing,0.111111111111111,28.3,21,6.2,9.5,14.8,13.6,21.1,4,0,3.6,3.8,21.1,0.0896066893424036,16.56,0.522968197879859,
5763073c-0b42-48ca-b64c-327b547561ce,,1961,sowing,0.0888888888888889,36.2,20.7,7.2,10.6,13.4,13.9,35.5,5.5,0,3.9,2.8,35.5,0.148496916099773,16.58,0.37292817679558,
2f50b356-4257-440e-81fa-11f1aeb49f00,,1962,sowing,0.155555555555556,22.4,22.1,6.2,9.6,15.9,14.1,7.6,1.9,0,4.1,3.8,7.6,0.0342263945578231,17.28,0.709821428571429,
d60d5ac5-2227-4de0-894c-a58217782437,,1963,sowing,0.111111111111111,30.6,21,6.5,9.6,14.4,13.7,19,4,0,3.7,3.5,19,0.0810309297052154,16.58,0.473856209150327,
c56807b9-e3da-4aa7-ac34-e5d672496c37,,1964,sowing,0.155555555555556,23.2,22.7,7,10.1,15.7,14.8,7.3,2,0,4.8,3,7.3,0.0329584807256236,17.94,0.676724137931034,
b85f8bbf-8fc8-48c1-85cb-a806f0ac9a94,,1965,sowing,0.133333333333333,23.7,22.1,6.4,9.7,15.7,14.2,16.6,2.7,0,4.2,3.6,16.6,0.0710837414965986,17.34,0.662447257383966,
ffc39634-0ad1-4a1c-b03b-7502832501a1,,1966,sowing,0.133333333333333,25.4,22.1,6.6,9.8,15.5,14.3,18.1,2.8,0,4.3,3.4,18.1,0.0772009523809524,17.4,0.610236220472441,
40dfd919-53b4-42a4-8ba8-d2f740bcb264,,1967,sowing,0.0888888888888889,34.4,21.1,7.5,10.5,13.6,14.3,42.5,5.9,0,4.3,2.5,42.5,0.177053628117914,17.02,0.395348837209302,
518d4fd3-f8e7-4888-9bbb-163c404cea6a,,1968,sowing,0.0666666666666667,39.1,20.2,7.6,10.5,12.7,13.9,34.3,5.4,0,3.9,2.4,34.3,0.143724829931973,16.44,0.322250639386189,
dc698854-af31-4d3b-abb8-02fac9f49dbe,,1969,sowing,0.0888888888888889,33.8,21,7,10.2,14,14,32,4.3,0,4,3,32,0.134206757369615,16.8,0.414201183431953,
5a00a053-3f49-44c9-8d75-fcfc1e5ac60d,,1970,sowing,0.133333333333333,32.5,21.9,7.9,10.3,14,14.8,23.2,4.4,0,4.8,2.1,23.2,0.0979910884353741,17.6,0.430769230769231,
ded01a5d-0e39-4bb7-af50-fe548fc197a9,,1971,sowing,0.111111111111111,34,21,7.1,10.1,13.9,14,37.7,5.3,0,4,2.9,37.7,0.157344875283447,16.78,0.408823529411765,
1ba2b60f-514a-40c4-aa68-7a8aed070018,,1972,sowing,0.133333333333333,28.7,21.4,6.5,9.7,14.9,13.9,23.7,3.4,0,3.9,3.5,23.7,0.100079659863946,16.88,0.519163763066202,
509c2d03-8192-4caa-af4b-b71f5957563c,,1973,sowing,0.111111111111111,28.9,21.4,6.7,10,14.7,14,10.7,2.4,0,4,3.3,10.7,0.047140589569161,16.94,0.508650519031142,
81df8159-e464-4af9-af55-f43ea41bbf3a,,1974,sowing,0.111111111111111,34.1,20.9,7.1,10,13.8,14,35.3,4.9,0,4,2.9,35.3,0.147548752834467,16.76,0.404692082111437,
99c2508f-3fbe-47ca-a1d1-d980787e1ea3,,1975,sowing,0.133333333333333,27.7,21.8,6.7,10.3,15.1,14.2,24.9,4.7,0,4.2,3.3,24.9,0.104962517006803,17.22,0.545126353790614,
ef85ed44-377e-4832-ae08-c3b1ce1c08ae,,1976,sowing,0.0888888888888889,36.3,20.9,7.6,10.3,13.3,14.2,37.3,5.4,0,4.2,2.4,37.3,0.155832358276644,16.86,0.366391184573003,
dae798fe-f6a9-47a9-9b09-9bf552bbbd1b,,1977,sowing,0.111111111111111,28.9,20.9,6,9.4,14.9,13.4,36.2,5.1,0,3.4,4,36.2,0.15124820861678,16.38,0.515570934256055,
b7ecf0c9-5fba-46b3-b282-80bb750fb6a8,,1978,sowing,0.155555555555556,24.1,22.2,6.2,9.7,16,14.2,8.7,1.8,0,4.2,3.8,8.7,0.0387100453514739,17.4,0.663900414937759,
57902d1f-ff68-4cea-a221-0fc59eb868ba,,1979,sowing,0.133333333333333,30.6,22.4,7.8,10.5,14.5,15.1,28.1,4.6,0,5.1,2.2,28.1,0.117975170068027,18,0.477124183006536,
2fd4f5e2-5768-4456-a33f-44a994bb8810,,1980,sowing,0.155555555555556,21.4,22.8,6.4,9.8,16.4,14.6,10.8,2.2,0,4.6,3.6,10.8,0.0472562811791383,17.88,0.766355140186916,
8965a204-fe3c-46f4-945c-0d32f68a14fd,,1981,sowing,0.111111111111111,34.7,21.9,8,10.4,13.9,14.9,33.1,4.3,0,4.9,2,33.1,0.138529160997732,17.68,0.400576368876081,
7dee2c92-0f67-4db3-ab20-355e98ce8c6e,,1982,sowing,0.155555555555556,24,22.7,6.9,10,15.8,14.8,7.3,1.6,0,4.8,3.1,7.3,0.0329582766439909,17.96,0.658333333333333,
ae74ef02-8c5f-4793-acd9-2fedd595e0b6,,1983,sowing,0.111111111111111,32.5,21.9,7.8,10.9,14.1,14.8,31.9,5.1,0,4.8,2.2,31.9,0.133636757369615,17.62,0.433846153846154,
b965cbd4-71f9-44e4-a2a6-3f35f747fc6b,,1984,sowing,0.133333333333333,31.1,21.8,7.4,10.3,14.4,14.6,24.1,4.1,0,4.6,2.6,24.1,0.101675442176871,17.48,0.463022508038585,
4c445cd7-122e-4fb0-b750-83213e1f4e84,,1985,sowing,0.133333333333333,25.8,22.5,7.1,10.3,15.4,14.8,14.1,3.1,0,4.8,2.9,14.1,0.060848231292517,17.88,0.596899224806202,
b1b35e3d-1434-4af4-8830-8ff4535f406f,,1986,sowing,0.177777777777778,21,24.1,7.8,10.5,16.3,15.9,3.8,1,0,5.9,2.2,3.8,0.0184595238095238,19.16,0.776190476190476,
2728857c-d02c-45ea-a382-41cc1cee5a87,,1987,sowing,0.2,20,24.8,8.6,11.2,16.2,16.7,11.8,2.5,0,6.7,1.4,11.8,0.0509044897959184,19.94,0.81,
34e668ee-ce1d-4214-b650-634c8c9399a0,,1988,sowing,0.155555555555556,25.9,22.6,7.8,10.4,14.8,15.2,17.6,3.3,0,5.2,2.2,17.6,0.0749745124716553,18.16,0.571428571428572,
be600002-86d8-4a94-8309-6ea13e729aad,,1989,sowing,0.133333333333333,29,22.2,8.1,11,14.2,15.1,16.9,3.5,0,5.1,1.9,16.9,0.0722619047619047,17.94,0.486206896551724,
5637397a-0cc4-417e-8e33-fb7a4b59951f,,1990,sowing,0.133333333333333,25.1,22,7.1,10.5,14.9,14.5,12.2,2.8,0,4.5,2.9,12.2,0.0531098639455782,17.48,0.593625498007968,
ef31a75d-e31c-4b0d-99ed-edcd41018941,,1991,sowing,0.177777777777778,20.9,23.5,7.5,10.5,16,15.5,12.5,2.5,0,5.5,2.5,12.5,0.0539987528344671,18.7,0.76555023923445,
3f069270-beb8-4b89-9c38-c8cb31b0ac4c,,1992,sowing,0.177777777777778,21,23.3,6.6,10.1,16.6,14.9,6.4,1.5,0,4.9,3.4,6.4,0.029143514739229,18.22,0.795238095238095,
e1008762-f1a1-456a-b7dd-d5f3259aa918,,1993,sowing,0.155555555555556,27.4,22.8,7.8,10.5,15,15.3,17.2,3.6,0,5.3,2.2,17.2,0.0733357142857143,18.3,0.547445255474453,
b80fb699-bbca-41d0-8740-e4061fdb65f5,,1994,sowing,0.155555555555556,21.4,22.9,6.7,10,16.3,14.8,5.7,1.6,0,4.8,3.3,5.7,0.026427664399093,18.06,0.757009345794392,
4eba828b-24b5-483c-ad5d-521d039019f9,,1995,sowing,0.111111111111111,32.4,21.6,8.3,11,13.3,14.9,28.9,5.2,0,4.9,1.7,28.9,0.121387528344671,17.56,0.410493827160494,
ef5f2c00-f6c5-4e61-8b16-47a1e95f31b7,,1996,sowing,0.111111111111111,34.1,22,8.4,11.1,13.5,15.2,23,3.6,0,5.2,1.6,23,0.0972924943310657,17.9,0.398826979472141,
91d118ae-0c6b-4743-b2bc-2921281c4ce2,,1997,sowing,0.111111111111111,31.6,20.7,6.9,9.8,13.8,13.7,41.5,6,0,3.7,3.1,41.5,0.172868072562358,16.46,0.436708860759494,
2b5eca53-721d-4807-b3cb-7794f5a3a080,,1998,sowing,0.155555555555556,22.1,22.6,7.2,10.4,15.4,14.9,19.1,3.3,0,4.9,2.8,19.1,0.0811160090702948,17.98,0.69683257918552,
5421e56e-2f65-4299-aa33-00eb66a3fa8d,,1999,sowing,0.111111111111111,33.2,21.9,8.3,11.1,13.6,15.1,29.7,4.8,0,5.1,1.7,29.7,0.124643968253968,17.82,0.409638554216867,
64842e11-ddc1-488e-a4b4-3c612591bc65,,2000,sowing,0.111111111111111,25.1,21,6.3,9.5,14.7,13.6,22.1,3,0,3.6,3.7,22.1,0.0936883219954649,16.54,0.585657370517928,
47df7440-720c-4dd2-b35c-1c5dbf53ce96,,2001,sowing,0.133333333333333,25.8,22.4,7.6,10.6,14.9,15,22.9,3.8,0,5,2.4,22.9,0.0967563265306123,17.98,0.573643410852713,
237f66c4-04a7-429c-bc3e-382147f56490,,2002,sowing,0.133333333333333,27.3,22.2,7,10.1,15.2,14.6,33.2,4.9,0,4.6,3,33.2,0.138817891156463,17.64,0.556776556776557,
bb0a61cd-6ac0-408e-8a6e-3743065b7388,,2003,sowing,0.155555555555556,25.8,22.6,7.5,10.4,15.1,15,19.8,3.2,0,5,2.5,19.8,0.0839668027210884,18.02,0.585271317829457,
0451f600-4cfb-493d-831a-05415d4d4f48,,2004,sowing,0.177777777777778,22.6,24,8.4,10.7,15.5,16.2,8.6,1.9,0,6.2,1.6,8.6,0.03803,19.3,0.690265486725664,
129f196a-a257-49b0-b16b-93308259ed3f,,2005,sowing,0.155555555555556,25.2,23,8.3,10.9,14.7,15.6,19.6,3.4,0,5.6,1.7,19.6,0.0831134013605442,18.54,0.583333333333333,
cd9626f5-719a-4fdc-920d-f198ca880da1,,2006,sowing,0.111111111111111,28.7,20.5,6.1,9.5,14.4,13.3,37,4.9,0,3.3,3.9,37,0.154518253968254,16.18,0.501742160278746,
3d571e7d-35bf-478d-a017-38833efcb90f,,2007,sowing,0.177777777777778,19.8,23.4,7,10,16.4,15.2,16.4,2.2,0,5.2,3,16.4,0.0699378684807256,18.48,0.828282828282828,
fb9f3cc3-9627-4935-a9c1-87d4175cf94c,,2008,sowing,0.155555555555556,32.7,23.3,9.3,11.5,14,16.3,26.4,4.2,0,6.3,0.699999999999999,26.4,0.110825283446712,19.1,0.428134556574923,
3fa78e61-7801-4c03-9a0e-209c654c977f,,2009,sowing,0.133333333333333,28.3,22.7,8.1,10.9,14.6,15.4,17.6,4.3,0,5.4,1.9,17.6,0.0751025170068027,18.32,0.515901060070671,
defb6039-ae30-417f-a888-5cdb5ce96102,,2010,sowing,0.155555555555556,29.5,23.4,8.8,11.3,14.6,16.1,22.4,4.1,0,6.1,1.2,22.4,0.0945110430839002,19.02,0.494915254237288,
13fb696f-23d1-4d42-a1b5-b2a2766b78b9,,2011,sowing,0.133333333333333,32.8,22.2,8,10.7,14.3,15.1,44.6,5.9,0,5.1,2,44.6,0.185322517006803,17.96,0.432926829268293,
02d120fd-9c08-454c-a7c0-b01824d9a396,,2012,sowing,0.177777777777778,21.7,23.7,7.4,10.3,16.3,15.5,6.6,2,0,5.5,2.6,6.6,0.0299167120181406,18.76,0.751152073732719,
c7de7413-a262-4170-b266-95dce0f5fb87,,2013,sowing,0.177777777777778,22,23.7,7.7,10.5,16,15.7,10.7,2.5,0,5.7,2.3,10.7,0.0466373015873016,18.9,0.727272727272727,
d1c2f8d4-a72f-49c6-9b30-ee8b7cd5d2ff,,2014,sowing,0.177777777777778,25.6,23.9,8.3,10.9,15.6,16.1,18.6,3.9,0,6.1,1.7,18.6,0.0788539909297052,19.22,0.609375,
39e979d0-6fd8-4c33-b5ce-b4967e371355,,2015,sowing,0.2,22.1,25.2,8.5,10.9,16.7,16.8,8.9,2.3,0,6.8,1.5,8.9,0.0390589795918367,20.14,0.755656108597285,
e56891c7-ee74-4ae6-a505-9ce3b779ee99,,2016,sowing,0.155555555555556,28.7,23.1,8.1,10.6,15,15.6,27.2,4.8,0,5.6,1.9,27.2,0.114133197278912,18.6,0.522648083623693,
0d8aa138-09ec-42f0-a176-854a3bc02bc6,,2017,sowing,0.177777777777778,24.7,24.1,8.2,11,15.8,16.1,14.5,2.7,0,6.1,1.8,14.5,0.0621195011337868,19.26,0.643724696356275,
999243b0-c38f-415e-9359-d45c38016d35,,2018,sowing,0.177777777777778,27,23.7,8.3,10.7,15.4,16,20.2,4.3,0,6,1.7,20.2,0.0853914512471655,19.08,0.57037037037037,
8e6cbdd5-dd2e-4373-bb82-beff45d1c2b1,,2019,sowing,0.177777777777778,26.9,24.7,9.6,11.6,15.1,17.1,12.9,2.8,0,7.1,0.4,12.9,0.0555175510204082,20.12,0.561338289962825,
94adfbde-0f40-49d4-9b3c-567954239ce0,,2020,sowing,0.177777777777778,20.1,24,7.3,10.3,16.6,15.6,9.6,2,0,5.6,2.7,9.6,0.0421543537414966,18.92,0.830845771144278,
aa85cf3e-fd08-4bf2-b479-eeb39666bc78,,2021,sowing,0.177777777777778,21.9,23.6,7.5,10.2,16.1,15.5,12,2.7,0,5.5,2.5,12,0.0519573242630385,18.72,0.735159817351598,
a54cc171-1a33-4971-a069-3bec04d1f605,,2022,sowing,0.155555555555556,24.4,23.3,7.2,10.3,16,15.2,31,4.7,0,5.2,2.8,31,0.129668185941043,18.4,0.659836065573771,
f04fbeb1-4929-49a2-b82f-11f849786ddc,,1984,tillering,0.177777777777778,25.8,20.6,5.1,8.55,15.5,12.8,39.7,6,0,5.6,9.8,79.9,0.084154410430839,15.9,0.60077519379845,
253f2fe6-1e9b-4888-93d3-efee60f8f4dc,,1983,tillering,0.266666666666667,24.3,20.9,4.8,8,16.2,12.8,11.8,2.1,0,2.8,5.2,102.7,0.0508680272108844,16.04,0.662551440329218,
783c96c3-3790-4ba2-b213-2a7c3b0e4cc8,,1932,tillering,0.177777777777778,22.95,20.1,4.1,7.95,15.95,12.1,17.3,3.6,0,4.2,11.8,62.3,0.0384788095238095,15.29,0.697167755991285,
bbc2be75-b993-4116-8d1e-92efd28df464,,1982,tillering,0.288888888888889,22.1,21.9,5.2,8.4,16.7,13.5,7.3,1.8,0,3.5,4.8,55.6,0.0323028571428571,16.84,0.755656108597285,
c154163b-084f-42be-9c51-50df787884c0,,2004,tillering,0.2,21,20.95,5,8.35,15.95,12.9,28.2,5.5,0,5.8,10,47.7,0.060515,16.09,0.75952380952381,
4c290bc5-b74a-432b-8e3f-8db5cb32e46f,,1981,tillering,0.177777777777778,36,18.6,5,8.2,13.6,11.8,53.3,6.6,0,1.8,5,113.2,0.220793151927438,14.52,0.377777777777778,
7d6d7114-eeca-4d87-9131-cfc13d39ec61,,1980,tillering,0.2,22.85,20.95,4.85,8.25,16.1,12.85,25.4,5.2,0,5.7,10.3,47.2,0.0548549319727891,16.07,0.704595185995624,
d607efbb-b7f9-4318-a670-2da2b9e21a90,,1919,tillering,0.266666666666667,25.4,20.6,4.8,7.9,15.8,12.6,14.6,3.1,0,2.6,5.2,43.5,0.0623181632653061,15.76,0.622047244094488,
20e046dd-5177-4b22-bfbe-98ca8a2172cd,,1979,tillering,0.222222222222222,35.6,20.6,6.8,9.1,13.9,13.7,42,5.6,0,3.7,3.2,114.8,0.174286145124717,16.48,0.387640449438202,
fe9f17f2-bb9c-4963-bc42-9cfb0765730a,,2005,tillering,0.311111111111111,25,22.6,6,8.7,16.6,14.2,10.1,2.5,0,4.2,4,45.2,0.0435207029478458,17.52,0.664,
e7b44346-80c1-4c53-afa9-f776cc46d810,,1978,tillering,0.266666666666667,26.4,21.9,5.9,9.1,16,13.9,19.7,3.9,0,3.9,4.1,43.3,0.0829954421768707,17.1,0.606060606060606,
8a8c8841-4bbe-4de2-b4c7-aefee5108103,,1977,tillering,0.266666666666667,24.6,21,5,8.4,16,13,17.9,3.4,0,3,5,77.9,0.0757450340136054,16.2,0.650406504065041,
385366f1-f357-4ffc-b48c-27eeeffc98d5,,1931,tillering,0.266666666666667,25,21.2,5.3,8.3,15.9,13.2,11,2.4,0,3.2,4.7,60.1,0.0475597959183673,16.38,0.636,
6c7714b8-a646-413f-960b-5b4cdb9f7ca7,,1976,tillering,0.177777777777778,22.65,19.85,3.45,7.6,16.45,11.65,23.5,5,0,3.3,13.1,79.7,0.0511873922902494,14.94,0.724061810154526,
cd3bd936-942f-48b3-b5f5-f314ff4f853d,,2006,tillering,0.244444444444444,28.4,20.4,5.7,8.6,14.7,13,41.5,6,0,3,4.3,97.6,0.172189886621315,15.94,0.517605633802817,
5b9017b2-40fd-4340-b0b0-f00279c8c66b,,1975,tillering,0.266666666666667,23.6,20.9,4.5,8,16.3,12.7,13.5,2.6,0,2.7,5.5,71,0.0578176870748299,15.96,0.694915254237288,
b5c9bfcc-3204-46fb-bf2c-528ee8509d57,,1974,tillering,0.222222222222222,30.5,19.5,4.8,8.2,14.7,12.1,44.3,5.3,0,2.1,5.2,109.2,0.183817188208617,15.04,0.481967213114754,
4145d593-acf6-40f0-9af5-a8f863f6415f,,2021,tillering,0.288888888888889,24.1,21.7,5.2,8.4,16.5,13.4,20.8,3.8,0,3.4,4.8,56.7,0.0874166893424036,16.7,0.684647302904564,
975c6c12-c2a2-4226-9781-a221a1bae870,,1973,tillering,0.244444444444444,28.5,20.3,5,8.1,15.3,12.6,25,3.9,0,2.6,5,57.2,0.104881836734694,15.66,0.536842105263158,
67d9320c-3506-420b-993a-c5d8a47a8029,,2007,tillering,0.311111111111111,20.1,22.2,5.4,8.4,16.8,13.8,9.9,2.7,0,3.8,4.6,62.5,0.0427545578231292,17.16,0.835820895522388,
c8737b2d-470f-4487-825e-5df2d362eeb7,,1972,tillering,0.188888888888889,20.05,20.5,3.8,7.75,16.7,12.15,16.7,3.9,0,4.3,12.4,52.6,0.0372248866213152,15.49,0.832917705735661,
07273ed9-5831-4a4b-b339-db2bc213a13b,,1971,tillering,0.244444444444444,26,20.1,4.3,7.9,15.8,12.2,29.3,4.1,0,2.2,5.7,109.7,0.122472358276644,15.36,0.607692307692308,
c7e2cad0-5658-4023-aa85-8ebf9936fc4f,,1930,tillering,0.244444444444444,25.6,20.2,4.5,7.7,15.8,12.3,28.9,4.3,0,2.3,5.5,64.2,0.120829319727891,15.46,0.61328125,
ae4a6332-54a6-4164-aafa-3a730deaa41d,,1970,tillering,0.244444444444444,24.7,20.7,4.8,8.5,15.9,12.8,39.3,4.9,0,2.8,5.2,102.3,0.163230045351474,15.98,0.643724696356275,
86b7f526-c674-4fdb-9e3b-11aaa923bb30,,2008,tillering,0.211111111111111,21.3,21.45,5.6,8.75,15.9,13.5,27.4,5.2,0,7,8.8,75.8,0.058809693877551,16.68,0.744131455399061,
512320b0-757e-4206-b439-6cd96d18df21,,1969,tillering,0.288888888888889,22.9,21.8,5.7,8.6,16.1,13.7,8.8,2.2,0,3.7,4.3,57.9,0.0384021315192744,16.92,0.703056768558952,
f8bbdd50-e6b8-4cf0-86bf-fb1f8b366958,,1968,tillering,0.155555555555556,25.3,19.75,4.35,8.3,15.4,12,27.6,5.1,0,4,11.3,80,0.0596441496598639,15.08,0.608695652173913,
c1b5cafa-fc97-42d8-9731-07ac083f54d6,,1929,tillering,0.244444444444444,26.1,20.6,4.9,8.1,15.6,12.7,20.7,4.1,0,2.7,5.1,98.6,0.0873208390022675,15.82,0.601532567049808,
59b0bb09-642b-4e0b-bdd7-a05fad2a7ac7,,1967,tillering,0.266666666666667,24.2,20.9,5,8.2,15.9,12.9,12.2,3,0,2.9,5,88,0.0524902040816327,16.08,0.65702479338843,
de249ce0-ec1e-400c-9055-d8f47510b2e4,,2009,tillering,0.311111111111111,22.6,22.5,6.3,8.9,16.3,14.4,14.4,2.7,0,4.4,3.7,73.4,0.0610467346938775,17.66,0.716814159292035,
f19698ca-85f5-44e4-a6bf-5c0241b2cc84,,1966,tillering,0.266666666666667,25.2,21.5,5.5,8.3,16,13.5,15.8,2.9,0,3.5,4.5,55.6,0.0671189795918367,16.7,0.634920634920635,
35e59501-a26d-491b-ad41-0c99807294d2,,1965,tillering,0.288888888888889,25.4,22.1,6.3,8.9,15.9,14.2,15.1,2.8,0,4.2,3.7,70.6,0.0640580725623583,17.38,0.622047244094488,
07718c8c-178c-491a-bd54-182aad519e06,,1918,tillering,0.244444444444444,25.9,19.7,4,7.5,15.7,11.8,28.9,3.9,0,1.8,6,92.7,0.120878798185941,14.94,0.606177606177606,
979c88c5-64e2-4e70-81cf-bab5f1ce3ac7,,1964,tillering,0.166666666666667,23.35,19.3,3.45,7.6,15.85,11.35,20.8,4.4,0,2.7,13.1,62.5,0.0457406802721088,14.52,0.678800856531049,
4f79549c-9cd2-4aa3-abba-1eed66c092c7,,2010,tillering,0.311111111111111,18.3,22.7,6,8.7,16.7,14.3,8.5,1.9,0,4.3,4,55.4,0.0369773922902494,17.64,0.912568306010929,
d98c4515-4c54-4ccb-90f0-9cdfab23ec9c,,1963,tillering,0.288888888888889,22.1,21.2,4.7,7.8,16.5,12.9,14.6,2.9,0,2.9,5.3,94.2,0.0621682993197279,16.2,0.746606334841629,
4bc5368d-7700-4c2f-bf81-2c2e9a24e577,,1962,tillering,0.288888888888889,24.1,21.6,5.6,8.5,16,13.6,29.6,4.6,0,3.6,4.4,62.7,0.123311678004535,16.8,0.663900414937759,
d50176a1-d6f5-4897-9243-162f183faa7b,,1928,tillering,0.177777777777778,23.5,19.85,4.05,7.75,15.85,11.9,23.5,4.9,0,3.8,11.9,40.3,0.0511677437641723,15.07,0.672340425531915,
cb329458-0a11-46bf-a3c1-2aefd3f744bf,,1961,tillering,0.244444444444444,28,20.1,5,8.2,15,12.5,16.7,3.4,0,2.5,5,106,0.0710144671201814,15.5,0.539285714285714,
3d8f540d-638f-4d86-a851-223be543c40f,,2011,tillering,0.288888888888889,21.3,21.9,5.2,8.2,16.8,13.5,19.6,4,0,3.5,4.8,121.7,0.0825065306122449,16.86,0.784037558685446,
0ad6d7e1-3fb9-432f-9045-02fd9c2e869d,,1960,tillering,0.177777777777778,23.5,20.6,4.65,8.3,15.95,12.6,31,6,0,5.2,10.7,64.8,0.0663879138321996,15.79,0.678723404255319,
b9b5028a-cbe9-4464-8389-e90567295696,,1959,tillering,0.288888888888889,21.9,21.2,4.8,8.1,16.4,13,16.7,2.9,0,3,5.2,101.9,0.0707285487528345,16.28,0.748858447488584,
40355b60-881c-41b5-8ffb-d04f94d63179,,2022,tillering,0.288888888888889,23.3,22.2,5.5,8.5,16.7,13.8,17,4,0,3.8,4.5,85.2,0.0718595238095238,17.14,0.716738197424893,
9436b50c-8fa8-4a1a-88a5-cac85a6c762f,,1958,tillering,0.288888888888889,19.2,21.7,4.7,8.1,17,13.2,11.8,2.2,0,3.2,5.3,60,0.0507049659863945,16.6,0.885416666666667,
12be5e9b-ff29-473a-a3bc-795b7041e862,,2012,tillering,0.188888888888889,24.35,20.65,4.85,8.4,15.85,12.75,39,6.4,0,5.5,10.3,72.3,0.082668843537415,15.92,0.648870636550308,
55ba646a-4ca7-4fba-853d-6bd14f2578eb,,1957,tillering,0.266666666666667,23.3,21,4.9,8.1,16.2,12.9,29.9,4.6,0,2.9,5.1,104.7,0.124734897959184,16.14,0.690987124463519,
1fa87f07-e23b-47e8-8ba6-1345b62f8f5f,,1956,tillering,0.188888888888889,22.2,20.65,4.55,8.15,16.15,12.55,22.1,4.3,0,5.1,10.9,72.6,0.048210283446712,15.78,0.725225225225225,
eac96895-6a1a-4761-b920-b23585980a4e,,1927,tillering,0.266666666666667,24.7,21,5,8.1,16,12.9,17.5,3.3,0,2.9,5,54.5,0.0741226530612245,16.1,0.647773279352227,
de7dae19-562d-42a5-929c-87fabe2444b6,,1955,tillering,0.244444444444444,24.8,19.7,3.8,7.6,15.9,11.7,15.4,2.8,0,1.7,6.2,73.9,0.0657869387755102,14.88,0.641129032258064,
036223d6-a96c-46f6-97ad-480461e735ba,,2013,tillering,0.266666666666667,22.4,21.3,4.9,8.2,16.4,13,17.9,3,0,3,5.1,52.6,0.0757446258503401,16.28,0.732142857142857,
cdf3a936-e4ed-4362-9096-504bed97d101,,1954,tillering,0.288888888888889,21.4,21.1,4.6,7.9,16.5,12.9,18.2,2.8,0,2.9,5.4,90.8,0.076862380952381,16.2,0.771028037383178,
b67268d2-9f5b-4a07-9c02-14b5f69a113f,,1953,tillering,0.244444444444444,26.8,20.3,4.8,8,15.6,12.5,20.6,3.6,0,2.5,5.2,60.4,0.0869324263038549,15.62,0.578358208955224,
a1878562-2161-4fdd-bbba-1e20792172c8,,1926,tillering,0.266666666666667,24.2,20.5,4.4,7.7,16.1,12.4,5.7,1.6,0,2.4,5.6,61.5,0.0260129931972789,15.62,0.665289256198347,
538a0b95-be30-42d7-83f3-a8998160a528,,1952,tillering,0.166666666666667,25.65,19.95,4.65,8.25,15.4,12.3,48.4,8.2,0,4.6,10.7,81.4,0.102000510204082,15.38,0.596491228070176,
cd06fb4d-57a7-4e44-b89d-a8ec25171638,,2014,tillering,0.288888888888889,27.1,22.1,6.5,9.1,15.5,14.3,19.2,3.6,0,4.3,3.5,60.8,0.0807813832199547,17.4,0.575645756457565,
9bba251f-2a07-46fb-a373-5e2f5484ca90,,1951,tillering,0.266666666666667,21.9,20.9,4.4,7.8,16.5,12.6,22,3.4,0,2.6,5.6,83.1,0.0925220408163265,15.9,0.753424657534247,
fe1fd48d-2ef3-4624-8c3e-67a65614ad47,,1950,tillering,0.222222222222222,31.2,20.3,5.7,8.6,14.7,13,26,4,0,3,4.3,100.4,0.109042494331066,15.94,0.467948717948718,
118a9587-95a4-4a60-b4c0-934adb961c2f,,1925,tillering,0.266666666666667,24.6,21.3,5.2,8.3,16,13.2,7.7,2.3,0,3.2,4.8,93.9,0.0340904081632653,16.4,0.654471544715447,
804bd887-d94c-4aa3-abd1-005acbc34ce4,,1949,tillering,0.266666666666667,25.2,21.2,5.3,8.4,15.9,13.2,11.3,2.8,0,3.2,4.7,51,0.0487844897959184,16.38,0.630952380952381,
ad20e1fa-f368-4576-9e43-18089b54e114,,2015,tillering,0.333333333333333,24.9,24,7,9.3,17,15.5,14.4,2.9,0,5.5,3,74.9,0.0607672789115646,18.9,0.682730923694779,
54b7e7cb-8c71-4453-9f5d-67d4c7a56265,,1948,tillering,0.211111111111111,19.3,21.2,4.45,8.2,16.75,12.8,17.4,4,0,5.6,11.1,36.4,0.0384648072562358,16.15,0.867875647668394,
05a8c709-0e89-4e5b-a26b-381c3da259c5,,1947,tillering,0.333333333333333,15.3,23.2,5.2,8.3,18,14.1,6.3,1.7,0,4.1,4.8,63.4,0.0278944897959184,17.7,1.17647058823529,
3a2a3d9b-17e6-462f-bd8a-d172dbe98766,,1924,tillering,0.166666666666667,23.85,19.1,3.35,7.4,15.8,11.2,24.7,4.9,0,2.4,13.3,51.9,0.0537175963718821,14.36,0.660377358490566,
d63dcf28-54bf-4596-8ea5-8408bb72a0bc,,1946,tillering,0.288888888888889,19.4,21.7,4.5,8,17.1,13.1,6.7,1.7,0,3.1,5.5,48.5,0.0299002267573696,16.52,0.88659793814433,
866f859e-65f5-426b-8d13-feab78e95664,,2016,tillering,0.222222222222222,21.2,21.85,5.3,8.6,16.55,13.55,32.1,7.3,0,7.1,9.4,70.2,0.0683100680272109,16.86,0.780660377358491,
4d1cdc3e-0b51-4cf1-b7ab-9780660528a2,,1945,tillering,0.311111111111111,20.3,22,5,8.1,17.1,13.5,9.2,2,0,3.5,5,65.9,0.0399348979591837,16.92,0.83743842364532,
7cd42d43-2337-4a54-b312-46dc3ff7c1dc,,1944,tillering,0.211111111111111,19.65,21.3,4.55,8.2,16.75,12.9,21.9,4.7,0,5.8,10.9,82.4,0.047623537414966,16.25,0.852417302798982,
002c494a-32fe-4043-9dd4-b1d2ef092c7e,,1923,tillering,0.266666666666667,25.4,21,5.2,8.2,15.8,13.1,9.1,2.4,0,3.1,4.8,78.5,0.0398153741496599,16.26,0.622047244094488,
2635cf12-0991-4da0-b948-9249f8447664,,1943,tillering,0.2,31.6,18.7,4.3,7.8,14.4,11.5,43.6,5.7,0,1.5,5.7,112,0.181117959183673,14.38,0.455696202531646,
dfb6988e-e0e8-4f93-9a5f-95bec963f220,,2017,tillering,0.311111111111111,22.6,22.3,5.6,8.5,16.7,13.9,13.1,2.4,0,3.9,4.4,43.2,0.0558032879818594,17.24,0.738938053097345,
3b323ddf-5e83-4bd4-9bdb-6be0c93281dc,,1942,tillering,0.266666666666667,24.7,21.4,5.4,8.5,16,13.3,23.7,3.9,0,3.3,4.6,85.8,0.0993860544217687,16.5,0.647773279352227,
0627dba4-c33b-4d96-8cf1-c97ec5059108,,1941,tillering,0.288888888888889,24.1,22.1,6,8.8,16.1,14,14.7,3.2,0,4,4,59,0.062448798185941,17.22,0.66804979253112,
9f97aa44-7289-4b9b-a9ea-3073ba11dd8c,,1922,tillering,0.266666666666667,25.4,20.5,4.7,7.9,15.8,12.6,30.6,4.6,0,2.6,5.3,95.6,0.127624285714286,15.76,0.622047244094488,
1b79d5e4-22cb-471d-add7-32ada17f8fc6,,1940,tillering,0.211111111111111,17.7,21.4,4.25,8.05,17.05,12.8,16.7,4.6,0,5.6,11.5,72.8,0.0370196031746032,16.21,0.968926553672316,
5735bd27-3e2c-44d6-bf5b-dafc2b0fa907,,2018,tillering,0.288888888888889,25,21.3,5.1,8,16.2,13.2,17.7,2.8,0,3.2,4.9,54.9,0.0747863945578231,16.44,0.648,
97f9a922-4537-4446-a13c-25cfb0eb2fac,,1939,tillering,0.244444444444444,25.4,20.5,4.7,8,15.8,12.6,38.6,5.4,0,2.6,5.3,106.5,0.160391836734694,15.76,0.622047244094488,
0d6f1ecf-d47a-4fa8-b597-8909257c3cc7,,1938,tillering,0.244444444444444,26,20.4,4.8,8,15.6,12.6,13.4,2.9,0,2.6,5.2,66.9,0.057534693877551,15.72,0.6,
264cf50b-ebb1-40e2-b48e-6a01a3ae6581,,1921,tillering,0.244444444444444,25,19.7,3.8,7.3,15.9,11.7,9,2,0,1.7,6.2,67.6,0.0396638775510204,14.88,0.636,
58645bf4-1eae-49b2-affb-e6bb67239542,,1937,tillering,0.266666666666667,25.3,21.6,5.8,8.6,15.8,13.7,5.4,1.4,0,3.7,4.2,44.9,0.024648843537415,16.86,0.624505928853755,
27352c5c-7303-4526-8f9b-9cfd7f09777f,,2019,tillering,0.333333333333333,18.4,23.5,6.4,9,17.1,14.9,6.4,1.7,0,4.9,3.6,39.3,0.0281952380952381,18.32,0.929347826086957,
9f65e2ef-06e5-48b7-a630-3953e801f987,,1936,tillering,0.188888888888889,23.35,20.75,4.85,8.4,15.85,12.75,22.2,4.3,0,5.5,10.3,73.8,0.048391746031746,15.92,0.680942184154176,
103d6604-62c1-4c02-a6d3-a884310da76a,,1998,tillering,0.266666666666667,23,21.5,6.2,8.9,15.4,13.8,15.1,2.9,0,3.8,3.8,49.1,0.0642304081632653,16.88,0.665217391304348,
eef657d4-ea42-43a7-a5e6-92c5e04bc758,,1935,tillering,0.222222222222222,25.3,19.4,3.6,7.4,15.8,11.5,17.6,3.3,0,1.5,6.4,96.8,0.0748903854875283,14.66,0.624505928853755,
6a68ded7-3858-45de-a907-202ee41cc066,,1997,tillering,0.288888888888889,25.8,22.4,6.5,9,15.8,14.4,14.6,3,0,4.4,3.5,101.8,0.0619938775510204,17.56,0.616279069767442,
da1fd390-67be-491a-a25e-0e5b017fdba0,,1999,tillering,0.288888888888889,20,22.1,5.7,8.6,16.4,13.8,14,2.6,0,3.8,4.3,64.9,0.0596148299319728,17.08,0.82,
42745301-9998-49f4-9899-1f7dde6343e5,,1996,tillering,0.133333333333333,26.85,18.15,3.95,8,14.2,11.05,50.4,9,0,2.1,12.1,81.3,0.106315646258503,13.89,0.528864059590317,
cdb6dac0-c3b5-4f12-b460-8ade1cceb202,,1995,tillering,0.288888888888889,23,22,6.2,9,15.8,14.1,15.3,3.4,0,4.1,3.8,65.8,0.0648863945578231,17.26,0.68695652173913,
3ea0c659-d1fc-4ef4-be48-94dc9cad5ae6,,1920,tillering,0.177777777777778,23.55,20.25,4.45,8.05,15.8,12.35,29.3,5.7,0,4.7,11.1,65.3,0.0629706235827664,15.51,0.670912951167728,
9435359e-9257-4b2f-87aa-8375b7ceff24,,1994,tillering,0.266666666666667,22,21,5.2,8.3,15.9,13.1,13.1,2.5,0,3.1,4.8,53.7,0.0561421088435374,16.28,0.718181818181818,
11fd9d0c-8087-4f64-b4f4-24326f61440e,,2000,tillering,0.211111111111111,18.95,21.2,4.7,8.25,16.5,12.9,18.4,4.6,0,5.8,10.6,50.9,0.0404767006802721,16.2,0.870712401055409,
a60c79f9-ef95-455d-b389-8e4e2cb9ad03,,1993,tillering,0.266666666666667,26.3,21.5,6.2,8.9,15.3,13.8,15.1,3.7,0,3.8,3.8,59.5,0.0642304081632653,16.86,0.581749049429658,
6605839f-979a-4205-96ea-85a18334dc73,,1992,tillering,0.166666666666667,25.7,20.1,4.85,8.3,15.25,12.5,36.2,6.5,0,5,10.3,57,0.0771167120181406,15.55,0.593385214007782,
751e5561-e4f2-45b0-b261-a14c275c4c97,,1934,tillering,0.266666666666667,25.9,21.6,5.9,8.8,15.7,13.7,16.2,2.8,0,3.7,4.1,80.5,0.0687308843537415,16.84,0.606177606177606,
aba2b293-c7c2-4666-8fd4-d3bcc2c04c7b,,1991,tillering,0.266666666666667,22,21,4.8,8.3,16.2,12.9,6.5,1.6,0,2.9,5.2,58.5,0.0292251020408163,16.14,0.736363636363636,
6c709f47-74c4-4bad-935a-0d26562714b4,,2001,tillering,0.266666666666667,24.2,21.4,5.6,8.6,15.8,13.5,23.9,3.3,0,3.5,4.4,78.9,0.100180816326531,16.66,0.652892561983471,
a6b66031-1393-4903-8391-d680fe400953,,1990,tillering,0.266666666666667,25.4,21.2,5.6,8.4,15.6,13.4,14,2.6,0,3.4,4.4,55.7,0.0597831292517007,16.52,0.614173228346457,
9dddf3e7-0003-4673-988e-7eee32f65ebb,,1989,tillering,0.311111111111111,21.3,22.7,6.3,9.3,16.4,14.5,10.4,2.3,0,4.5,3.7,61.7,0.0447083219954648,17.78,0.769953051643192,
6b700dca-6eb3-4015-afdb-6b54d4f82ab7,,2020,tillering,0.2,19.45,20.85,4.4,8.1,16.45,12.6,25.5,5.5,0,5.2,11.2,47.2,0.0551049659863946,15.89,0.845758354755784,
651abeb7-db7d-4daf-9c2c-fd30e7898cca,,1988,tillering,0.211111111111111,20,21.2,4.95,8.3,16.25,13.05,27.4,5.1,0,6.1,10.1,64.6,0.0588332653061224,16.3,0.8125,
a3987a16-ed8c-44a9-a644-c26f0aafb189,,2002,tillering,0.244444444444444,31.8,21.2,6.6,9,14.7,13.9,34.2,4.9,0,3.9,3.4,104.7,0.142304988662132,16.84,0.459119496855346,
878a58f6-0bee-47f2-8e3f-666ef396ab87,,1987,tillering,0.266666666666667,25.7,20.9,5.8,8.5,15.1,13.3,27.5,4.2,0,3.3,4.2,69.7,0.114896258503401,16.32,0.587548638132296,
6ec005bc-dd83-4455-a60f-ba7b3c8bf919,,1986,tillering,0.266666666666667,28.8,22,6.6,9.1,15.3,14.3,28.6,4,0,4.3,3.4,65.8,0.11927843537415,17.36,0.534722222222222,
561650f2-b323-4b2b-9b4a-26956832b50d,,1933,tillering,0.266666666666667,25.2,20.7,4.8,8,15.9,12.7,19.3,3.3,0,2.7,5.2,58.4,0.081491156462585,15.88,0.630952380952381,
1fdbb85d-8818-4210-af02-d37a25f81a8d,,1985,tillering,0.311111111111111,20.7,23.2,6.4,9,16.7,14.8,6.2,1.8,0,4.8,3.6,46.5,0.0275267573696145,18.14,0.811594202898551,
e324ced4-76ad-4149-a91d-fa42d18a7aa3,,2003,tillering,0.244444444444444,22.5,20.3,4.2,7.8,16.1,12.2,18.9,3.7,0,2.2,5.8,57.2,0.0800231746031746,15.42,0.715555555555556,