"year","stage","pet","cloud_cover","maximum_temperature","minimum_temperature","vapour_pressure","diurnal_temperature_range","mean_temperature","precipitation","rain_days","ground_frost_frequency","gdd","hdd","cumulative_precipitation","soil_moisture_index","soil_temperature_index","uv_index"
1918,"sowing",2.3,27.3,20.8,5.7,9.3,15.1,13.2,24.7,4.4,5.6,8.25,8.2,24.7,-9.73913043478261,13.25,0.553113553113553
1918,"germination",2.1,22.75,18.6,3.05,7.55,15.5,10.8,39.1,6.9,21.6,11.65,11.6,63.8,-17.6190476190476,10.825,0.683516483516484
1918,"tillering",2.9,25.9,19.7,4,7.5,15.7,11.8,28.9,3.9,8.7,6.85,6.8,92.7,-8.96551724137931,11.85,0.606177606177606
1918,"heading",4.35,36.45,24.85,9.8,10.6,15.1,17.3,79.9,12.9,2.1,24.65,24.6,172.6,-17.367816091954,17.325,0.412894375857339
1918,"maturity",5.45,41.95,27.95,13.75,13.5,14.15,20.85,106.8,13.9,0.1,31.7,31.7,279.4,-18.5963302752294,20.85,0.33849821215733
1919,"sowing",2.3,28.8,21,6.2,9.5,14.7,13.6,10.5,2.4,4.7,8.6,8.6,10.5,-3.56521739130435,13.6,0.513888888888889
1919,"germination",2.1,23.5,19,3.6,7.95,15.4,11.3,18.4,4,19.3,12.6,12.6,28.9,-7.76190476190476,11.3,0.65531914893617
1919,"tillering",3,25.4,20.6,4.8,7.9,15.8,12.6,14.6,3.1,7.3,7.7,7.6,43.5,-3.86666666666667,12.7,0.622047244094488
1919,"heading",4.3,36.25,24.1,8.95,10.05,15.1,16.5,33.9,7.9,3.8,23.05,23,77.4,-6.88372093023256,16.525,0.417931034482759
1919,"maturity",5.45,42.25,27.8,13.7,13.35,14.1,20.75,90.8,13.8,0.1,31.5,31.5,168.2,-15.6605504587156,20.75,0.333727810650888
1920,"sowing",2.4,28,21.6,6.7,9.8,14.9,14.1,19.9,3.8,4.1,9.15,9.1,19.9,-7.29166666666667,14.15,0.532142857142857
1920,"germination",2,22.6,18.3,2.7,7.4,15.6,10.5,16.1,2.8,11.3,5.5,5.5,36,-7.05,10.5,0.690265486725664
1920,"tillering",2.6,23.55,20.25,4.45,8.05,15.8,12.35,29.3,5.7,16.1,14.7,14.7,65.3,-10.2692307692308,12.35,0.670912951167728
1920,"heading",4.25,37.25,23.95,9,9.95,14.95,16.45,78.6,11.7,3.3,22.95,22.9,143.9,-17.4941176470588,16.475,0.401342281879195
1920,"maturity",5.55,41.6,28.6,14.3,13.95,14.3,21.45,94.9,14.4,0,32.9,32.9,238.8,-16.0990990990991,21.45,0.34375
1921,"sowing",2.3,29,20.8,6.2,9.4,14.7,13.5,24.2,4.2,4.9,8.5,8.5,24.2,-9.52173913043478,13.5,0.503448275862069
1921,"germination",2.05,22.7,18.15,2.6,7.35,15.55,10.35,34.4,5.3,23.6,10.75,10.7,58.6,-15.780487804878,10.375,0.685022026431718
1921,"tillering",2.9,25,19.7,3.8,7.3,15.9,11.7,9,2,9.3,6.75,6.7,67.6,-2.10344827586207,11.75,0.636
1921,"heading",4.3,36.1,23.9,8.75,9.85,15.2,16.3,60,9.5,3.8,22.65,22.6,127.6,-12.953488372093,16.325,0.419667590027701
1921,"maturity",5.4,42.55,27.5,13.5,13.2,14,20.5,175.7,19.4,0.1,31,31,303.3,-31.537037037037,20.5,0.329024676850764
1922,"sowing",2.3,28.7,21,6.3,9.4,14.8,13.6,29.6,4.5,4.8,8.65,8.6,29.6,-11.8695652173913,13.65,0.51219512195122
1922,"germination",2.1,23.35,18.9,3.5,7.85,15.4,11.2,35.4,5.4,20,12.4,12.4,65,-15.8571428571429,11.2,0.659528907922912
1922,"tillering",3,25.4,20.5,4.7,7.9,15.8,12.6,30.6,4.6,7.7,7.6,7.6,95.6,-9.2,12.6,0.622047244094488
1922,"heading",4.3,37.7,24.55,9.7,10.55,14.85,17.1,62.6,9.5,2.1,24.25,24.2,158.2,-13.5581395348837,17.125,0.393899204244032
1922,"maturity",5.5,42.05,28.15,14.05,13.75,14.1,21.1,129.3,15.8,0.1,32.2,32.2,287.5,-22.5090909090909,21.1,0.335315101070155
1923,"sowing",2.4,27.1,21.1,5.9,9.2,15.1,13.5,26.5,4.3,5.2,8.5,8.5,26.5,-10.0416666666667,13.5,0.560885608856089
1923,"germination",2.1,22.3,18.85,3.2,7.65,15.65,11.05,42.9,7.4,21,12.05,12.1,69.4,-19.4285714285714,11.025,0.701793721973094
1923,"tillering",3,25.4,21,5.2,8.2,15.8,13.1,9.1,2.4,6.5,8.1,8.1,78.5,-2.03333333333333,13.1,0.622047244094488
1923,"heading",4.45,35.55,25.3,10.05,10.85,15.25,17.65,28,6.9,2.2,25.35,25.3,106.5,-5.29213483146067,17.675,0.428973277074543
1923,"maturity",5.55,42.25,28.65,14.6,14.2,14.1,21.6,100.8,14.5,0,33.25,33.2,207.3,-17.1621621621622,21.625,0.332544378698225
1924,"sowing",2.3,27.7,21,6,9.4,15,13.5,17.7,3.4,5.1,8.5,8.5,17.7,-6.69565217391304,13.5,0.541516245487365
1924,"germination",2,23.5,18.5,3.1,7.7,15.3,10.8,9.5,1.9,10.5,5.8,5.8,27.2,-3.75,10.8,0.65531914893617
1924,"tillering",2.55,23.85,19.1,3.35,7.4,15.8,11.2,24.7,4.9,20.6,12.45,12.4,51.9,-8.68627450980392,11.225,0.660377358490566
1924,"heading",4.3,37.2,23.9,8.95,9.9,14.9,16.35,67.9,10.2,3.1,22.85,22.7,119.8,-14.7906976744186,16.425,0.401881720430108
1924,"maturity",5.35,42.65,27.55,13.6,13.35,14,20.55,169.5,18.6,0.1,31.15,31.1,289.3,-30.6822429906542,20.575,0.327080890973036
1925,"sowing",2.3,29.2,21,6.3,9.6,14.7,13.6,37,5.3,4.7,8.65,8.6,37,-15.0869565217391,13.65,0.503424657534247
1925,"germination",2.1,22.15,18.5,2.8,7.45,15.7,10.6,49.2,8,22.8,11.3,11.2,86.2,-22.4285714285714,10.65,0.708803611738149
1925,"tillering",3,24.6,21.3,5.2,8.3,16,13.2,7.7,2.3,6.4,8.25,8.2,93.9,-1.56666666666667,13.25,0.654471544715447
1925,"heading",4.25,37.25,23.95,9.05,10.05,14.95,16.45,75.1,11.1,2.9,23,22.9,169,-16.6705882352941,16.5,0.4
1925,"maturity",5.55,41.55,28.4,14.15,13.75,14.3,21.25,82.9,14,0.1,32.55,32.5,251.9,-13.9369369369369,21.275,0.342960288808664
1926,"sowing",2.4,27.8,21.7,6.7,9.8,15,14.1,24.7,4.4,4.1,9.2,9.1,24.7,-9.29166666666667,14.2,0.539568345323741
1926,"germination",2,23.8,18.15,2.9,7.5,15.3,10.45,31.1,5.9,22.7,11.05,10.9,55.8,-14.55,10.525,0.640756302521008
1926,"tillering",3,24.2,20.5,4.4,7.7,16.1,12.4,5.7,1.6,8,7.45,7.4,61.5,-0.9,12.45,0.665289256198347
1926,"heading",4.25,36.55,24,8.95,9.95,15.05,16.5,66.5,10.7,3.4,22.95,23,128,-14.6470588235294,16.475,0.411764705882353
1926,"maturity",5.5,41.3,27.85,13.55,13.25,14.3,20.65,105.4,15,0.1,31.4,31.3,233.4,-18.1636363636364,20.7,0.346246973365617
1927,"sowing",2.4,26.5,21.4,6.1,9.6,15.3,13.7,12.4,2.7,4.8,8.75,8.7,12.4,-4.16666666666667,13.75,0.577358490566038
1927,"germination",2.1,23.3,19.2,3.75,8.05,15.45,11.45,24.6,4.8,18.7,12.95,12.9,37,-10.7142857142857,11.475,0.663090128755365
1927,"tillering",3,24.7,21,5,8.1,16,12.9,17.5,3.3,6.9,8,7.9,54.5,-4.83333333333333,13,0.647773279352227
1927,"heading",4.4,36.1,25.1,9.95,10.7,15.2,17.55,62.5,9.1,1.7,25.05,25.1,117,-13.2045454545455,17.525,0.419667590027701
1927,"maturity",5.55,41.8,28.65,14.4,14.1,14.2,21.5,92.5,13.7,0,33.05,33,209.5,-15.6666666666667,21.525,0.340909090909091
1928,"sowing",2.4,28.9,21.5,6.7,9.8,14.7,14.1,7,1.8,4,9.1,9.1,7,-1.91666666666667,14.1,0.512110726643599
1928,"germination",2,23.7,19,3.7,8,15.3,11.3,9.8,1.9,9.4,6.35,6.3,16.8,-3.9,11.35,0.645569620253165
1928,"tillering",2.6,23.5,19.85,4.05,7.75,15.85,11.9,23.5,4.9,17.6,13.9,13.8,40.3,-8.03846153846154,11.95,0.672340425531915
1928,"heading",4.3,37.35,24.15,9.25,10.15,14.95,16.65,62.7,10.8,3.3,23.4,23.3,103,-13.5813953488372,16.7,0.398929049531459
1928,"maturity",5.55,41.8,28.25,14.15,13.85,14.15,21.2,107.6,15.2,0.1,32.4,32.4,210.6,-18.3873873873874,21.2,0.337320574162679
1929,"sowing",2.4,27.8,22.1,7.1,10.2,15,14.6,20.8,4,3.4,9.6,9.6,20.8,-7.66666666666667,14.6,0.539568345323741
1929,"germination",2.1,23.55,18.95,3.6,7.9,15.35,11.25,57.1,8.7,19.5,12.55,12.5,77.9,-26.1904761904762,11.275,0.651804670912951
1929,"tillering",2.9,26.1,20.6,4.9,8.1,15.6,12.7,20.7,4.1,6.9,7.75,7.7,98.6,-6.13793103448276,12.75,0.601532567049808
1929,"heading",4.35,38,24.7,9.95,10.65,14.75,17.3,111.1,14,2.2,24.65,24.6,209.7,-24.5402298850575,17.325,0.388157894736842
1929,"maturity",5.5,42.5,28.2,14.25,13.9,14,21.2,128.9,16.1,0,32.45,32.4,338.6,-22.4363636363636,21.225,0.328235294117647
1930,"sowing",2.4,28.3,21.7,6.8,9.9,14.9,14.2,13.2,3,3.9,9.25,9.2,13.2,-4.5,14.25,0.526501766784452
1930,"germination",2.1,23.3,18.85,3.45,7.85,15.4,11.15,22.1,4.7,19.9,12.3,12.3,35.3,-9.52380952380952,11.15,0.660944206008584
1930,"tillering",2.9,25.6,20.2,4.5,7.7,15.8,12.3,28.9,4.3,7.9,7.35,7.3,64.2,-8.96551724137931,12.35,0.61328125
1930,"heading",4.3,36.9,24.05,9.05,10.05,14.95,16.55,49.1,8.9,3.7,23.1,23.1,113.3,-10.4186046511628,16.55,0.40650406504065
1930,"maturity",5.55,41.75,28.8,14.6,14.25,14.2,21.65,96.2,13.9,0,33.4,33.3,209.5,-16.3333333333333,21.7,0.340119760479042
1931,"sowing",2.4,28.2,22.8,7.9,10.8,14.9,15.3,5.3,1.5,2.5,10.35,10.3,5.3,-1.20833333333333,15.35,0.528368794326241
1931,"germination",2.05,24.1,18.6,3.4,7.8,15.25,11,43.8,6.7,20.5,12,12,49.1,-20.3658536585366,11,0.630705394190871
1931,"tillering",3,25,21.2,5.3,8.3,15.9,13.2,11,2.4,6.4,8.25,8.2,60.1,-2.66666666666667,13.25,0.636
1931,"heading",4.3,36.35,24.45,9.3,10.2,15.15,16.85,53.6,9.5,2.7,23.75,23.7,113.7,-11.4651162790698,16.875,0.416781292984869
1931,"maturity",5.55,42.1,28.65,14.5,14.15,14.15,21.55,117.1,15.5,0,33.15,33.1,230.8,-20.0990990990991,21.575,0.336104513064133
1932,"sowing",2.4,29.3,22.3,7.6,10.5,14.6,14.9,30.7,4.7,2.8,9.95,9.9,30.7,-11.7916666666667,14.95,0.501706484641638
1932,"germination",2,24.6,19.1,4,8.3,15.1,11.6,14.3,3,8.6,6.55,6.6,45,-6.15,11.55,0.613821138211382
1932,"tillering",2.6,22.95,20.1,4.1,7.95,15.95,12.1,17.3,3.6,17.4,14.2,14.2,62.3,-5.65384615384615,12.1,0.697167755991285
1932,"heading",4.35,36.45,24.9,9.85,10.7,15.05,17.35,71.8,11.8,2.3,24.75,24.7,134.1,-15.5057471264368,17.375,0.412894375857339
1932,"maturity",5.55,41.95,28.75,14.55,14.15,14.2,21.65,107.4,14.2,0,33.3,33.3,241.5,-18.3513513513514,21.65,0.33849821215733
1933,"sowing",2.4,27.4,22.4,7.4,10.4,15.1,14.9,9,2.3,3,9.9,9.9,9,-2.75,14.9,0.547445255474453
1933,"germination",2.1,22.5,19.05,3.4,7.85,15.6,11.2,30.1,5.6,20.1,12.45,12.4,39.1,-13.3333333333333,11.225,0.695555555555555
1933,"tillering",3,25.2,20.7,4.8,8,15.9,12.7,19.3,3.3,7.1,7.75,7.7,58.4,-5.43333333333333,12.75,0.630952380952381
1933,"heading",4.4,35.65,25.15,9.9,10.7,15.2,17.5,23.6,6.1,2,25.05,25,82,-4.36363636363636,17.525,0.427769985974755
1933,"maturity",5.5,41.75,28.3,14.05,13.8,14.25,21.1,185.7,19.9,0,32.35,32.2,267.7,-32.7636363636364,21.175,0.341317365269461
1934,"sowing",2.4,28.4,23.1,8.3,11.1,14.8,15.7,28.8,4.7,2.1,10.7,10.7,28.8,-11,15.7,0.52112676056338
1934,"germination",2.1,24.45,19.55,4.45,8.55,15.1,12,35.5,5.9,16.6,14,14,64.3,-15.9047619047619,12,0.61758691206544
1934,"tillering",3,25.9,21.6,5.9,8.8,15.7,13.7,16.2,2.8,5.4,8.75,8.7,80.5,-4.4,13.75,0.606177606177606
1934,"heading",4.4,35.55,24.85,9.6,10.45,15.25,17.2,62.1,10.6,1.9,24.45,24.4,142.6,-13.1136363636364,17.225,0.428973277074543
1934,"maturity",5.5,41.9,28.3,14.1,13.9,14.15,21.15,158.5,18,0,32.4,32.3,301.1,-27.8181818181818,21.2,0.33890214797136
1935,"sowing",2.3,28.6,21.1,6.3,9.5,14.8,13.6,48.8,6.1,4.8,8.7,8.6,48.8,-20.2173913043478,13.7,0.517482517482518
1935,"germination",2.05,23.3,18.7,3.3,7.75,15.4,11,30.4,5.6,20.6,12,12,79.2,-13.8292682926829,11,0.660944206008584
1935,"tillering",2.8,25.3,19.4,3.6,7.4,15.8,11.5,17.6,3.3,9.6,6.5,6.5,96.8,-5.28571428571429,11.5,0.624505928853755
1935,"heading",4.4,35.7,24.8,9.6,10.45,15.2,17.15,39.5,9.2,3.1,24.4,24.3,136.3,-7.97727272727273,17.2,0.425770308123249
1935,"maturity",5.4,42.15,27.65,13.5,13.3,14.15,20.55,79,13.1,0.1,31.15,31.1,215.3,-13.6296296296296,20.575,0.33570581257414
1936,"sowing",2.3,28.2,20.7,5.9,9.2,14.9,13.3,46.2,5.9,5.3,8.3,8.3,46.2,-19.0869565217391,13.3,0.524822695035461
1936,"germination",2,24.3,19.9,4.7,8.7,15.1,12.3,5.4,1.5,7.3,7.3,7.3,51.6,-1.7,12.3,0.625514403292181
1936,"tillering",2.65,23.35,20.75,4.85,8.4,15.85,12.75,22.2,4.3,14.4,15.6,15.5,73.8,-7.37735849056604,12.8,0.680942184154176
1936,"heading",4.3,36.35,24.15,9.05,10.05,15.1,16.6,69.7,11.9,2.7,23.2,23.2,143.5,-15.2093023255814,16.6,0.415405777166437
1936,"maturity",5.5,41.4,27.95,13.6,13.3,14.35,20.7,147.9,18.1,0.1,31.55,31.4,291.4,-25.8909090909091,20.775,0.346618357487923
1937,"sowing",2.4,26.5,22.4,7.2,10.1,15.3,14.8,10.3,2.5,3.3,9.8,9.8,10.3,-3.29166666666667,14.8,0.573584905660377
1937,"germination",2.1,22.55,18.85,3.3,7.75,15.6,11.1,29.2,5,20.7,12.15,12.2,39.5,-12.9047619047619,11.075,0.689578713968958
1937,"tillering",3,25.3,21.6,5.8,8.6,15.8,13.7,5.4,1.4,5.3,8.7,8.7,44.9,-0.8,13.7,0.624505928853755
1937,"heading",4.35,36.3,24.55,9.45,10.35,15.1,16.95,44.7,8.9,2.8,24,23.9,89.6,-9.27586206896552,17,0.415977961432507
1937,"maturity",5.6,41.5,28.7,14.4,14.1,14.25,21.5,123.6,16.4,0,33.1,33,213.2,-21.0714285714286,21.55,0.344578313253012
1938,"sowing",2.4,28.2,22.2,7.3,10.2,14.9,14.7,14.2,3.3,3.2,9.75,9.7,14.2,-4.91666666666667,14.75,0.528368794326241
1938,"germination",2.1,24.1,19.5,4.25,8.4,15.2,11.85,39.3,7.5,16.8,13.75,13.7,53.5,-17.7142857142857,11.875,0.632780082987552
1938,"tillering",2.9,26,20.4,4.8,8,15.6,12.6,13.4,2.9,7.4,7.6,7.6,66.9,-3.62068965517241,12.6,0.6
1938,"heading",4.3,37.05,24.6,9.65,10.55,15,17.1,72.1,11.1,2.4,24.25,24.2,139,-15.7674418604651,17.125,0.403508771929825
1938,"maturity",5.45,42.4,27.8,13.75,13.55,14.05,20.7,131.4,16.6,0.1,31.55,31.4,270.4,-23.1100917431193,20.775,0.331367924528302
1939,"sowing",2.4,28.3,22.1,7.2,10.3,14.9,14.6,28.6,4.6,3.3,9.65,9.6,28.6,-10.9166666666667,14.65,0.526501766784452
1939,"germination",2.1,24.3,19.1,3.9,8.15,15.2,11.45,39.3,7.1,18.3,13,12.9,67.9,-17.7142857142857,11.5,0.625514403292181
1939,"tillering",2.9,25.4,20.5,4.7,8,15.8,12.6,38.6,5.4,7.4,7.6,7.6,106.5,-12.3103448275862,12.6,0.622047244094488
1939,"heading",4.3,37.35,24.4,9.45,10.35,14.95,16.9,80.5,11.7,2.8,23.85,23.8,187,-17.7209302325581,16.925,0.400267737617135
1939,"maturity",5.5,41.5,28.3,14,13.75,14.3,21.15,125.9,15.2,0,32.3,32.3,312.9,-21.8909090909091,21.15,0.344578313253012
1940,"sowing",2.4,25.5,21.9,6.6,9.8,15.4,14.2,30.3,4.3,4.2,9.25,9.2,30.3,-11.625,14.25,0.6
1940,"germination",2.1,21.3,19.8,3.9,8.3,15.9,11.9,25.8,3.9,8.9,6.85,6.9,56.1,-11.2857142857143,11.85,0.746478873239437
1940,"tillering",2.75,17.7,21.4,4.25,8.05,17.05,12.8,16.7,4.6,16.9,15.65,15.6,72.8,-5.07272727272727,12.825,0.968926553672316
1940,"heading",4.3,37.65,24.35,9.8,10.6,14.6,17.05,69.5,11.6,2,24.15,24.1,142.3,-15.1627906976744,17.075,0.386454183266932
1940,"maturity",5.55,41.5,28.7,14.3,14.25,14.4,21.45,138.2,16.9,0,33,32.9,280.5,-23.9009009009009,21.5,0.346987951807229
1941,"sowing",2.5,23,23.1,7.3,10.4,15.8,15.2,14.8,2.6,3.4,10.2,10.2,14.8,-4.92,15.2,0.68695652173913
1941,"germination",2.15,20.6,19.85,3.85,8.15,16,11.85,29.5,5.5,18.5,13.7,13.7,44.3,-12.7209302325581,11.85,0.776699029126214
1941,"tillering",3.1,24.1,22.1,6,8.8,16.1,14,14.7,3.2,5.1,9.05,9,59,-3.74193548387097,14.05,0.66804979253112
1941,"heading",4.45,34.15,25,9.4,10.55,15.6,17.15,65,11.3,3.6,24.4,24.3,124,-13.6067415730337,17.2,0.456808199121523
1941,"maturity",5.7,37.75,29.05,14.05,14,15,21.5,73,12,0.1,33.1,33,197,-11.8070175438596,21.55,0.397350993377483
1942,"sowing",2.3,30.2,21.6,7,10,14.6,14.3,34,5,3.6,9.3,9.3,34,-13.7826086956522,14.3,0.483443708609272
1942,"germination",2.2,20.2,19.75,3.65,8.05,16.1,11.7,28.1,4.6,19.5,13.4,13.4,62.1,-11.7727272727273,11.7,0.797029702970297
1942,"tillering",3,24.7,21.4,5.4,8.5,16,13.3,23.7,3.9,6.5,8.4,8.3,85.8,-6.9,13.4,0.647773279352227
1942,"heading",4.15,41,23.9,9.55,10.4,14.35,16.65,88.5,13,2.5,23.45,23.3,174.3,-20.3253012048193,16.725,0.35
1942,"maturity",5.3,44.65,27.75,14.1,13.9,13.7,20.9,153.6,18.1,0,31.85,31.8,327.9,-27.9811320754717,20.925,0.305711086226204
1943,"sowing",2.2,33.8,20.5,6.6,9.8,13.9,13.5,33.1,4.9,4.1,8.55,8.5,33.1,-14.0454545454545,13.55,0.411242603550296
1943,"germination",2.05,23.3,18.55,3.1,7.7,15.5,10.75,35.3,5.6,21.8,11.65,11.5,68.4,-16.219512195122,10.825,0.663090128755365
1943,"tillering",2.7,31.6,18.7,4.3,7.8,14.4,11.5,43.6,5.7,8.4,6.5,6.5,112,-15.1481481481481,11.5,0.455696202531646
1943,"heading",4.25,37,24.2,9.3,10.35,14.9,16.75,75.2,10.8,2.9,23.5,23.5,187.2,-16.6941176470588,16.75,0.402702702702703
1943,"maturity",5.25,45.95,27.5,14.05,13.85,13.5,20.75,177.2,20.1,0,31.55,31.5,364.4,-32.752380952381,20.775,0.292709466811752
1944,"sowing",2.4,24,21,5.2,9.1,15.8,13.1,27.5,4.5,6.4,8.1,8.1,27.5,-10.4583333333333,13.1,0.658333333333333
1944,"germination",1.9,27.7,18,3.7,8.1,14.3,10.8,33,4.6,9.5,5.85,5.8,60.5,-16.3684210526316,10.85,0.516245487364621
1944,"tillering",2.75,19.65,21.3,4.55,8.2,16.75,12.9,21.9,4.7,16.2,15.85,15.8,82.4,-6.96363636363636,12.925,0.852417302798982
1944,"heading",4.4,36.5,25.15,10.1,10.9,15.05,17.6,93.6,12.5,2.4,25.25,25.2,176,-20.2727272727273,17.625,0.412328767123288
1944,"maturity",5.8,36.55,29.1,13.9,13.8,15.25,21.45,60.3,10.5,0,33,32.9,236.3,-9.39655172413793,21.5,0.415868673050616
1945,"sowing",2.4,23.8,22,6.3,9.7,15.7,14.1,25.9,4.1,4.7,9.15,9.1,25.9,-9.79166666666667,14.15,0.659663865546218
1945,"germination",2.1,20.6,19.1,3.05,7.7,16,11.05,30.8,5.5,21.6,12.15,12.1,56.7,-13.6666666666667,11.075,0.779126213592233
1945,"tillering",3.2,20.3,22,5,8.1,17.1,13.5,9.2,2,6.8,8.5,8.5,65.9,-1.875,13.5,0.83743842364532
1945,"heading",4.5,33.65,25.8,9.95,10.8,15.85,17.85,35.4,6.9,1.4,25.75,25.7,101.3,-6.86666666666667,17.875,0.471025260029718
1945,"maturity",5.7,37.65,29.1,14.1,13.9,15,21.6,61.6,11.4,0,33.2,33.2,162.9,-9.80701754385965,21.6,0.398406374501992
1946,"sowing",2.4,31.3,22.3,8,10.8,14.3,15.1,26.3,4.1,2.4,10.15,10.1,26.3,-9.95833333333333,15.15,0.456869009584665
1946,"germination",2.15,18.65,19.6,3.1,7.8,16.5,11.35,15.5,3.8,21.3,12.7,12.7,41.8,-6.2093023255814,11.35,0.884718498659517
1946,"tillering",3.1,19.4,21.7,4.5,8,17.1,13.1,6.7,1.7,7.8,8.1,8.1,48.5,-1.16129032258065,13.1,0.88659793814433
1946,"heading",4.45,33.6,25.4,9.6,10.65,15.8,17.5,57.9,10.3,2.2,25,25,106.4,-12.0112359550562,17.5,0.470238095238095
1946,"maturity",5.85,36.2,29.65,14.4,14.15,15.25,22,89.8,13.5,0,34.05,34,196.2,-14.3504273504274,22.025,0.421270718232044
1947,"sowing",2.4,26.8,22.2,7,10.2,15.1,14.6,19.3,3.9,3.6,9.6,9.6,19.3,-7.04166666666667,14.6,0.567164179104478
1947,"germination",2.05,24,18.3,3.05,7.75,15.25,10.65,37.8,6.1,21.9,11.35,11.3,57.1,-17.4390243902439,10.675,0.635416666666667
1947,"tillering",3.3,15.3,23.2,5.2,8.3,18,14.1,6.3,1.7,6.7,9.2,9.1,63.4,-0.909090909090909,14.2,1.17647058823529
1947,"heading",4.35,37.8,24.65,9.95,10.75,14.7,17.25,64.1,11.5,2.1,24.6,24.5,127.5,-13.735632183908,17.3,0.388888888888889
1947,"maturity",5.6,41.15,28.8,14.55,14.3,14.25,21.65,146,16.8,0,33.35,33.3,273.5,-25.0714285714286,21.675,0.346294046172539
1948,"sowing",2.4,27.5,22.7,7.7,10.6,15,15.2,13.5,3.1,2.7,10.2,10.2,13.5,-4.625,15.2,0.545454545454545
1948,"germination",2.2,16.2,20.2,3.1,7.8,17.1,11.7,5.5,1.5,10.5,6.65,6.7,19,-1.5,11.65,1.05555555555556
1948,"tillering",2.75,19.3,21.2,4.45,8.2,16.75,12.8,17.4,4,16.1,15.65,15.6,36.4,-5.32727272727273,12.825,0.867875647668394
1948,"heading",4.45,33.15,24.85,8.95,10.15,15.9,16.85,65,10.6,4.3,23.8,23.7,101.4,-13.6067415730337,16.9,0.479638009049774
1948,"maturity",5.65,38.4,28.7,13.7,13.6,14.95,21.2,79.7,12.6,0.1,32.4,32.4,181.1,-13.1061946902655,21.2,0.390625
1949,"sowing",2.4,26,22,6.8,10.1,15.2,14.4,19.9,3.7,4.1,9.4,9.4,19.9,-7.29166666666667,14.4,0.584615384615385
1949,"germination",2.2,18.6,20.4,3.9,8.3,16.5,12.1,19.8,4.7,18.4,14.3,14.2,39.7,-8,12.15,0.887096774193548
1949,"tillering",3,25.2,21.2,5.3,8.4,15.9,13.2,11.3,2.8,6.3,8.25,8.2,51,-2.76666666666667,13.25,0.630952380952381
1949,"heading",4.55,33.85,25.65,10.05,10.85,15.6,17.8,49.8,9.3,1.7,25.7,25.6,100.8,-9.94505494505495,17.85,0.460856720827179
1949,"maturity",5.45,41.55,28.15,13.95,13.95,14.2,21.05,148.7,17.8,0.1,32.1,32.1,249.5,-26.2844036697248,21.05,0.341756919374248
1950,"sowing",2.3,32.3,21.2,7,10.1,14.1,14.1,44.7,5.6,3.5,9.1,9.1,44.7,-18.4347826086957,14.1,0.439628482972136
1950,"germination",2.15,23.55,19.65,4.3,8.45,15.35,11.95,29.7,5.3,16.9,13.95,13.9,74.4,-12.8139534883721,11.975,0.651804670912951
1950,"tillering",2.8,31.2,20.3,5.7,8.6,14.7,13,26,4,5.6,8,8,100.4,-8.28571428571429,13,0.467948717948718
1950,"heading",4.55,31.4,25.15,9.2,10.2,15.9,17.15,56.7,10.7,2.3,24.35,24.3,157.1,-11.4615384615385,17.175,0.50796178343949
1950,"maturity",5.5,40.6,28,13.65,13.6,14.35,20.8,146.1,18.5,0.1,31.65,31.6,303.2,-25.5636363636364,20.825,0.353448275862069
1951,"sowing",2.3,33.7,21.1,7.4,10.4,13.7,14.3,26.8,4.8,3.2,9.25,9.3,26.8,-10.6521739130435,14.25,0.406528189910979
1951,"germination",2.1,19.35,18.65,2.35,7.4,16.25,10.55,34.3,6.2,24.7,11,11.1,61.1,-15.3333333333333,10.5,0.842377260981912
1951,"tillering",3,21.9,20.9,4.4,7.8,16.5,12.6,22,3.4,8.2,7.65,7.6,83.1,-6.33333333333333,12.65,0.753424657534247
1951,"heading",4.3,35.6,24.45,8.95,10.25,15.45,16.7,84.7,11.8,4.2,23.4,23.4,167.8,-18.6976744186046,16.7,0.435393258426966
1951,"maturity",5.85,35.8,29.45,14.3,14.15,15.2,21.85,58,10.1,0.1,33.75,33.7,225.8,-8.91452991452991,21.875,0.423184357541899
1952,"sowing",2.4,26.2,21.7,6.5,9.8,15.2,14.1,18.5,3.7,4.3,9.1,9.1,18.5,-6.70833333333333,14.1,0.580152671755725
1952,"germination",2.1,22.8,20.1,4.6,8.7,15.5,12.4,14.5,3,7.6,7.35,7.4,33,-5.9047619047619,12.35,0.679824561403509
1952,"tillering",2.55,25.65,19.95,4.65,8.25,15.4,12.3,48.4,8.2,15.8,14.6,14.6,81.4,-17.9803921568627,12.3,0.596491228070176
1952,"heading",4.45,33.65,25.05,9.5,10.55,15.55,17.25,59,10.3,3.3,24.55,24.5,140.4,-12.2584269662921,17.275,0.462109955423477
1952,"maturity",5.4,43.4,28.1,14.3,14,13.8,21.15,133.6,17.5,0,32.4,32.3,274,-23.7407407407407,21.2,0.317972350230415
1953,"sowing",2.4,26.7,22.2,7.1,10.1,15.1,14.6,14.3,3.1,3.5,9.65,9.6,14.3,-4.95833333333333,14.65,0.565543071161049
1953,"germination",2.1,19.3,18.8,2.45,7.35,16.3,10.55,25.5,4.8,24.4,11.25,11.1,39.8,-11.1428571428571,10.625,0.847150259067358
1953,"tillering",2.9,26.8,20.3,4.8,8,15.6,12.5,20.6,3.6,7.4,7.55,7.5,60.4,-6.10344827586207,12.55,0.578358208955224
1953,"heading",4.45,34.6,25.2,9.55,10.5,15.65,17.35,71.6,10.9,3,24.75,24.7,132,-15.0898876404494,17.375,0.452312138728324
1953,"maturity",5.35,44.45,27.8,14.25,14.05,13.55,21,148.5,18.6,0,32.05,32,280.5,-26.7570093457944,21.025,0.304836895388077
1954,"sowing",2.3,31.4,21.4,7.2,10.1,14.2,14.3,43.5,5.7,3.3,9.3,9.3,43.5,-17.9130434782609,14.3,0.452229299363057
1954,"germination",2.1,20.7,18.5,2.55,7.4,15.95,10.5,29.1,5.2,24.1,11.05,11,72.6,-12.8571428571429,10.525,0.770531400966183
1954,"tillering",3.1,21.4,21.1,4.6,7.9,16.5,12.9,18.2,2.8,7.6,7.85,7.9,90.8,-4.87096774193548,12.85,0.771028037383178
1954,"heading",4.5,33.75,25.3,9.65,10.7,15.65,17.45,55.4,8.6,2.5,24.95,24.9,146.2,-11.3111111111111,17.475,0.463703703703704
1954,"maturity",5.5,39.95,28.2,13.9,13.8,14.35,21,112.3,15.2,0.1,32.1,32,258.5,-19.4181818181818,21.05,0.357947434292866
1955,"sowing",2.3,32.8,21.9,8,10.7,13.9,14.9,19.8,3.8,2.4,9.95,9.9,19.8,-7.60869565217391,14.95,0.423780487804878
1955,"germination",2.05,25.5,18.55,3.75,8.05,14.85,11.15,38.7,7.1,19,12.3,12.3,58.5,-17.8780487804878,11.15,0.580392156862745
1955,"tillering",2.9,24.8,19.7,3.8,7.6,15.9,11.7,15.4,2.8,9.5,6.75,6.7,73.9,-4.31034482758621,11.75,0.641129032258064
1955,"heading",4.3,32.3,23.95,7.8,9.5,16.1,15.85,58.8,9.4,5.6,21.75,21.7,132.7,-12.6744186046512,15.875,0.5
1955,"maturity",5.25,42,26.85,12.85,13,14,19.8,150.8,18.3,0.2,29.7,29.6,283.5,-27.7238095238095,19.85,0.333333333333333
1956,"sowing",2.3,31.1,20.8,6.5,9.8,14.3,13.6,37.9,5.5,4.5,8.65,8.6,37.9,-15.4782608695652,13.65,0.459807073954984
1956,"germination",2,22,19.3,3.6,8.1,15.6,11.4,12.6,2.3,9.6,6.45,6.4,50.5,-5.3,11.45,0.713636363636364
1956,"tillering",2.65,22.2,20.65,4.55,8.15,16.15,12.55,22.1,4.3,16.1,15.2,15.1,72.6,-7.33962264150943,12.6,0.725225225225225
1956,"heading",4.4,32.5,24.65,8.75,10.05,15.95,16.65,82,12,4.3,23.4,23.3,154.6,-17.6363636363636,16.7,0.489230769230769
1956,"maturity",5.3,44.5,27.3,13.75,13.5,13.55,20.5,146.6,17.6,0,31.05,31,301.2,-26.6603773584906,20.525,0.304494382022472
1957,"sowing",2.5,19.8,22.8,6.5,9.9,16.3,14.6,23,4.1,4.4,9.65,9.6,23,-8.2,14.65,0.823232323232323
1957,"germination",2.05,26.1,18.75,3.95,8.2,14.8,11.3,51.8,8,18.2,12.7,12.6,74.8,-24.2682926829268,11.35,0.567049808429119
1957,"tillering",3,23.3,21,4.9,8.1,16.2,12.9,29.9,4.6,7.2,7.95,7.9,104.7,-8.96666666666667,12.95,0.690987124463519
1957,"heading",4.15,39.6,23.8,9.45,10.5,14.4,16.6,124.1,15,2.7,23.25,23.2,228.8,-28.9036144578313,16.625,0.362373737373737
1957,"maturity",5.75,38.85,29.3,14.65,14.45,14.6,21.9,96.9,14.3,0,33.95,33.8,325.7,-15.8521739130435,21.975,0.377091377091377
1958,"sowing",2.4,26.9,22.4,7.3,10.3,15.1,14.8,36.6,5.1,3.3,9.85,9.8,36.6,-14.25,14.85,0.561338289962825
1958,"germination",2.2,18.1,19.85,3.25,7.85,16.55,11.55,11.6,2.7,20.8,13.1,13.1,48.2,-4.27272727272727,11.55,0.917127071823204
1958,"tillering",3.1,19.2,21.7,4.7,8.1,17,13.2,11.8,2.2,7.5,8.2,8.2,60,-2.80645161290323,13.2,0.885416666666667
1958,"heading",4.4,33.95,24.75,9.3,10.4,15.45,17,59.8,10.5,2.9,24.05,24,119.8,-12.5909090909091,17.025,0.455081001472754
1958,"maturity",5.55,41.45,28.75,14.7,14.5,14.05,21.7,148.1,17.9,0,33.45,33.4,267.9,-25.6846846846847,21.725,0.338962605548854
1959,"sowing",2.2,33.8,20.1,6.3,9.8,13.8,13.2,55.6,6.4,4.8,8.2,8.2,55.6,-24.2727272727273,13.2,0.408284023668639
1959,"germination",2.15,23.15,19.95,4.4,8.5,15.5,12.15,29.6,5.6,16.3,14.35,14.3,85.2,-12.7674418604651,12.175,0.67170626349892
1959,"tillering",3.1,21.9,21.2,4.8,8.1,16.4,13,16.7,2.9,7.4,8,8,101.9,-4.38709677419355,13,0.748858447488584
1959,"heading",4.5,32.9,25.25,9.25,10.3,16,17.2,54.4,9.5,3,24.5,24.4,156.3,-11.0888888888889,17.25,0.486322188449848
1959,"maturity",5.45,43.1,28.15,14.35,14.1,13.8,21.2,121.6,15.9,0,32.5,32.4,277.9,-21.3119266055046,21.25,0.320185614849188
1960,"sowing",2.3,28.3,21,6.2,9.5,14.8,13.6,21.1,4,4.9,8.6,8.6,21.1,-8.17391304347826,13.6,0.522968197879859
1960,"germination",2,23.3,19.1,3.7,8.2,15.3,11.4,12.7,2.7,9.5,6.4,6.4,33.8,-5.35,11.4,0.660944206008584
1960,"tillering",2.6,23.5,20.6,4.65,8.3,15.95,12.6,31,6,15.8,15.25,15.2,64.8,-10.9230769230769,12.625,0.678723404255319
1960,"heading",4.5,34.95,25.75,10.35,11.1,15.4,18.1,55,9.2,1.5,26.1,26.2,119.8,-11.2222222222222,18.05,0.440629470672389
1960,"maturity",5.45,44.8,28.25,14.8,14.3,13.45,21.5,155.3,17.5,0,33.05,33,275.1,-27.4954128440367,21.525,0.300223214285714
1961,"sowing",2.2,36.2,20.7,7.2,10.6,13.4,13.9,35.5,5.5,3.3,8.95,8.9,35.5,-15.1363636363636,13.95,0.37292817679558
1961,"germination",1.95,30.95,19.2,5.5,9.25,13.7,12.3,53.8,8.7,12,14.7,14.6,89.3,-26.5897435897436,12.35,0.44264943457189
1961,"tillering",2.9,28,20.1,5,8.2,15,12.5,16.7,3.4,6.8,7.55,7.5,106,-4.75862068965517,12.55,0.539285714285714
1961,"heading",4.45,32.7,25.15,9.4,10.5,15.8,17.25,46.1,8,2.3,24.55,24.5,152.1,-9.35955056179775,17.275,0.481651376146789
1961,"maturity",5.4,43.05,27.95,14.05,13.8,13.9,20.95,115.8,14.8,0,32,31.9,267.9,-20.4444444444444,21,0.32288037166086
1962,"sowing",2.5,22.4,22.1,6.2,9.6,15.9,14.1,7.6,1.9,4.9,9.15,9.1,7.6,-2.04,14.15,0.709821428571429
1962,"germination",2.2,19.6,19.85,3.65,7.95,16.15,11.75,25.5,4.4,19.5,13.5,13.5,33.1,-10.5909090909091,11.75,0.826530612244898
1962,"tillering",3.1,24.1,21.6,5.6,8.5,16,13.6,29.6,4.6,5.7,8.6,8.6,62.7,-8.54838709677419,13.6,0.663900414937759
1962,"heading",4.55,32.55,26,9.95,10.9,16.05,17.95,44.8,8.1,2.3,25.95,25.9,107.5,-8.84615384615384,17.975,0.493087557603687
1962,"maturity",5.4,44.25,28.3,14.6,14.5,13.65,21.4,132.7,16.5,0,32.9,32.8,240.2,-23.5740740740741,21.45,0.309604519774011
1963,"sowing",2.3,30.6,21,6.5,9.6,14.4,13.7,19,4,4.3,8.75,8.7,19,-7.26086956521739,13.75,0.473856209150327
1963,"germination",1.95,29.55,17.95,3.9,8.1,14,10.9,60.6,9.5,18.4,11.85,11.8,79.6,-30.0769230769231,10.925,0.475465313028765
1963,"tillering",3.1,22.1,21.2,4.7,7.8,16.5,12.9,14.6,2.9,7.6,7.95,7.9,94.2,-3.70967741935484,12.95,0.746606334841629
1963,"heading",4.55,36.95,26.3,11.15,11.4,15.1,18.7,53.7,9.7,0.7,27.45,27.4,147.9,-10.8021978021978,18.725,0.410013531799729
1963,"maturity",5.4,46.2,28.55,15.1,14.6,13.45,21.8,123,16.7,0,33.65,33.6,270.9,-21.7777777777778,21.825,0.291125541125541
1964,"sowing",2.5,23.2,22.7,7,10.1,15.7,14.8,7.3,2,3.8,9.85,9.8,7.3,-1.92,14.85,0.676724137931034
1964,"germination",1.9,26.3,17.5,2.8,7.4,14.7,10.1,34.4,4.9,11.2,5.15,5.1,41.7,-17.1052631578947,10.15,0.55893536121673
1964,"tillering",2.55,23.35,19.3,3.45,7.6,15.85,11.35,20.8,4.4,20.3,12.75,12.7,62.5,-7.15686274509804,11.375,0.678800856531049
1964,"heading",4.15,41.7,24,9.8,10.7,14.2,16.85,98.6,13,2.4,23.8,23.7,161.1,-22.7590361445783,16.9,0.34052757793765
1964,"maturity",5.4,42.05,27.8,13.85,13.65,13.95,20.8,105.9,15.3,0.1,31.65,31.6,267,-18.6111111111111,20.825,0.331747919143876
1965,"sowing",2.4,23.7,22.1,6.4,9.7,15.7,14.2,16.6,2.7,4.5,9.25,9.2,16.6,-5.91666666666667,14.25,0.662447257383966
1965,"germination",2.05,24.05,18.25,3,7.6,15.25,10.6,38.9,6.6,22.1,11.25,11.2,55.5,-17.9756097560976,10.625,0.634095634095634
1965,"tillering",3.1,25.4,22.1,6.3,8.9,15.9,14.2,15.1,2.8,4.6,9.2,9.2,70.6,-3.87096774193548,14.2,0.622047244094488
1965,"heading",4.3,38.1,24.35,9.65,10.15,14.75,17,55.6,9.7,1.6,24,24,126.2,-11.9302325581395,17,0.385826771653543
1965,"maturity",5.45,41.5,28.2,13.85,14.2,14.3,21,90.7,13.7,0,32.05,32,216.9,-15.6422018348624,21.025,0.345783132530121
1966,"sowing",2.4,25.4,22.1,6.6,9.8,15.5,14.3,18.1,2.8,4.2,9.35,9.3,18.1,-6.54166666666667,14.35,0.610236220472441
1966,"germination",2.1,22.9,19.6,4.15,8.55,15.45,11.85,21.7,4.7,17.5,13.75,13.7,39.8,-9.33333333333333,11.875,0.67467248908297
1966,"tillering",3,25.2,21.5,5.5,8.3,16,13.5,15.8,2.9,5.9,8.5,8.5,55.6,-4.26666666666667,13.5,0.634920634920635
1966,"heading",4.3,37.95,24.8,10,10.8,14.75,17.35,54.7,10,2.3,24.8,24.7,110.3,-11.7209302325581,17.4,0.389986824769433
1966,"maturity",5.55,41.65,29.1,15.05,14.85,14.05,22.05,103.7,14.3,0,34.15,34.1,214,-17.6846846846847,22.075,0.33733493397359
1967,"sowing",2.2,34.4,21.1,7.5,10.5,13.6,14.3,42.5,5.9,2.9,9.3,9.3,42.5,-18.3181818181818,14.3,0.395348837209302
1967,"germination",1.95,26.95,17.75,3.2,7.85,14.55,10.45,33.3,5.9,21.3,10.95,10.9,75.8,-16.0769230769231,10.475,0.539888682745826
1967,"tillering",3,24.2,20.9,5,8.2,15.9,12.9,12.2,3,6.8,7.95,7.9,88,-3.06666666666667,12.95,0.65702479338843
1967,"heading",4.45,33.6,25.2,9.6,10.6,15.65,17.35,45.3,8.6,2.3,24.8,24.7,133.3,-9.17977528089888,17.4,0.464285714285714
1967,"maturity",5.6,41.75,29,14.7,14.3,14.3,21.8,88.2,13.5,0,33.7,33.6,221.5,-14.75,21.85,0.34251497005988
1968,"sowing",2.1,39.1,20.2,7.6,10.5,12.7,13.9,34.3,5.4,2.9,8.9,8.9,34.3,-15.3333333333333,13.9,0.322250639386189
1968,"germination",1.8,28.9,16.3,2.2,7.2,14.1,9.3,18.1,2.9,12.3,4.25,4.3,52.4,-9.05555555555556,9.25,0.487889273356401
1968,"tillering",2.5,25.3,19.75,4.35,8.3,15.4,12,27.6,5.1,17.1,14.1,14,80,-10.04,12.05,0.608695652173913
1968,"heading",4.35,35.25,24.8,9.35,10.45,15.45,17.05,52.3,9.9,2.8,24.15,24.1,132.3,-11.0229885057471,17.075,0.438297872340425
1968,"maturity",5.5,40.75,28.45,14.2,14,14.25,21.3,97.8,13.8,0.1,32.65,32.6,230.1,-16.7818181818182,21.325,0.349693251533742
1969,"sowing",2.2,33.8,21,7,10.2,14,14,32,4.3,3.4,9,9,32,-13.5454545454545,14,0.414201183431953
1969,"germination",2.1,24.25,19.45,4.2,8.4,15.2,11.8,17.1,4,16.9,13.65,13.6,49.1,-7.14285714285715,11.825,0.628865979381443
1969,"tillering",3.1,22.9,21.8,5.7,8.6,16.1,13.7,8.8,2.2,5.7,8.75,8.7,57.9,-1.83870967741936,13.75,0.703056768558952
1969,"heading",4.15,40.65,23.9,9.55,10.55,14.35,16.7,88.2,12.2,2.8,23.45,23.4,146.1,-20.2530120481928,16.725,0.353013530135301
1969,"maturity",5.6,40.05,28.8,14.35,14.15,14.45,21.55,90.4,12.7,0,33.15,33.1,236.5,-15.1428571428571,21.575,0.360799001248439
1970,"sowing",2.4,32.5,21.9,7.9,10.3,14,14.8,23.2,4.4,2.4,9.9,9.8,23.2,-8.66666666666667,14.9,0.430769230769231
1970,"germination",2,25.9,18.6,3.85,8.25,14.8,11.15,39.8,7.3,18.7,12.45,12.3,63,-18.9,11.225,0.56949806949807
1970,"tillering",2.9,24.7,20.7,4.8,8.5,15.9,12.8,39.3,4.9,7.6,7.75,7.8,102.3,-12.551724137931,12.75,0.643724696356275
1970,"heading",4.35,38.05,24.85,9.95,10.75,14.9,17.35,68.9,11.1,2.3,24.8,24.7,171.2,-14.8390804597701,17.4,0.391590013140605
1970,"maturity",5.4,41.6,28.1,13.95,14.3,14.2,21,119.9,15.7,0.1,32.05,32,291.1,-21.2037037037037,21.025,0.340144230769231
1971,"sowing",2.3,34,21,7.1,10.1,13.9,14,37.7,5.3,3.3,9.05,9,37.7,-15.3913043478261,14.05,0.408823529411765
1971,"germination",2.05,27.25,18.85,4.35,8.3,14.55,11.6,42.7,7.3,15.9,13.2,13.2,80.4,-19.8292682926829,11.6,0.532110091743119
1971,"tillering",2.9,26,20.1,4.3,7.9,15.8,12.2,29.3,4.1,8.4,7.2,7.2,109.7,-9.10344827586207,12.2,0.607692307692308
1971,"heading",4.25,38.75,24.4,9.5,10.6,14.9,16.9,62.2,9.7,2.8,23.9,23.8,171.9,-13.6352941176471,16.95,0.384516129032258
1971,"maturity",5.35,43.85,27.7,13.85,13.6,13.9,20.75,111.6,14.6,0.1,31.55,31.5,283.5,-19.8598130841122,20.775,0.315849486887115
1972,"sowing",2.4,28.7,21.4,6.5,9.7,14.9,13.9,23.7,3.4,4.5,8.95,8.9,23.7,-8.875,13.95,0.519163763066202
1972,"germination",2,23.9,18.9,3.6,7.9,15.3,11.3,12.2,2.7,9.6,6.25,6.3,35.9,-5.1,11.25,0.640167364016736
1972,"tillering",2.65,20.05,20.5,3.8,7.75,16.7,12.15,16.7,3.9,19.1,14.3,14.3,52.6,-5.30188679245283,12.15,0.832917705735661
1972,"heading",4.55,34.1,25.95,10.1,10.85,15.85,18,40.7,8.5,2.2,26.05,26,93.3,-7.94505494505495,18.025,0.464809384164223
1972,"maturity",5.75,40.05,29.8,14.9,14.65,14.85,22.3,76.3,12.2,0,34.7,34.6,169.6,-12.2695652173913,22.35,0.372034956304619
1973,"sowing",2.3,28.9,21.4,6.7,10,14.7,14,10.7,2.4,4.2,9.05,9,10.7,-3.65217391304348,14.05,0.508650519031142
1973,"germination",2.15,21.55,20.05,4.3,8.5,15.8,12.2,21.5,4.6,16.7,14.35,14.4,32.2,-9,12.175,0.730858468677494
1973,"tillering",2.9,28.5,20.3,5,8.1,15.3,12.6,25,3.9,6.9,7.65,7.6,57.2,-7.62068965517241,12.65,0.536842105263158
1973,"heading",4.25,37.6,24.55,9.5,10.7,15.05,17,80.5,11.9,3.5,24.05,24,137.7,-17.9411764705882,17.025,0.400265957446809
1973,"maturity",5.25,46.8,27.3,14.25,13.85,13.05,20.75,144.6,17.9,0,31.55,31.5,282.3,-26.5428571428571,20.775,0.278846153846154
1974,"sowing",2.3,34.1,20.9,7.1,10,13.8,14,35.3,4.9,3.4,9,9,35.3,-14.3478260869565,14,0.404692082111437
1974,"germination",2.1,24.45,19.25,3.85,8.15,15.4,11.5,29.6,5,18.5,13.1,13,64.9,-13.0952380952381,11.55,0.629856850715746
1974,"tillering",2.8,30.5,19.5,4.8,8.2,14.7,12.1,44.3,5.3,7.5,7.15,7.1,109.2,-14.8214285714286,12.15,0.481967213114754
1974,"heading",4.35,34.5,24.5,9,10.3,15.5,16.75,39.5,8,3.2,23.5,23.5,148.7,-8.08045977011494,16.75,0.449275362318841
1974,"maturity",5.3,45.85,27.85,14.3,14.15,13.5,21.05,140.3,16.9,0,32.15,32.1,289,-25.4716981132075,21.075,0.295528898582334
1975,"sowing",2.4,27.7,21.8,6.7,10.3,15.1,14.2,24.9,4.7,4.4,9.25,9.2,24.9,-9.375,14.25,0.545126353790614
1975,"germination",2.15,22.85,19.5,3.75,8,15.7,11.6,32.6,6.7,18.6,13.25,13.2,57.5,-14.1627906976744,11.625,0.689277899343545
1975,"tillering",3,23.6,20.9,4.5,8,16.3,12.7,13.5,2.6,8,7.7,7.7,71,-3.5,12.7,0.694915254237288
1975,"heading",4.35,37.6,24.9,10,10.7,14.9,17.45,57.6,9,1.5,24.9,24.9,128.6,-12.2413793103448,17.45,0.396276595744681
1975,"maturity",5.15,46.6,27.2,13.8,13.7,13.45,20.45,180.9,19.2,0.1,31,30.9,309.5,-34.126213592233,20.5,0.28755364806867
1976,"sowing",2.2,36.3,20.9,7.6,10.3,13.3,14.2,37.3,5.4,2.8,9.25,9.2,37.3,-15.9545454545455,14.25,0.366391184573003
1976,"germination",1.9,28.1,18.4,4.1,8.4,14.3,11.2,18.9,2.9,8.6,6.25,6.2,56.2,-8.94736842105263,11.25,0.508896797153025
1976,"tillering",2.6,22.65,19.85,3.45,7.6,16.45,11.65,23.5,5,20.3,13.3,13.3,79.7,-8.03846153846154,11.65,0.724061810154526
1976,"heading",4.15,42.05,24.25,10.05,10.65,14.15,17.1,100.3,13.6,1.5,24.3,24.2,180,-23.1686746987952,17.15,0.33769322235434
1976,"maturity",5.35,41.45,27.75,13.2,13.55,14.5,20.45,108.9,15.7,0.2,30.95,30.9,288.9,-19.3551401869159,20.475,0.35102533172497
1977,"sowing",2.3,28.9,20.9,6,9.4,14.9,13.4,36.2,5.1,5.3,8.45,8.4,36.2,-14.7391304347826,13.45,0.515570934256055
1977,"germination",2.2,18.15,19.9,3.15,7.75,16.65,11.5,23.8,4.1,21.7,13.05,13,60,-9.81818181818182,11.525,0.922865013774105
1977,"tillering",3,24.6,21,5,8.4,16,13,17.9,3.4,6.9,8,8,77.9,-4.96666666666667,13,0.650406504065041
1977,"heading",4.3,39.7,24.9,10.35,11.15,14.55,17.6,85.4,13,1.6,25.25,25.2,163.3,-18.8604651162791,17.625,0.366498740554156
1977,"maturity",5.6,43,29.1,14.95,14.55,14.15,22.05,130.4,16.6,0,34.05,34.1,293.7,-22.2857142857143,22.025,0.32906976744186
1978,"sowing",2.5,24.1,22.2,6.2,9.7,16,14.2,8.7,1.8,4.8,9.2,9.2,8.7,-2.48,14.2,0.663900414937759
1978,"germination",2.2,19.5,20,3.25,7.8,16.7,11.6,14.9,3.3,20.8,13.25,13.2,23.6,-5.77272727272727,11.625,0.858974358974359
1978,"tillering",3,26.4,21.9,5.9,9.1,16,13.9,19.7,3.9,6.2,8.9,8.9,43.3,-5.56666666666667,13.9,0.606060606060606
1978,"heading",4.2,36.95,23.8,8.8,10.3,15,16.25,75.5,11.1,3.5,22.6,22.5,118.8,-16.9761904761905,16.3,0.40595399188092
1978,"maturity",5.55,42.85,28.85,14.6,14.05,14.3,21.7,106.9,15.1,0,33.45,33.4,225.7,-18.2612612612613,21.725,0.332555425904317
1979,"sowing",2.4,30.6,22.4,7.8,10.5,14.5,15.1,28.1,4.6,2.6,10.1,10.1,28.1,-10.7083333333333,15.1,0.477124183006536
1979,"germination",2.05,27.35,18.7,4.15,8.3,14.5,11.4,44.7,7.3,17,12.85,12.8,72.8,-20.8048780487805,11.425,0.53199268738574
1979,"tillering",2.8,35.6,20.6,6.8,9.1,13.9,13.7,42,5.6,3.8,8.7,8.7,114.8,-14,13.7,0.387640449438202
1979,"heading",4.25,39.25,24.35,9.8,10.85,14.6,17.05,67.3,11,2.4,24.15,24.1,182.1,-14.8352941176471,17.075,0.370700636942675
1979,"maturity",5.6,42.95,28.95,14.6,14.15,14.3,21.75,91.9,13.7,0,33.55,33.5,274,-15.4107142857143,21.775,0.334109429569267
1980,"sowing",2.5,21.4,22.8,6.4,9.8,16.4,14.6,10.8,2.2,4.5,9.6,9.6,10.8,-3.32,14.6,0.766355140186916
1980,"germination",2.1,22,19.4,3.6,7.9,15.8,11.5,11,2.2,9.5,6.5,6.5,21.8,-4.23809523809524,11.5,0.718181818181818
1980,"tillering",2.7,22.85,20.95,4.85,8.25,16.1,12.85,25.4,5.2,14.9,15.8,15.7,47.2,-8.40740740740741,12.9,0.704595185995624
1980,"heading",4.4,36.55,24.7,9.8,10.55,14.95,17.2,67.2,10.5,2.1,24.5,24.4,114.4,-14.2727272727273,17.25,0.40766073871409
1980,"maturity",5.35,45.7,27.9,14.2,14.1,13.7,21.05,144.3,16.9,0.1,32.1,32.1,258.7,-25.9719626168224,21.05,0.299781181619256
1981,"sowing",2.3,34.7,21.9,8,10.4,13.9,14.9,33.1,4.3,2.3,9.95,9.9,33.1,-13.3913043478261,14.95,0.400576368876081
1981,"germination",2.1,22,19.15,3.3,7.8,15.9,11.2,26.8,4.9,20.5,12.45,12.4,59.9,-11.7619047619048,11.225,0.720454545454545
1981,"tillering",2.6,36,18.6,5,8.2,13.6,11.8,53.3,6.6,6.7,6.8,6.8,113.2,-19.5,11.8,0.377777777777778
1981,"heading",4.1,37.5,23.25,8.5,9.7,14.7,15.8,63.4,10.9,4,21.75,21.6,176.6,-14.4634146341463,15.875,0.393333333333333
1981,"maturity",5.55,43.35,28.75,14.4,14.3,14.35,21.6,111.2,15.4,0,33.15,33.2,287.8,-19.036036036036,21.575,0.331026528258362
1982,"sowing",2.5,24,22.7,6.9,10,15.8,14.8,7.3,1.6,3.9,9.8,9.8,7.3,-1.92,14.8,0.658333333333333
1982,"germination",2.05,25.6,19.2,4.15,8.25,15.1,11.7,41,7.4,17.1,13.35,13.4,48.3,-19,11.675,0.587890625
1982,"tillering",3.1,22.1,21.9,5.2,8.4,16.7,13.5,7.3,1.8,6.6,8.55,8.5,55.6,-1.35483870967742,13.55,0.755656108597285
1982,"heading",4.4,40.75,25.45,11.05,11.05,14.35,18.2,79,12.7,0.6,26.5,26.4,134.6,-16.9545454545455,18.25,0.353374233128834
1982,"maturity",5.55,41.2,28.75,14.05,14.1,14.75,21.4,73.7,12.5,0.1,32.8,32.8,208.3,-12.2792792792793,21.4,0.356796116504854
1983,"sowing",2.3,32.5,21.9,7.8,10.9,14.1,14.8,31.9,5.1,2.7,9.85,9.8,31.9,-12.8695652173913,14.85,0.433846153846154
1983,"germination",2.1,28.05,19.45,4.85,8.75,14.55,12.1,59,8.8,14.3,14.3,14.2,90.9,-27.0952380952381,12.15,0.520499108734403
1983,"tillering",3,24.3,20.9,4.8,8,16.2,12.8,11.8,2.1,7.3,7.85,7.8,102.7,-2.93333333333333,12.85,0.662551440329218
1983,"heading",4.35,39.35,25.2,10.65,11.05,14.55,17.9,63.2,11.1,1.2,25.85,25.8,165.9,-13.5287356321839,17.925,0.369758576874206
1983,"maturity",5.3,48.9,28.35,15.2,14.8,13.15,21.75,151.7,18,0,33.55,33.5,317.6,-27.622641509434,21.775,0.268916155419223
1984,"sowing",2.4,31.1,21.8,7.4,10.3,14.4,14.6,24.1,4.1,3.1,9.6,9.6,24.1,-9.04166666666667,14.6,0.463022508038585
1984,"germination",2,25,19.5,4.5,8.5,15.1,12,16.1,3.1,7.8,7,7,40.2,-7.05,12,0.6
1984,"tillering",2.6,25.8,20.6,5.1,8.55,15.5,12.8,39.7,6,14,15.7,15.6,79.9,-14.2692307692308,12.85,0.60077519379845
1984,"heading",4.3,39.85,25.3,10.55,11.35,14.7,17.9,76.2,11.1,1.5,25.85,25.8,156.1,-16.7209302325581,17.925,0.370138017565872
1984,"maturity",5.6,41.85,28.6,14.3,13.95,14.3,21.4,83.2,12.9,0,32.9,32.8,239.3,-13.8571428571429,21.45,0.341696535244922
1985,"sowing",2.4,25.8,22.5,7.1,10.3,15.4,14.8,14.1,3.1,3.7,9.8,9.8,14.1,-4.875,14.8,0.596899224806202
1985,"germination",2.25,20.5,20.1,3.85,8.1,16.2,11.95,26.2,4.8,18.7,13.95,13.9,40.3,-10.6444444444444,11.975,0.792682926829268
1985,"tillering",3.2,20.7,23.2,6.4,9,16.7,14.8,6.2,1.8,4.3,9.8,9.8,46.5,-0.9375,14.8,0.811594202898551
1985,"heading",4.35,40.9,25.55,11.2,11.45,14.35,18.35,97.1,13.1,1,26.75,26.7,143.6,-21.3218390804598,18.375,0.350855745721271
1985,"maturity",5.4,48.4,28.5,15.3,14.55,13.2,21.9,151,18.6,0,33.8,33.8,294.6,-26.962962962963,21.9,0.272727272727273
1986,"sowing",2.6,21,24.1,7.8,10.5,16.3,15.9,3.8,1,2.6,10.95,10.9,3.8,-0.461538461538461,15.95,0.776190476190476
1986,"germination",2.15,24.85,19.7,4.5,8.3,15.2,12.05,33.4,6.2,15.9,14.2,14.1,37.2,-14.5348837209302,12.1,0.611670020120724
1986,"tillering",3,28.8,22,6.6,9.1,15.3,14.3,28.6,4,4,9.3,9.3,65.8,-8.53333333333333,14.3,0.534722222222222
1986,"heading",4.25,41.7,24.75,10.6,11,14.15,17.65,84.3,12.4,1.1,25.35,25.3,150.1,-18.8352941176471,17.675,0.339328537170264
1986,"maturity",5.5,44.1,28.6,14.65,14.2,13.95,21.6,108.5,14.9,0,33.25,33.2,258.6,-18.7272727272727,21.625,0.316326530612245
1987,"sowing",2.7,20,24.8,8.6,11.2,16.2,16.7,11.8,2.5,2,11.7,11.7,11.8,-3.37037037037037,16.7,0.81
1987,"germination",2.1,20.2,19.25,3.8,8,15.45,11.5,30.4,5.4,18.8,13.05,13,42.2,-13.4761904761905,11.525,0.764851485148515
1987,"tillering",3,25.7,20.9,5.8,8.5,15.1,13.3,27.5,4.2,5.5,8.35,8.3,69.7,-8.16666666666667,13.35,0.587548638132296
1987,"heading",4.1,42.05,23.75,10.5,11.05,13.25,17.1,121.2,14.4,1.2,24.25,24.2,190.9,-28.5609756097561,17.125,0.315101070154578
1987,"maturity",5.45,43.4,28.9,15.25,15.3,13.6,22.05,124.5,16.2,0,34.15,34.1,315.4,-21.8440366972477,22.075,0.314516129032258
1988,"sowing",2.5,25.9,22.6,7.8,10.4,14.8,15.2,17.6,3.3,2.7,10.2,10.2,17.6,-6.04,15.2,0.571428571428572
1988,"germination",1.9,25.2,18.5,3.9,8.2,14.5,11.2,19.6,3.9,8.8,6.2,6.2,37.2,-9.31578947368421,11.2,0.579365079365079
1988,"tillering",2.75,20,21.2,4.95,8.3,16.25,13.05,27.4,5.1,14.9,16.15,16.1,64.6,-8.96363636363636,13.075,0.8125
1988,"heading",4.2,36.35,23.95,9.65,10.55,14.35,16.75,99,14,2.2,23.6,23.5,163.6,-22.5714285714286,16.8,0.393397524071527
1988,"maturity",5.3,44.85,27.5,14.3,13.75,13.25,20.85,136,17.3,0,31.8,31.7,299.6,-24.6603773584906,20.9,0.294314381270903
1989,"sowing",2.4,29,22.2,8.1,11,14.2,15.1,16.9,3.5,2.2,10.15,10.1,16.9,-6.04166666666667,15.15,0.486206896551724
1989,"germination",2.05,22.3,19,3.75,8.4,15.25,11.35,34.4,6.7,19.4,12.75,12.7,51.3,-15.780487804878,11.375,0.683856502242153
1989,"tillering",3.2,21.3,22.7,6.3,9.3,16.4,14.5,10.4,2.3,4.9,9.5,9.5,61.7,-2.25,14.5,0.769953051643192
1989,"heading",4.35,34.5,24.6,9.05,10.3,15.6,16.8,59.8,9.2,3.2,23.65,23.6,121.5,-12.7471264367816,16.825,0.450724637681159
1989,"maturity",5.6,38.5,28.35,14.4,14.05,13.95,21.35,145.2,16,0,32.75,32.7,266.7,-24.9285714285714,21.375,0.362337662337662
1990,"sowing",2.4,25.1,22,7.1,10.5,14.9,14.5,12.2,2.8,3.5,9.55,9.5,12.2,-4.08333333333333,14.55,0.593625498007968
1990,"germination",2.1,22.4,19.25,3.7,8.35,15.55,11.45,29.5,5.8,19.4,12.95,12.9,41.7,-13.047619047619,11.475,0.694196428571429
1990,"tillering",3,25.4,21.2,5.6,8.4,15.6,13.4,14,2.6,5.7,8.4,8.4,55.7,-3.66666666666667,13.4,0.614173228346457
1990,"heading",4.45,32.8,25.5,9.9,10.75,15.6,17.65,36,6.9,2,25.4,25.3,91.7,-7.08988764044944,17.7,0.475609756097561
1990,"maturity",5.6,40,29.05,14.6,14.6,14.45,21.8,82.3,13,0.1,33.65,33.6,174,-13.6964285714286,21.825,0.36125
1991,"sowing",2.6,20.9,23.5,7.5,10.5,16,15.5,12.5,2.5,3.2,10.5,10.5,12.5,-3.80769230769231,15.5,0.76555023923445
1991,"germination",2.1,24.7,19.05,4.2,8.35,14.85,11.6,39.5,6.7,17.4,13.25,13.2,52,-17.8095238095238,11.625,0.601214574898785
1991,"tillering",3,22,21,4.8,8.3,16.2,12.9,6.5,1.6,7.7,7.9,7.9,58.5,-1.16666666666667,12.9,0.736363636363636
1991,"heading",4.15,42.45,24.55,10.75,11.4,13.85,17.65,102.3,14.8,1.5,25.3,25.3,160.8,-23.6506024096386,17.65,0.325088339222615
1991,"maturity",5.55,42.7,28.6,14.55,14.3,14,21.55,96.1,14.6,0,33.15,33.1,256.9,-16.3153153153153,21.575,0.32903981264637
1992,"sowing",2.6,21,23.3,6.6,10.1,16.6,14.9,6.4,1.5,4.4,9.95,9.9,6.4,-1.46153846153846,14.95,0.795238095238095
1992,"germination",2.1,20.8,19.8,4,8.5,15.8,11.9,14.4,2.7,8.9,6.9,6.9,20.8,-5.85714285714286,11.9,0.759615384615385
1992,"tillering",2.55,25.7,20.1,4.85,8.3,15.25,12.5,36.2,6.5,14.6,14.95,15,57,-13.1960784313726,12.475,0.593385214007782
1992,"heading",4.45,37.25,25.95,10.7,11.3,15.25,18.3,49.3,9.6,1.6,26.65,26.6,106.3,-10.0786516853933,18.325,0.409395973154362
1992,"maturity",5.6,40.3,28.8,14.6,14.45,14.25,21.65,102.6,13.1,0,33.4,33.3,208.9,-17.3214285714286,21.7,0.352357320099256
1993,"sowing",2.5,27.4,22.8,7.8,10.5,15,15.3,17.2,3.6,2.9,10.3,10.3,17.2,-5.88,15.3,0.547445255474453
1993,"germination",2.15,23.65,20.2,4.95,8.6,15.2,12.55,27.2,4.9,14.4,15.15,15.1,44.4,-11.6511627906977,12.575,0.644820295983087
1993,"tillering",3,26.3,21.5,6.2,8.9,15.3,13.8,15.1,3.7,4.7,8.85,8.8,59.5,-4.03333333333333,13.85,0.581749049429658
1993,"heading",4.45,37.3,26.05,11.2,11.7,14.85,18.65,88.9,11.4,1.1,27.25,27.3,148.4,-18.9775280898876,18.625,0.398123324396783
1993,"maturity",5.4,44,28.35,15.1,14.85,13.25,21.7,135.4,16.7,0,33.45,33.4,283.8,-24.0740740740741,21.725,0.301136363636364
1994,"sowing",2.5,21.4,22.9,6.7,10,16.3,14.8,5.7,1.6,4.2,9.8,9.8,5.7,-1.28,14.8,0.757009345794392
1994,"germination",2.05,19.8,18.55,2.8,7.65,15.75,10.7,34.9,5.8,22.9,11.35,11.4,40.6,-16.0243902439024,10.675,0.795454545454545
1994,"tillering",3,22,21,5.2,8.3,15.9,13.1,13.1,2.5,6.6,8.1,8.1,53.7,-3.36666666666667,13.1,0.718181818181818
1994,"heading",4.55,32.05,25.3,9.85,10.6,15.45,17.6,40,7.4,1.7,25.15,25.2,93.7,-7.79120879120879,17.575,0.482059282371295
1994,"maturity",5.65,40.6,29.3,14.7,14.55,14.6,21.95,84.9,12.5,0,34,33.9,178.6,-14.0265486725664,22,0.359605911330049
1995,"sowing",2.3,32.4,21.6,8.3,11,13.3,14.9,28.9,5.2,2.1,9.95,9.9,28.9,-11.5652173913043,14.95,0.410493827160494
1995,"germination",2.1,20.05,18.95,3.6,8.05,15.45,11.25,21.6,3.7,19.8,12.55,12.5,50.5,-9.28571428571428,11.275,0.765586034912718
1995,"tillering",3.1,23,22,6.2,9,15.8,14.1,15.3,3.4,4.7,9.1,9.1,65.8,-3.93548387096774,14.1,0.68695652173913
1995,"heading",4.4,36,25.3,10.5,11.2,14.85,17.9,61.6,10.8,1.3,25.8,25.8,127.4,-13,17.9,0.411111111111111
1995,"maturity",5.25,44.05,27.4,14.5,14.35,12.9,20.95,183.2,19.9,0,31.9,31.9,310.6,-33.8952380952381,20.95,0.292849035187287
1996,"sowing",2.3,34.1,22,8.4,11.1,13.5,15.2,23,3.6,1.9,10.2,10.2,23,-9,15.2,0.398826979472141
1996,"germination",2,20.8,19.9,4.5,8.7,15.4,12.2,7.9,1.5,7.8,7.2,7.2,30.9,-2.95,12.2,0.740384615384615
1996,"tillering",2.4,26.85,18.15,3.95,8,14.2,11.05,50.4,9,18.3,12.1,12.1,81.3,-20,11.05,0.528864059590317
1996,"heading",4.35,35.6,24.9,10.1,11.05,14.85,17.5,70.5,11.9,2.2,25,25,151.8,-15.2068965517241,17.5,0.415730337078652
1996,"maturity",5.15,45.9,27.15,14.2,14.35,12.95,20.65,168.3,19.6,0.1,31.35,31.3,320.1,-31.6796116504854,20.675,0.282135076252723
1997,"sowing",2.3,31.6,20.7,6.9,9.8,13.8,13.7,41.5,6,3.9,8.8,8.7,41.5,-17.0434782608696,13.8,0.436708860759494
1997,"germination",2.05,25.3,18.85,4.4,8.4,14.45,11.55,45.7,7.6,16.3,13.25,13.1,87.2,-21.2926829268293,11.625,0.571146245059289
1997,"tillering",3.1,25.8,22.4,6.5,9,15.8,14.4,14.6,3,4.3,9.45,9.4,101.8,-3.70967741935484,14.45,0.616279069767442
1997,"heading",4.4,37.55,25.75,11.25,11.6,14.5,18.5,57.5,9.2,0.9,27,27,159.3,-12.0681818181818,18.5,0.386151797603196
1997,"maturity",5.65,39.8,29,14.7,14.6,14.3,21.75,96.2,13.2,0,33.7,33.5,255.5,-16.0265486725664,21.85,0.35929648241206
1998,"sowing",2.5,22.1,22.6,7.2,10.4,15.4,14.9,19.1,3.3,3.6,9.9,9.9,19.1,-6.64,14.9,0.69683257918552
1998,"germination",2.2,19.4,20.55,4.3,8.4,16.2,12.4,14.9,3.7,16.7,14.85,14.8,34,-5.77272727272727,12.425,0.837628865979381
1998,"tillering",3,23,21.5,6.2,8.9,15.4,13.8,15.1,2.9,4.8,8.85,8.8,49.1,-4.03333333333333,13.85,0.665217391304348
1998,"heading",4.35,36.05,25.15,10.35,11.1,14.7,17.75,65.9,12,1.7,25.5,25.5,115,-14.1494252873563,17.75,0.410540915395284
1998,"maturity",5.4,44.2,28.1,14.75,14.55,13.4,21.45,164.6,18.8,0,32.85,32.9,279.6,-29.4814814814815,21.425,0.302036199095023
1999,"sowing",2.3,33.2,21.9,8.3,11.1,13.6,15.1,29.7,4.8,2.1,10.1,10.1,29.7,-11.9130434782609,15.1,0.409638554216867
1999,"germination",2.2,22.25,20.65,5.15,8.8,15.5,12.85,21.2,4.4,13.2,15.8,15.7,50.9,-8.63636363636363,12.9,0.696629213483146
1999,"tillering",3.1,20,22.1,5.7,8.6,16.4,13.8,14,2.6,5.7,8.9,8.8,64.9,-3.51612903225806,13.9,0.82
1999,"heading",4.35,34.15,24.8,10.15,10.8,14.65,17.4,66.7,10.7,2.1,24.95,24.8,131.6,-14.3333333333333,17.475,0.428989751098097
1999,"maturity",5.45,46.45,29.05,15.55,15.05,13.55,22.3,154.6,18.5,0,34.6,34.6,286.2,-27.3669724770642,22.3,0.290635091496232
2000,"sowing",2.3,25.1,21,6.3,9.5,14.7,13.6,22.1,3,4.7,8.65,8.6,22.1,-8.60869565217391,13.65,0.585657370517928
2000,"germination",2.1,23.3,20.3,4.9,8.7,15.4,12.5,10.4,2.6,7.3,7.6,7.5,32.5,-3.95238095238095,12.6,0.660944206008584
2000,"tillering",2.75,18.95,21.2,4.7,8.25,16.5,12.9,18.4,4.6,15.5,15.9,15.8,50.9,-5.69090909090909,12.95,0.870712401055409
2000,"heading",4.35,35.75,24.8,10,10.75,14.8,17.4,81.1,12,2.4,24.8,24.8,132,-17.6436781609195,17.4,0.413986013986014
2000,"maturity",5.55,40.05,28.25,14.3,13.85,13.95,21.25,140.4,15.7,0,32.55,32.5,272.4,-24.2972972972973,21.275,0.348314606741573
2001,"sowing",2.4,25.8,22.4,7.6,10.6,14.9,15,22.9,3.8,2.8,10,10,22.9,-8.54166666666667,15,0.573643410852713
2001,"germination",2.1,21.75,19.55,4.3,8.35,15.25,11.9,32.1,6.4,16.6,13.85,13.8,55,-14.2857142857143,11.925,0.701149425287356
2001,"tillering",3,24.2,21.4,5.6,8.6,15.8,13.5,23.9,3.3,5.9,8.5,8.5,78.9,-6.96666666666667,13.5,0.652892561983471
2001,"heading",4.3,37.65,24.75,10.5,11.2,14.25,17.65,91.6,13.5,1.9,25.25,25.3,170.5,-20.3023255813953,17.625,0.378486055776892
2001,"maturity",5.2,46.75,27.65,14.85,14.55,12.8,21.2,181.5,20.5,0,32.5,32.4,352,-33.9038461538462,21.25,0.27379679144385
2002,"sowing",2.4,27.3,22.2,7,10.1,15.2,14.6,33.2,4.9,3.6,9.6,9.6,33.2,-12.8333333333333,14.6,0.556776556776557
2002,"germination",2.05,23.9,18.65,3.55,7.95,15.15,11.05,37.3,6.6,19.9,12.2,12.1,70.5,-17.1951219512195,11.1,0.631799163179916
2002,"tillering",2.9,31.8,21.2,6.6,9,14.7,13.9,34.2,4.9,4.3,8.9,8.9,104.7,-10.7931034482759,13.9,0.459119496855346
2002,"heading",4.55,33.1,25.7,10.25,10.9,15.5,17.95,49.9,10.7,1.5,25.95,25.9,154.6,-9.96703296703297,17.975,0.466767371601208
2002,"maturity",5.65,38.35,28.7,14.15,13.95,14.6,21.4,97.9,15,0.1,32.85,32.8,252.5,-16.3274336283186,21.425,0.379400260756193
2003,"sowing",2.5,25.8,22.6,7.5,10.4,15.1,15,19.8,3.2,3,10.05,10,19.8,-6.92,15.05,0.585271317829457
2003,"germination",2.25,19.35,19.85,3.55,7.85,16.3,11.7,18.5,4.9,19.6,13.4,13.4,38.3,-7.22222222222222,11.7,0.842377260981912
2003,"tillering",2.9,22.5,20.3,4.2,7.8,16.1,12.2,18.9,3.7,8.4,7.25,7.2,57.2,-5.51724137931034,12.25,0.715555555555556
2003,"heading",4.5,35.95,25.5,10.45,11.05,15.05,17.95,63.9,10.7,1.8,25.95,25.9,121.1,-13.2,17.975,0.418636995827538
2003,"maturity",5.75,38.75,29.5,14.95,14.65,14.55,22.2,77.6,12.4,0,34.45,34.4,198.7,-12.495652173913,22.225,0.375483870967742
2004,"sowing",2.6,22.6,24,8.4,10.7,15.5,16.2,8.6,1.9,2,11.2,11.2,8.6,-2.30769230769231,16.2,0.690265486725664
2004,"germination",2.1,24.3,20.2,5.2,8.9,15,12.7,10.9,2.6,6.5,7.7,7.7,19.5,-4.19047619047619,12.7,0.617283950617284
2004,"tillering",2.7,21,20.95,5,8.35,15.95,12.9,28.2,5.5,14.8,15.95,15.8,47.7,-9.44444444444444,12.975,0.75952380952381
2004,"heading",4.45,31.35,25.3,10.05,10.9,15.25,17.65,62.2,10.1,2.4,25.35,25.3,109.9,-12.9775280898876,17.675,0.486443381180223
2004,"maturity",5.9,39,30.55,16.1,15.65,14.45,23.3,109.4,14.3,0,36.65,36.6,219.3,-17.5423728813559,23.325,0.37051282051282
2005,"sowing",2.5,25.2,23,8.3,10.9,14.7,15.6,19.6,3.4,2.3,10.65,10.6,19.6,-6.84,15.65,0.583333333333333
2005,"germination",2.3,17.65,21.2,4.65,8.45,16.55,12.9,15.5,3.8,15.6,15.85,15.8,35.1,-5.73913043478261,12.925,0.937677053824363
2005,"tillering",3.2,25,22.6,6,8.7,16.6,14.2,10.1,2.5,5.5,9.3,9.2,45.2,-2.15625,14.3,0.664
2005,"heading",4.75,30.4,26.9,10.65,11.3,16.25,18.75,30.4,8.2,1.4,27.55,27.5,75.6,-5.4,18.775,0.53453947368421
2005,"maturity",5.75,37.45,29.1,14.5,14.35,14.65,21.75,100.9,14,0,33.6,33.5,176.5,-16.5478260869565,21.8,0.389853137516689
2006,"sowing",2.3,28.7,20.5,6.1,9.5,14.4,13.3,37,4.9,5.2,8.3,8.3,37,-15.0869565217391,13.3,0.501742160278746
2006,"germination",2.25,19.7,20.75,4.5,8.45,16.25,12.6,19.1,4.7,16.2,15.25,15.2,56.1,-7.48888888888889,12.625,0.8248730964467
2006,"tillering",2.9,28.4,20.4,5.7,8.6,14.7,13,41.5,6,5.7,8.05,8,97.6,-13.3103448275862,13.05,0.517605633802817
2006,"heading",4.55,33.5,26.15,10.65,11.3,15.5,18.4,55.3,10.9,1.5,26.8,26.8,152.9,-11.1538461538462,18.4,0.462686567164179
2006,"maturity",5.7,40.35,29.35,14.9,14.65,14.45,22.1,134.7,16.3,0,34.25,34.2,287.6,-22.6315789473684,22.125,0.358116480793061
2007,"sowing",2.6,19.8,23.4,7,10,16.4,15.2,16.4,2.2,3.7,10.2,10.2,16.4,-5.30769230769231,15.2,0.828282828282828
2007,"germination",2.2,20.3,20.05,4.1,8.25,15.95,12.1,36.2,5.8,17.5,14.15,14.2,52.6,-15.4545454545455,12.075,0.785714285714286
2007,"tillering",3.2,20.1,22.2,5.4,8.4,16.8,13.8,9.9,2.7,6.3,8.8,8.8,62.5,-2.09375,13.8,0.835820895522388
2007,"heading",4.45,36.4,25.9,10.9,11.4,15,18.35,86.2,12.7,1.1,26.8,26.7,148.7,-18.3707865168539,18.4,0.412087912087912
2007,"maturity",5.45,42.1,28.15,14.45,14.25,13.65,21.3,131.8,16.4,0,32.6,32.6,280.5,-23.1834862385321,21.3,0.32541567695962
2008,"sowing",2.5,32.7,23.3,9.3,11.5,14,16.3,26.4,4.2,1.2,11.3,11.3,26.4,-9.56,16.3,0.428134556574923
2008,"germination",2,28.1,20.2,5.4,9.1,14.8,12.8,22,4.7,6.1,7.8,7.8,48.4,-10,12.8,0.526690391459075
2008,"tillering",2.75,21.3,21.45,5.6,8.75,15.9,13.5,27.4,5.2,12.1,17.05,17,75.8,-8.96363636363636,13.525,0.744131455399061
2008,"heading",4.55,30.2,25.55,9.7,10.7,15.85,17.6,42.2,8,3.4,25.25,25.2,118,-8.27472527472528,17.625,0.524834437086093
2008,"maturity",5.65,42.1,29.5,15.55,15.25,14,22.5,132.3,16.6,0,35.05,35,250.3,-22.4159292035398,22.525,0.331353919239905
2009,"sowing",2.4,28.3,22.7,8.1,10.9,14.6,15.4,17.6,4.3,2.3,10.4,10.4,17.6,-6.33333333333333,15.4,0.515901060070671
2009,"germination",2.05,27.5,19.65,5.15,8.95,14.45,12.35,41.4,8.2,13.6,14.8,14.7,59,-19.1951219512195,12.4,0.527272727272727
2009,"tillering",3.2,22.6,22.5,6.3,8.9,16.3,14.4,14.4,2.7,4.7,9.4,9.4,73.4,-3.5,14.4,0.716814159292035
2009,"heading",4.5,35.65,25.9,10.75,11.3,15.1,18.3,69,12.4,1.7,26.65,26.6,142.4,-14.3333333333333,18.325,0.424964936886395
2009,"maturity",5.75,37.95,28.95,14.3,14,14.65,21.65,123.1,16.9,0.1,33.25,33.3,265.5,-20.4086956521739,21.625,0.386034255599473
2010,"sowing",2.5,29.5,23.4,8.8,11.3,14.6,16.1,22.4,4.1,1.8,11.1,11.1,22.4,-7.96,16.1,0.494915254237288
2010,"germination",2.25,21.95,20.6,4.55,8.35,16.1,12.55,24.5,5,15.7,15.15,15.1,46.9,-9.88888888888889,12.575,0.73120728929385
2010,"tillering",3.2,18.3,22.7,6,8.7,16.7,14.3,8.5,1.9,5,9.35,9.3,55.4,-1.65625,14.35,0.912568306010929
2010,"heading",4.65,33.6,26.5,10.4,11.05,16.1,18.4,45.5,8.7,1.4,26.9,26.8,100.9,-8.78494623655914,18.45,0.479166666666667
2010,"maturity",5.6,41.45,29.1,14.9,14.6,14.2,22,143.8,18.5,0,34,34,244.7,-24.6785714285714,22,0.342581423401689
2011,"sowing",2.4,32.8,22.2,8,10.7,14.3,15.1,44.6,5.9,2.5,10.1,10.1,44.6,-17.5833333333333,15.1,0.432926829268293
2011,"germination",2.1,23.6,19.15,3.55,8,15.55,11.35,57.5,8,19.7,12.7,12.7,102.1,-26.3809523809524,11.35,0.661016949152542
2011,"tillering",3.1,21.3,21.9,5.2,8.2,16.8,13.5,19.6,4,6.5,8.55,8.5,121.7,-5.32258064516129,13.55,0.784037558685446
2011,"heading",4.7,28.8,26.35,9.75,10.55,16.6,18,40.6,7.5,2,26.1,26,162.3,-7.63829787234043,18.05,0.576388888888889
2011,"maturity",5.65,38.8,28.65,13.85,13.8,14.8,21.25,112.3,14.9,0.1,32.5,32.5,274.6,-18.8761061946903,21.25,0.381443298969072
2012,"sowing",2.6,21.7,23.7,7.4,10.3,16.3,15.5,6.6,2,3.2,10.55,10.5,6.6,-1.53846153846154,15.55,0.751152073732719
2012,"germination",2,26.5,19.8,4.6,8.7,15.2,12.2,26.7,4,7.7,7.2,7.2,33.3,-12.35,12.2,0.573584905660377
2012,"tillering",2.65,24.35,20.65,4.85,8.4,15.85,12.75,39,6.4,15.2,15.5,15.5,72.3,-13.7169811320755,12.75,0.648870636550308
2012,"heading",4.45,33.2,25.05,9.5,10.55,15.55,17.25,96.4,13.4,3,24.55,24.5,168.7,-20.6629213483146,17.275,0.468373493975903
2012,"maturity",5.7,40.25,29.35,14.8,14.45,14.55,22.05,120.1,15.8,0,34.15,34.1,288.8,-20.0701754385965,22.075,0.361490683229814
2013,"sowing",2.6,22,23.7,7.7,10.5,16,15.7,10.7,2.5,3,10.7,10.7,10.7,-3.11538461538461,15.7,0.727272727272727
2013,"germination",2.2,19.5,20.4,4.75,8.65,15.6,12.55,24,5.7,14.9,15.15,15.1,34.7,-9.90909090909091,12.575,0.802564102564102
2013,"tillering",3,22.4,21.3,4.9,8.2,16.4,13,17.9,3,7.3,8.1,8,52.6,-4.96666666666667,13.1,0.732142857142857
2013,"heading",4.55,29.9,25.45,9.35,10.4,16.1,17.4,50.9,9.9,3.2,24.8,24.8,103.5,-10.1868131868132,17.4,0.538461538461539
2013,"maturity",5.65,39.85,29.05,14.95,14.6,14.1,22,142.3,16.9,0,34,34,245.8,-24.1858407079646,22,0.353826850690088
2014,"sowing",2.6,25.6,23.9,8.3,10.9,15.6,16.1,18.6,3.9,2.2,11.1,11.1,18.6,-6.15384615384615,16.1,0.609375
2014,"germination",2.2,18.75,20.15,3.75,8.15,16.4,11.95,23,4.6,19.1,13.9,13.9,41.6,-9.45454545454545,11.95,0.874666666666667
2014,"tillering",3.1,27.1,22.1,6.5,9.1,15.5,14.3,19.2,3.6,4.3,9.3,9.3,60.8,-5.19354838709677,14.3,0.575645756457565
2014,"heading",4.75,30.8,27,10.65,11.2,16.4,18.8,43.8,7.9,1.3,27.65,27.6,104.6,-8.22105263157895,18.825,0.530844155844156
2014,"maturity",5.5,43.35,28.6,14.75,14.45,13.85,21.65,147.7,17.5,0,33.35,33.3,252.3,-25.8545454545455,21.675,0.319492502883506
2015,"sowing",2.7,22.1,25.2,8.5,10.9,16.7,16.8,8.9,2.3,2,11.85,11.8,8.9,-2.2962962962963,16.85,0.755656108597285
2015,"germination",2.1,26.95,19.7,4.85,8.65,14.85,12.25,51.6,8.7,14.6,14.55,14.5,60.5,-23.5714285714286,12.275,0.551020408163265
2015,"tillering",3.3,24.9,24,7,9.3,17,15.5,14.4,2.9,3.7,10.5,10.5,74.9,-3.36363636363636,15.5,0.682730923694779
2015,"heading",4.75,33.1,27.05,11.35,11.7,15.7,19.2,54.6,9.7,0.9,28.4,28.4,129.5,-10.4947368421053,19.2,0.474320241691843
2015,"maturity",6,34.6,30.3,15.05,14.75,15.25,22.65,76,12,0.1,35.35,35.3,205.5,-11.6666666666667,22.675,0.440751445086705
2016,"sowing",2.5,28.7,23.1,8.1,10.6,15,15.6,27.2,4.8,2.3,10.6,10.6,27.2,-9.88,15.6,0.522648083623693
2016,"germination",2.2,25.8,21.3,5.6,9,15.7,13.5,10.9,2.7,5.7,8.45,8.5,38.1,-3.95454545454545,13.45,0.608527131782946
2016,"tillering",2.8,21.2,21.85,5.3,8.6,16.55,13.55,32.1,7.3,13.2,17.15,17.1,70.2,-10.4642857142857,13.575,0.780660377358491
2016,"heading",4.7,30.5,26.45,10.15,10.85,16.3,18.3,48.5,8.4,1.7,26.6,26.6,118.7,-9.31914893617021,18.3,0.534426229508197
2016,"maturity",5.95,38.95,30.8,15.8,15.35,15.05,23.25,117,15.5,0,36.6,36.5,235.7,-18.6638655462185,23.3,0.385109114249037
2017,"sowing",2.6,24.7,24.1,8.2,11,15.8,16.1,14.5,2.7,2.3,11.15,11.1,14.5,-4.57692307692308,16.15,0.643724696356275
2017,"germination",2.35,18.6,21.45,4.55,8.6,16.95,13,15.6,4.2,16.1,16,16,30.1,-5.63829787234043,13,0.908602150537634
2017,"tillering",3.2,22.6,22.3,5.6,8.5,16.7,13.9,13.1,2.4,6.1,8.95,8.9,43.2,-3.09375,13.95,0.738938053097345
2017,"heading",4.65,32.7,26.35,10.35,11.05,16,18.35,57.7,10,1.2,26.7,26.7,100.9,-11.4086021505376,18.35,0.489296636085627
2017,"maturity",5.8,37.55,29.2,14.2,13.95,15,21.7,108.8,15.3,0,33.4,33.4,209.7,-17.7586206896552,21.7,0.399467376830892
2018,"sowing",2.6,27,23.7,8.3,10.7,15.4,16,20.2,4.3,2.3,11,11,20.2,-6.76923076923077,16,0.57037037037037
2018,"germination",2.3,21.65,21.1,5.3,8.85,15.85,13.15,17,4.5,13.4,16.4,16.3,37.2,-6.39130434782609,13.2,0.729792147806005
2018,"tillering",3.1,25,21.3,5.1,8,16.2,13.2,17.7,2.8,7.2,8.2,8.2,54.9,-4.70967741935484,13.2,0.648
2018,"heading",4.65,30.6,26.2,10.05,10.9,16.15,18.1,49.9,8.8,2.8,26.25,26.2,104.8,-9.73118279569892,18.125,0.527777777777778
2018,"maturity",6,35.3,30.3,15,14.55,15.35,22.65,70.5,12.4,0,35.3,35.3,175.3,-10.75,22.65,0.43342776203966
2019,"sowing",2.6,26.9,24.7,9.6,11.6,15.1,17.1,12.9,2.8,1,12.15,12.1,12.9,-3.96153846153846,17.15,0.561338289962825
2019,"germination",2.4,16.45,22.05,4.9,8.65,17.2,13.45,20,4.2,14.7,16.95,16.9,32.9,-7.33333333333333,13.475,1.04255319148936
2019,"tillering",3.3,18.4,23.5,6.4,9,17.1,14.9,6.4,1.7,4.7,9.95,9.9,39.3,-0.93939393939394,14.95,0.929347826086957
2019,"heading",4.85,29.45,27.25,11,11.4,16.2,19.05,31.2,6.8,0.9,28.25,28.1,70.5,-5.43298969072165,19.125,0.551782682512733
2019,"maturity",5.75,39.95,29.75,15.25,14.9,14.55,22.5,111.7,13.6,0,35,35,182.2,-18.4260869565217,22.5,0.362953692115144
2020,"sowing",2.6,20.1,24,7.3,10.3,16.6,15.6,9.6,2,3.3,10.65,10.6,9.6,-2.69230769230769,15.65,0.830845771144278
2020,"germination",2.1,21.7,20.7,5.3,9.1,15.4,13,12.1,2.3,6.3,8,8,21.7,-4.76190476190476,13,0.709677419354839
2020,"tillering",2.7,19.45,20.85,4.4,8.1,16.45,12.6,25.5,5.5,16.4,15.25,15.2,47.2,-8.44444444444444,12.625,0.845758354755784
2020,"heading",4.6,33.6,26.35,10.65,11.25,15.75,18.45,58.3,11.1,1.7,27,26.9,105.5,-11.6739130434783,18.5,0.467261904761905
2020,"maturity",5.55,44.35,29.05,15.25,14.75,13.75,22.1,130.4,16.2,0,34.3,34.2,235.9,-22.4954954954955,22.15,0.311161217587373
2021,"sowing",2.6,21.9,23.6,7.5,10.2,16.1,15.5,12,2.7,3.2,10.55,10.5,12,-3.61538461538462,15.55,0.735159817351598
2021,"germination",2.25,20.9,20.7,4.25,8.35,16.4,12.45,23.9,4.9,17.6,14.95,14.9,35.9,-9.62222222222222,12.475,0.787081339712919
2021,"tillering",3.1,24.1,21.7,5.2,8.4,16.5,13.4,20.8,3.8,6.7,8.45,8.4,56.7,-5.70967741935484,13.45,0.684647302904564
2021,"heading",4.45,34.4,25.7,10.1,10.8,15.55,17.85,50.6,9.4,1.7,25.8,25.7,107.3,-10.3707865168539,17.9,0.453488372093023
2021,"maturity",5.3,44.3,27.8,13.9,13.9,13.95,20.85,178.1,20.1,0.1,31.7,31.7,285.4,-32.6037735849057,20.85,0.313769751693002
2022,"sowing",2.5,24.4,23.3,7.2,10.3,16,15.2,31,4.7,3.5,10.25,10.2,31,-11.4,15.25,0.659836065573771
2022,"germination",2.3,23.35,21,4.95,8.75,16,12.95,37.2,6.8,14.2,15.95,15.9,68.2,-15.1739130434783,12.975,0.687366167023555
2022,"tillering",3.1,23.3,22.2,5.5,8.5,16.7,13.8,17,4,6.2,8.85,8.8,85.2,-4.48387096774194,13.85,0.716738197424893
2022,"heading",4.8,33.8,27.65,11.5,11.85,16.15,19.55,47.3,9.9,1.1,29.15,29.1,132.5,-8.85416666666667,19.575,0.477810650887574
2022,"maturity",5.5,42.9,28.7,14.6,14.45,14.1,21.6,140,17.4,0,33.3,33.2,272.5,-24.4545454545455,21.65,0.328671328671329
