"date","mean","stdev","var","median","iqr"
2012-01-06,85.6209432540402,40.0790187466529,1673.07643373551,76.9322941687799,45.2637535833543
2012-01-11,79.9076656218498,36.4962409234816,1439.80045047883,72.2805963331653,40.208621363486
2012-01-16,74.1943879896595,32.9134631003103,1206.52446722215,67.6288984975508,35.1534891436177
2012-01-21,68.4811103574691,29.330685277139,973.248483965474,62.9772006619362,30.0983569237494
2012-01-26,62.7678327252788,25.7479074539677,739.972500708796,58.3255028263216,25.0432247038811
2012-01-31,57.3189384333151,22.3598911705484,518.618469699949,53.8862674522189,20.2336701440865
2012-02-05,56.6289442654314,22.4775826026653,511.859579152075,53.2713563853298,19.8445134656183
2012-02-10,57.5252501389076,23.7638432732944,576.632402091191,53.9312200875119,20.9288227475923
2012-02-15,58.4215560123839,25.0501039439234,641.405225030308,54.591083789694,22.0131320295663
2012-02-20,59.3178618858601,26.3363646145525,706.178047969424,55.2509474918761,23.0974413115403
2012-02-25,60.2141677593364,27.6226252851815,770.95087090854,55.9108111940582,24.1817505935143
2012-03-01,60.1796427708713,28.3922312122298,813.785338954905,55.7169858336317,24.8866767278636
2012-03-06,54.2498556567778,25.8896904299336,717.676892680507,50.1164630766839,23.188842927256
2012-03-11,47.3892376807429,22.8704949040567,599.630091513358,43.6622512571274,21.1116259790236
2012-03-16,40.5286197047081,19.8512993781797,481.583290346208,37.208039437571,19.0344090307913
2012-03-21,33.6680017286732,16.8321038523028,363.536489179058,30.7538276180145,16.9571920825589
2012-03-26,26.8073837526384,13.8129083264259,245.489688011909,24.2996157984581,14.8799751343266
2012-03-31,20.1454535724272,10.8997958236612,131.897832901658,18.0263698041568,12.820528479853
2012-04-05,17.0599037170411,9.89617773691814,98.4950068155933,15.0105086644491,11.0809471130371
2012-04-10,15.1664806365968,9.52905778884888,91.8218570709237,13.0804424762727,9.44798750877381
2012-04-15,13.2730575561525,9.16193784077963,85.1487073262541,11.1503762880962,7.81502790451051
2012-04-20,11.3796344757081,8.79481789271038,78.4755575815845,9.22031009991973,6.1820683002472
2012-04-25,9.48621139526379,8.42769794464112,71.8024078369149,7.29024391174326,4.5491086959839
2012-04-30,7.70324445909081,8.1129304565922,66.2178210695336,5.46302906959297,3.01712130700389
2012-05-05,7.90848811980229,8.74050724890925,80.2273678933429,5.487138455914,3.30263379312332
2012-05-10,8.77646864614191,9.6821988013483,100.768292580882,6.12835591839215,4.19397957094255
2012-05-15,9.64444917248153,10.6238903537873,121.309217268422,6.76957338087029,5.08532534876178
2012-05-20,10.5124296988212,11.5655819062264,141.850141955961,7.41079084334844,5.97667112658101
2012-05-25,11.3804102251608,12.5072734586654,162.3910666435,8.05200830582659,6.86801690440025
2012-05-30,12.2483907515004,13.4489650111045,182.93199133104,8.69322576830473,7.75936268221948
2012-06-04,12.1444356918336,13.806428527832,190.620785522462,8.45684552192697,7.69595923423767
2012-06-09,11.3925235748292,13.7744066874186,189.741492716472,7.63540013631194,6.99605630238852
2012-06-14,10.6406114578248,13.7423848470052,188.862199910482,6.81395475069692,6.29615337053936
2012-06-19,9.88869934082043,13.7103630065918,187.982907104493,5.99250936508188,5.5962504386902
2012-06-24,9.13678722381603,13.6783411661784,187.103614298503,5.17106397946685,4.89634750684103
2012-06-29,8.38487510681164,13.646319325765,186.224321492514,4.34961859385182,4.19644457499187
2012-07-04,8.37138981972983,13.5859625108781,184.599472045899,4.30947488354108,4.37128942243516
2012-07-09,8.85018908592974,13.5067157130088,182.477584838868,4.79019895676653,5.1292994560734
2012-07-14,9.32898835212966,13.4274689151395,180.355697631837,5.27092302999199,5.88730948971165
2012-07-19,9.80778761832957,13.3482221172702,178.233810424805,5.75164710321744,6.6453195233499
2012-07-24,10.2865868845295,13.2689753194009,176.111923217774,6.23237117644289,7.40332955698814
2012-07-29,10.7653861507294,13.1897285215317,173.990036010743,6.71309524966834,8.16133959062638
2012-08-03,13.438332588442,14.7952419096424,258.522048950196,8.74656443442078,11.6721768994485
2012-08-08,19.4024997834238,18.9278955767232,473.034912109376,13.1091512864637,19.3122551210465
2012-08-13,25.3666669784055,23.060549243804,687.547775268555,17.4717381385066,26.9523333426445
2012-08-18,31.3308341733872,27.1932029108848,902.060638427735,21.8343249905495,34.5924115642425
2012-08-23,37.2950013683689,31.3258565779655,1116.57350158691,26.1969118425924,42.2324897858404
2012-08-28,43.2591685633507,35.4585102450463,1331.08636474609,30.5594986946353,49.8725680074384
2012-09-02,48.9190483634704,38.5480153865199,1490.20381652832,35.4938659717192,55.5676024375423
2012-09-07,53.666065979004,38.5080749511719,1483.13503417969,42.1435745239259,55.4275054931641
2012-09-12,58.3623690287273,38.2942764282227,1466.83368326823,48.8885798136394,54.9632345835368
2012-09-17,63.0586720784507,38.0804779052735,1450.53233235677,55.633585103353,54.4989636739095
2012-09-22,67.754975128174,37.8666793823242,1434.23098144531,62.3785903930665,54.0346927642823
2012-09-27,72.4512781778973,37.652880859375,1417.92963053386,69.1235956827801,53.570421854655
2012-10-02,75.5140615270473,37.0494987537015,1377.51117780788,73.8097237240372,52.7389127218596
2012-10-07,73.6762857744772,35.2773658998551,1264.74141963836,72.3192200199252,50.8056889195597
2012-10-12,71.5662567384783,33.440302448888,1147.95214449975,70.485570107737,48.8112587467317
2012-10-17,69.4562277024794,31.6032389979209,1031.16286936114,68.6519201955489,46.8168285739038
2012-10-22,67.3461986664804,29.7661755469537,914.373594222531,66.8182702833607,44.8223984010758
2012-10-27,65.2361696304815,27.9291120959866,797.584319083922,64.9846203711726,42.8279682282479
2012-11-01,64.251081520819,26.4971406530564,706.149935184603,64.2242933605564,41.0350479445919
2012-11-06,70.3906192779543,27.6307519276936,775.296529134116,70.2616780598959,40.5183569590251
2012-11-11,77.6550979614259,29.1694552103678,869.798014322918,77.3723856608073,40.2031758626302
2012-11-16,84.9195766448976,30.708158493042,964.299499511719,84.4830932617188,39.8879947662354
2012-11-21,92.1840553283693,32.2468617757161,1058.80098470052,91.5938008626303,39.5728136698405
2012-11-26,99.448534011841,33.7855650583903,1153.30246988932,98.7045084635417,39.2576325734457
2012-12-01,105.61184351029,35.5183787905785,1270.63410668158,104.579884545111,39.1258354113179
2012-12-06,104.801081503591,38.4805587030226,1532.55670362903,102.631494337513,40.1554698328818
2012-12-11,102.88915031187,41.6368490649808,1817.30945217994,99.4477726105721,41.3684881887128
2012-12-16,100.977219120149,44.7931394269389,2102.06220073085,96.2640508836316,42.5815065445439
2012-12-21,99.0652879284277,47.9494297888971,2386.81494928175,93.080329156691,43.7945249003749
2012-12-26,97.1533567367064,51.1057201508552,2671.56769783266,89.8966074297505,45.0075432562059
2012-12-31,95.0837542872278,53.9507435337189,2929.92389585433,86.6198694044544,46.0757973701723
2013-01-05,90.1760691981165,51.1929612928821,2713.1421843498,81.6688380087576,44.5382951305759
2013-01-10,84.3223565624609,46.5675771774784,2337.98116966986,76.1597088229272,42.1322074397918
2013-01-15,78.4686439268054,41.9421930620747,1962.82015498992,70.6505796370968,39.7261197490077
2013-01-20,72.6149312911498,37.316808946671,1587.65914030998,65.1414504512665,37.3200320582236
2013-01-25,66.7612186554943,32.6914248312673,1212.49812563004,59.6323212654361,34.9139443674395
2013-01-30,60.9075060198387,28.0660407158636,837.337110950101,54.1231920796057,32.5078566766554
2013-02-04,60.6194740022935,26.2894543920244,691.18048967634,54.7099034445627,31.3024108069283
2013-02-09,64.0418957301552,26.4120665958949,697.693464006697,59.3605085100447,30.897392817906
2013-02-14,67.4643174580169,26.5346787997654,704.206438337054,64.0111135755268,30.4923748288836
2013-02-19,70.8867391858785,26.6572910036359,710.719412667411,68.6617186410088,30.0873568398612
2013-02-24,74.3091609137402,26.7799032075064,717.232386997768,73.3123237064908,29.6823388508388
2013-03-01,76.6861195674143,26.613181915371,712.084366463516,76.7236857313166,29.0686154633623
2013-03-06,72.4418120845674,24.6140151485319,633.083378453408,72.2865084986534,27.1330912190099
2013-03-11,67.1520415275331,22.325514885687,542.421395578692,66.610088225334,24.9888615762034
2013-03-16,61.8622709704987,20.037014622842,451.759412703975,60.9336679520147,22.8446319333969
2013-03-21,56.5725004134643,17.7485143599971,361.097429829258,55.2572476786953,20.7004022905904
2013-03-26,51.2827298564299,15.4600140971521,270.435446954542,49.580827405376,18.5561726477838
2013-03-31,45.9781179571668,13.2343765020882,182.79410502608,43.8982259675509,16.4542154071152
2013-04-05,40.4063618977868,12.1402669270832,149.524300130208,38.104363568624,15.1131614049276
2013-04-10,34.7455577850345,11.4233333587646,134.378340911865,32.2734141826631,14.025741815567
2013-04-15,29.0847536722822,10.7063997904459,119.232381693521,26.4424647967022,12.9383222262065
2013-04-20,23.42394955953,9.9894662221272,104.086422475178,20.6115154107413,11.8509026368459
2013-04-25,17.7631454467777,9.27253265380851,88.9404632568352,14.7805660247804,10.7634830474854
2013-04-30,12.3155696930427,8.6378661690988,75.7470973550112,9.16506581029595,9.67396118717811
2013-05-05,10.7061044016195,9.48400718935066,97.7004111505316,7.42765068238792,8.5465984498301
2013-05-10,10.3760092643003,10.8237507112564,131.369284845167,6.98293058333869,7.40662208680186
2013-05-15,10.045914126981,12.1634942331621,165.038158539802,6.53821048428947,6.26664572377361
2013-05-20,9.71581898966178,13.5032377550678,198.707032234437,6.09349038524024,5.12666936074536
2013-05-25,9.38572385234252,14.8429812769735,232.375905929072,5.64877028619101,3.98669299771711
2013-05-30,9.05562871502327,16.1827247988792,266.044779623708,5.20405018714178,2.84671663468886
2013-06-04,8.74651007652318,15.9427412986755,259.5889213562,4.93804297447216,2.44102954864504
2013-06-09,8.4513757705692,14.6496064503987,226.383241780598,4.79117768605561,2.52486864725751
2013-06-14,8.15624146461522,13.3564716021219,193.177562204996,4.64431239763907,2.60870774586998
2013-06-19,7.86110715866124,12.0633367538451,159.971882629394,4.49744710922252,2.69254684448244
2013-06-24,7.56597285270726,10.7702019055684,126.766203053792,4.35058182080598,2.77638594309491
2013-06-29,7.27083854675328,9.47706705729158,93.5605234781893,4.20371653238943,2.86022504170738
2013-07-04,7.72069100410743,10.2682516651768,121.415766562184,4.52941839156623,3.42948602860976
2013-07-09,8.66720130366699,12.44898257717,189.978291419244,5.17016501580526,4.32236160770541
2013-07-14,9.61371160322655,14.6297134891632,258.540816276303,5.81091164004429,5.21523718680107
2013-07-19,10.5602219027861,16.8104444011564,327.103341133363,6.45165826428332,6.10811276589672
2013-07-24,11.5067322023457,18.9911753131496,395.665865990423,7.09240488852235,7.00098834499238
2013-07-29,12.4532425019052,21.1719062251428,464.228390847482,7.73315151276138,7.89386392408804
2013-08-03,13.0857098487119,21.8903309606736,484.234280493951,8.16558474879122,8.59638881683352
2013-08-08,13.2471127663893,20.4152964315106,431.405217324533,8.28554790250727,9.01338768005373
2013-08-13,13.4085156840666,18.9402619023476,378.576154155115,8.40551105622333,9.43038654327395
2013-08-18,13.569918601744,17.4652273731846,325.747090985697,8.52547420993939,9.84738540649416
2013-08-23,13.7313215194213,15.9901928440216,272.918027816279,8.64543736365544,10.2643842697144
2013-08-28,13.8927244370987,14.5151583148586,220.088964646861,8.7654005173715,10.6813831329346
2013-09-02,15.909633818596,14.1345563433246,213.391885671307,10.8043570524647,12.2292978286743
2013-09-07,23.493062591553,17.0372520446776,345.090759277343,18.6002937316896,17.1699600219727
2013-09-12,31.3857424418135,20.1223531723021,484.478296915689,26.7160626411439,22.2991081873576
2013-09-17,39.2784222920739,23.2074542999266,623.865834554035,34.8318315505983,27.4282563527425
2013-09-22,47.1711021423343,26.2925554275511,763.253372192382,42.9476004600526,32.5574045181275
2013-09-27,55.0637819925947,29.3776565551757,902.640909830728,51.0633693695069,37.6865526835124
2013-10-02,61.6685200172345,31.8747895357684,1018.88603650165,57.7890091243868,42.0003656305293
2013-10-07,64.4094325650126,32.6080180752661,1065.70393027029,60.3442614155432,43.868172922442
2013-10-12,66.9356881418539,33.2432519235917,1108.66475554435,62.6678255142705,45.6000910112935
2013-10-17,69.4619437186952,33.8784857719174,1151.62558081842,64.9913896129979,47.3320091001449
2013-10-22,71.9881992955365,34.5137196202431,1194.58640609249,67.3149537117252,49.0639271889964
2013-10-27,74.5144548723778,35.1489534685687,1237.54723136656,69.6385178104525,50.7958452778478
2013-11-01,77.5205340231623,35.7279281271656,1276.80183719758,72.5747215024888,52.0472600087812
2013-11-06,83.5654958089197,35.950594584147,1292.58371988932,79.3909759521486,50.2554868062338
2013-11-11,90.0902811686202,36.1170018513996,1304.65938313802,86.8198699951173,47.9832102457683
2013-11-16,96.6150665283207,36.2834091186522,1316.73504638672,94.2487640380861,45.7109336853028
2013-11-21,103.139851888021,36.4498163859048,1328.81070963542,101.677658081055,43.4386571248373
2013-11-26,109.664637247722,36.6162236531575,1340.88637288411,109.106552124024,41.1663805643718
2013-12-01,114.569804185437,36.6111393565515,1341.55236989667,114.730873255576,39.0197600383144
2013-12-06,109.217387783912,35.519941822175,1269.95714741368,108.926232614825,37.6689610635081
2013-12-11,102.245352960402,34.2572527239398,1186.95225869456,101.317019062658,36.4438181231099
2013-12-16,95.2733181368925,32.9945636257047,1103.94736997543,93.7078055104903,35.2186751827117
2013-12-21,88.3012833133826,31.7318745274696,1020.9424812563,86.098591958323,33.9935322423135
2013-12-26,81.3292484898726,30.4691854292345,937.937592537172,78.4893784061556,32.7683893019153
2013-12-31,74.7206094557244,29.313564768145,862.024086441532,71.3059533396076,31.7244186647477
2014-01-05,74.6530946300881,30.0851759756763,913.755467568674,71.7867210142075,33.9415494857296
2014-01-10,76.7659545406223,31.4991978060813,1008.03514443674,74.8222196025235,37.2457141260947
2014-01-15,78.8788144511566,32.9132196364862,1102.31482130481,77.8577181908394,40.5498787664598
2014-01-20,80.9916743616909,34.3272414668912,1196.59449817288,80.8932167791553,43.854043406825
2014-01-25,83.1045342722252,35.7412632972961,1290.87417504095,83.9287153674712,47.1582080471901
2014-01-30,85.2173941827594,37.1552851277011,1385.15385190902,86.9642139557871,50.4623726875552
2014-02-04,89.1943511962895,40.3090291704448,1680.63812255859,89.2725396837509,54.2748234612602
2014-02-09,94.4140396118169,44.6225880214144,2110.2587890625,91.0960835048133,58.4261316571917
2014-02-14,99.6337280273442,48.936146872384,2539.8794555664,92.9196273258756,62.5774398531233
2014-02-19,104.853416442872,53.2497057233536,2969.50012207031,94.743171146938,66.7287480490549
2014-02-24,110.073104858399,57.5632645743231,3399.12078857422,96.5667149680003,70.8800562449864
2014-03-01,112.941642896591,60.451145075433,3707.4144324518,96.7144069443102,73.2806989001789
2014-03-06,100.919561878328,54.3097293607648,3247.303599696,86.2483705705214,64.5937931306901
2014-03-11,86.5463304827295,46.7426352962368,2665.86574431388,74.1064823519801,54.1562218204622
2014-03-16,72.1730990871311,39.1755412317089,2084.42788893177,61.9645941334388,43.7186505102343
2014-03-21,57.7998676915327,31.608447167181,1502.99003354965,49.8227059148975,33.2810792000064
2014-03-26,43.4266362959343,24.041353102653,921.552178167528,37.6808176963562,22.8435078897785
2014-03-31,29.5088786978367,16.7390742437299,362.453850194459,25.9093881664483,12.773672567183
2014-04-05,23.789649454753,14.2034690856931,205.46701558431,20.8062150319419,9.32308502197273
2014-04-10,20.803262996674,13.2567551612852,182.517345428467,17.925794029236,8.07891340255744
2014-04-15,17.816876538595,12.3100412368772,159.567675272624,15.0453730265301,6.83474178314216
2014-04-20,14.8304900805159,11.3633273124692,136.618005116781,12.1649520238243,5.59057016372688
2014-04-25,11.8441036224369,10.4166133880613,113.668334960938,9.28453102111837,4.34639854431159
2014-04-30,8.9783434394102,9.5546596391737,92.847829855642,6.51401612927857,3.14687305081282
2014-05-05,8.28385620732501,10.2183890496529,110.352295660203,5.72181123302849,2.75097782381126
2014-05-10,8.31312662555365,11.3906795132542,140.631751768051,5.58904300197499,2.62295935230877
2014-05-15,8.34239704378229,12.5629699768556,170.911207875898,5.45627477092148,2.49494088080628
2014-05-20,8.37166746201093,13.735260440457,201.190663983745,5.32350653986797,2.36692240930379
2014-05-25,8.40093788023957,14.9075509040584,231.470120091592,5.19073830881446,2.2389039378013
2014-05-30,8.43020829846821,16.0798413676598,261.749576199439,5.05797007776096,2.11088546629882
2014-06-04,8.2877278804783,16.0942877769468,260.884967041016,4.91884732246419,2.07375035285956
2014-06-09,8.03074690500934,15.3368381500242,239.257647705078,4.77548821767191,2.0972041447958
2014-06-14,7.77376592954039,14.5793885231016,217.630328369141,4.63212911287963,2.12065793673204
2014-06-19,7.51678495407143,13.821938896179,196.003009033203,4.48877000808735,2.14411172866828
2014-06-24,7.25980397860248,13.0644892692563,174.375689697266,4.34541090329508,2.16756552060452
2014-06-29,7.00282300313352,12.3070396423337,152.748370361328,4.2020517985028,2.19101931254075
2014-07-04,7.26673895312932,11.9330874104651,142.445580267137,4.5857331368233,2.63131495445012
2014-07-09,7.87791952010162,11.8148001086325,139.69247633411,5.32077477055231,3.34950516300823
2014-07-14,8.48910008707392,11.6965128067999,136.939372401084,6.05581640428132,4.06769537156634
2014-07-19,9.10028065404622,11.5782255049672,134.186268468057,6.79085803801033,4.78588558012446
2014-07-24,9.71146122101852,11.4599382031346,131.43316453503,7.52589967173934,5.50407578868257
2014-07-29,10.3226417879908,11.341650901302,128.680060602003,8.26094130546835,6.22226599724068
2014-08-03,10.8585544093966,11.2748125445456,127.121648973034,8.70527393587193,7.03606562460629
2014-08-08,11.2815651124527,11.2851476054035,127.355275800151,8.71354306128736,7.99327938018313
2014-08-13,11.7045758155088,11.2954826662615,127.588902627268,8.7218121867028,8.95049313575997
2014-08-18,12.1275865185649,11.3058177271194,127.822529454385,8.73008131211823,9.90770689133682
2014-08-23,12.550597221621,11.3161527879774,128.056156281502,8.73835043753366,10.8649206469137
2014-08-28,12.9736079246771,11.3264878488353,128.289783108619,8.74661956294909,11.8221344024905
2014-09-02,13.9587417270295,11.5035349618232,133.018502216954,9.46065480016911,12.8796334315885
2014-09-07,16.6302448272709,12.1807182312009,151.232498168945,12.2919883728029,14.2379882812501
2014-09-12,19.3954351107283,12.8856868426002,170.195676167806,15.2409496307375,15.6130573431652
2014-09-17,22.1606253941858,13.5906554539996,189.158854166667,18.1899108886721,16.9881264050802
2014-09-22,24.9258156776432,14.2956240653989,208.122032165527,21.1388721466066,18.3631954669953
2014-09-27,27.6910059611007,15.0005926767983,227.085210164388,24.0878334045412,19.7382645289104
2014-10-02,32.0467416982757,16.3122280389517,281.199626881589,28.705502651584,21.3834714004559
2014-10-07,41.1741137966037,19.4438636533673,440.767759753812,38.3292958659512,23.8390917008924
2014-10-12,50.5665768038846,22.6766103929086,606.194432412424,48.2312070785032,26.3397349696006
2014-10-17,59.9590398111655,25.90935713245,771.621105071037,58.1331182910552,28.8403782383089
2014-10-22,69.3515028184464,29.1421038719913,937.04777772965,68.0350295036071,31.3410215070172
2014-10-27,78.7439658257273,32.3748506115326,1102.47445038826,77.9369407161591,33.8416647757254
2014-11-01,87.3703447772615,35.3898680139355,1261.61917037472,86.9315730531755,36.2699025135657
2014-11-06,91.1448580423995,37.0259329477944,1380.97819010417,90.1801058451336,38.2395718892416
2014-11-11,94.1532872517908,38.4442685445147,1494.05525716146,92.5213597615561,40.1368357340496
2014-11-16,97.1617164611821,39.8626041412351,1607.13232421875,94.8626136779787,42.0340995788575
2014-11-21,100.170145670573,41.2809397379555,1720.20939127604,97.2038675944012,43.9313634236655
2014-11-26,103.178574879965,42.6992753346758,1833.28645833333,99.5451215108237,45.8286272684734
2014-12-01,105.241269929948,43.8941052615255,1928.23767530872,101.035577850342,47.6787963670301
2014-12-06,101.31431530368,43.6733992791942,1908.39184176537,97.137649536133,49.2306987393288
2014-12-11,96.4416265180038,43.2291876269922,1870.42015814012,92.3889236450197,50.7355063653762
2014-12-16,91.5689377323278,42.7849759747902,1832.44847451487,87.6401977539064,52.2403139914237
2014-12-21,86.6962489466518,42.3407643225882,1794.47679088962,82.8914718627932,53.7451216174711
2014-12-26,81.8235601609758,41.8965526703862,1756.50510726437,78.1427459716799,55.2499292435186
2014-12-31,77.0136313407657,41.3719743667107,1713.42659439579,73.4504732685706,56.5417314344838
2015-01-05,73.333381898942,39.4007963365121,1578.42515514743,69.7743579495339,53.9994357939691
2015-01-10,70.0296922499139,36.9474183974724,1412.78274043914,66.4369617585214,50.179107542961
2015-01-15,66.7260026008857,34.4940404584328,1247.14032573085,63.099565567509,46.358779291953
2015-01-20,63.4223129518575,32.0406625193931,1081.49791102256,59.7621693764965,42.5384510409449
2015-01-25,60.1186233028293,29.5872845803535,915.855496314264,56.424773185484,38.7181227899369
2015-01-30,56.8149336538012,27.1339066413138,750.213081605972,53.0873769944715,34.8977945389288
2015-02-04,58.5187431062975,26.6034036363871,709.434914725167,55.0974652426585,34.7455659593857
2015-02-09,63.5608852931436,27.3548172542024,751.899579729352,60.6725431169784,37.0387371608191
2015-02-14,68.6030274799896,28.1062308720177,794.364244733537,66.2476209912982,39.3319083622525
2015-02-19,73.6451696668356,28.857644489833,836.828909737722,71.8226988656182,41.625079563686
2015-02-24,78.6873118536817,29.6090581076483,879.293574741907,77.397776739938,43.9182507651195
2015-03-01,82.1299170665481,29.9567343267974,902.702461418467,81.2825118332965,45.3891998062487
2015-03-06,75.4421214442103,27.7474070210608,805.424752020066,74.4617426472327,41.6527418321181
2015-03-11,67.1547888478929,25.134342316658,689.091264294039,65.9506306802074,37.0940616976832
2015-03-16,58.8674562515755,22.5212776122552,572.757776568012,57.4395187131821,32.5353815632484
2015-03-21,50.5801236552581,19.9082129078524,456.424288841985,48.9284067461569,27.9767014288135
2015-03-26,42.2927910589407,17.2951482034496,340.090801115959,40.4172947791316,23.4180212943786
2015-03-31,34.169606973792,14.7290974183234,227.278155276801,32.0838788586279,18.9444875901747
2015-04-05,29.0010960896814,13.0092971801755,177.840663401286,26.9489917755128,16.0035896301271
2015-04-10,24.8174762725834,11.5715804576871,149.528222846985,22.8802809715272,13.573570251465
2015-04-15,20.6338564554854,10.1338637351987,121.215782292684,18.8115701675416,11.1435508728029
2015-04-20,16.4502366383874,8.6961470127103,92.9033417383827,14.742859363556,8.7135314941408
2015-04-25,12.2666168212894,7.2584302902219,64.5909011840818,10.6741485595704,6.2835121154787
2015-04-30,8.27923030853309,5.95318345285204,39.1114781951902,6.77794199912788,3.96204987802831
2015-05-05,7.82404327392615,7.03239454761601,64.6263713836667,5.98681182246064,3.59461618238898
2015-05-10,8.54625606536903,8.90642495309125,107.139369964599,6.23070710705182,3.87852533402
2015-05-15,9.2684688568119,10.7804553585665,149.652368545532,6.474602391643,4.16243448565101
2015-05-20,9.99068164825477,12.6544857640417,192.165367126465,6.71849767623418,4.44634363728203
2015-05-25,10.7128944396976,14.528516169517,234.678365707397,6.96239296082537,4.73025278891305
2015-05-30,11.4351072311405,16.4025465749923,277.19136428833,7.20628824541655,5.01416194054406
2015-06-04,11.7072604179386,17.3153966903684,300.062796020508,7.09959902763376,5.06856038570422
2015-06-09,11.6793738683069,17.5874599456784,309.839849853515,6.75918680826832,4.96995169321714
2015-06-14,11.6514873186751,17.8595232009885,319.616903686523,6.41877458890288,4.87134300073006
2015-06-19,11.6236007690433,18.1315864562986,329.393957519531,6.07836236953744,4.77273430824298
2015-06-24,11.5957142194116,18.4036497116086,339.171011352539,5.737950150172,4.6741256157559
2015-06-29,11.5678276697798,18.6757129669187,348.948065185547,5.39753793080657,4.57551692326882
2015-07-04,11.3364082459484,18.0105715720882,329.971592072517,5.396844833128,4.66154926053958
2015-07-09,10.9693002393173,16.7206270771639,291.826100995463,5.62263114990736,4.87067561764889
2015-07-14,10.6021922326861,15.4306825822397,253.680609918409,5.84841746668671,5.07980197475821
2015-07-19,10.2350842260549,14.1407380873154,215.535118841355,6.07420378346606,5.28892833186753
2015-07-24,9.86797621942373,12.8507935923912,177.389627764301,6.29999010024541,5.49805468897684
2015-07-29,9.50086821279256,11.560849097467,139.244136687247,6.52577641702476,5.70718104608616
2015-08-03,10.5790878418957,11.073676570769,123.818959882182,8.05670476728879,6.56540483044058
2015-08-08,13.8252989246003,11.7906619964105,142.474254485099,11.5453461677798,8.39727475566267
2015-08-13,17.0715100073049,12.5076474220519,161.129549088016,15.0339875682709,10.2291446808848
2015-08-18,20.3177210900095,13.2246328476934,179.784843690933,18.5226289687619,12.0610146061068
2015-08-23,23.5639321727141,13.9416182733348,198.44013829385,22.0112703692529,13.8928845313289
2015-08-28,26.8101432554187,14.6586036989763,217.095432896768,25.499911769744,15.724754456551
2015-09-02,29.2226892459012,15.0706327167631,227.666779548891,28.0851965467392,16.9887436356085
2015-09-07,29.1342399597172,14.567792510986,213.986282348633,27.9604114532472,16.5490905761721
2015-09-12,28.9068464914961,14.0141262372332,198.958460489909,27.6850669225058,16.0147907257082
2015-09-17,28.6794530232751,13.4604599634803,183.930638631185,27.4097223917644,15.4804908752443
2015-09-22,28.452059555054,12.9067936897275,168.902816772461,27.1343778610231,14.9461910247805
2015-09-27,28.224666086833,12.3531274159746,153.874994913737,26.8590333302817,14.4118911743166
2015-10-02,28.8818400713196,12.2871727188682,154.15863762312,27.3830143093808,14.5902427845618
2015-10-07,32.192716413929,13.6843527517008,200.376674036826,30.3049718180012,16.9065487769344
2015-10-12,35.6510206653229,15.1628180473078,249.146621211882,33.3601502449283,19.3416300127585
2015-10-17,39.1093249167169,16.6412833429149,297.916568386939,36.4153286718555,21.7767112485826
2015-10-22,42.5676291681109,18.1197486385219,346.686515561996,39.4705070987826,24.2117924844067
2015-10-27,46.0259334195048,19.598213934129,395.456462737052,42.5256855257097,26.6468737202308
2015-11-01,49.2301785844376,21.199315274146,455.52376539661,45.3714425536126,29.1588812169723
2015-11-06,50.8253828684492,23.5771115620928,587.140986124674,46.8908640543621,32.1580883661908
2015-11-11,52.1665280659997,26.0775438944495,730.055562337239,48.2008641560874,35.2342217763267
2015-11-16,53.5076732635502,28.5779762268063,872.970138549804,49.5108642578126,38.3103551864626
2015-11-21,54.8488184611007,31.0784085591631,1015.88471476237,50.8208643595379,41.3864885965985
2015-11-26,56.1899636586511,33.5788408915199,1158.79929097493,52.1308644612632,44.4626220067344
2015-12-01,58.1823929595952,35.9716730917651,1300.36477328393,54.0027148535945,47.1342859957297
2015-12-06,64.2996215820317,37.6830377886369,1433.38599420363,59.4329504197645,47.2443103175011
2015-12-11,71.0681343078618,39.2868023533972,1565.05812121976,65.4250362765406,46.949865218132
2015-12-16,77.8366470336918,40.8905669181575,1696.73024823589,71.4171221333167,46.6554201187628
2015-12-21,84.6051597595219,42.4943314829177,1828.40237525201,77.4092079900928,46.3609750193936
2015-12-26,91.373672485352,44.098096047678,1960.07450226814,83.4012938468689,46.0665299200244
2015-12-31,97.7044013238727,45.5383759898521,2078.86594317036,89.0327330558533,45.777183557326
2016-01-05,96.1550201908239,44.0359327254754,1965.80503402218,88.172532604587,45.5796144547003
2016-01-10,91.9789357339187,41.5525817255817,1775.46000819052,85.1484522665703,45.4126377720988
2016-01-15,87.8028512770134,39.069230725688,1585.11498235887,82.1243719285537,45.2456610894974
2016-01-20,83.6267668201082,36.5858797257944,1394.76995652722,79.100291590537,45.0786844068959
2016-01-25,79.4506823632029,34.1025287259007,1204.42493069556,76.0762112525204,44.9117077242945
2016-01-30,75.2745979062977,31.619177726007,1014.07990486391,73.0521309145038,44.7447310416931
2016-02-04,73.4639968872075,30.4742701957963,928.880219558187,71.3921311477138,44.6900663704709
2016-02-09,73.2303848266606,30.2216583120409,913.77742793642,70.6415184284081,44.7102763735016
2016-02-14,72.9967727661137,29.9690464282855,898.674636314653,69.8909057091025,44.7304863765323
2016-02-19,72.7631607055668,29.7164345445302,883.571844692886,69.1402929897968,44.750696379563
2016-02-24,72.52954864502,29.4638226607748,868.469053071118,68.3896802704912,44.7709063825938
2016-02-29,72.0108478300037,29.124078311432,849.764909680187,67.3822398570808,44.6305196692073
2016-03-05,66.3605494345393,27.2159495815152,766.236434444302,61.751900949786,41.5993920603108
2016-03-10,58.9997185122587,24.7850260580737,661.099848593433,54.5805958778629,37.6046841529109
2016-03-15,51.6388875899781,22.3541025346323,555.963262742563,47.4092908059399,33.6099762455111
2016-03-20,44.2780566676975,19.9231790111909,450.826676891694,40.2379857340169,29.6152683381113
2016-03-25,36.9172257454169,17.4922554877494,345.690091040825,33.0666806620938,25.6205604307114
2016-03-30,29.5563948231364,15.061331964308,240.553505189955,25.8953755901708,21.6258525233116
2016-04-04,25.7447246551519,13.898651409149,193.498480224607,22.3129884719851,19.1126797676088
2016-04-09,24.2991616566981,13.5814661661782,185.164495849607,21.1232133229576,17.5871971130372
2016-04-14,22.8535986582443,13.2642809232074,176.830511474607,19.9334381739301,16.0617144584657
2016-04-19,21.4080356597905,12.9470956802366,168.496527099607,18.7436630249026,14.5362318038942
2016-04-24,19.9624726613368,12.6299104372658,160.162542724607,17.5538878758751,13.0107491493226
2016-04-29,18.516909662883,12.312725194295,151.828558349607,16.3641127268475,11.4852664947511
2016-05-04,17.4437798223193,12.6966165111909,163.638959330895,15.2123015003822,10.2890035875383
2016-05-09,16.6189387536823,13.5478922013311,188.878950549708,14.0857995556249,9.31222051189804
2016-05-14,15.7940976850453,14.3991678914714,214.118941768521,12.9592976108676,8.33543743625776
2016-05-19,14.9692566164083,15.2504435816117,239.358932987334,11.8327956661103,7.35865436061749
2016-05-24,14.1444155477713,16.1017192717519,264.598924206147,10.7062937213531,6.38187128497721
2016-05-29,13.3195744791343,16.9529949618922,289.83891542496,9.57979177659577,5.40508820933693
2016-06-03,13.2079944610601,17.7056299845375,314.308329264321,9.15643628438334,5.49695065816256
2016-06-08,14.1663060188298,18.3103040059405,337.621877034503,9.78780047098815,7.19178139368706
2016-06-13,15.1246175765996,18.9149780273435,360.935424804685,10.419164657593,8.88661212921156
2016-06-18,16.0829291343694,19.5196520487465,384.248972574867,11.0505288441978,10.5814428647361
2016-06-23,17.0412406921392,20.1243260701495,407.56252034505,11.6818930308026,12.2762736002605
2016-06-28,17.9995522499089,20.7290000915525,430.876068115232,12.3132572174074,13.971104335785
2016-07-03,18.0154006711903,20.3605100570184,422.304828274632,12.3285348338467,14.5416611548394
2016-07-08,16.6175543877391,18.5322739385787,365.906407017859,11.4196825950378,13.4258070991887
2016-07-13,15.2197081042879,16.704037820139,309.507985761086,10.5108303562289,12.3099530435379
2016-07-18,13.8218618208367,14.8758017016993,253.109564504313,9.60197811742003,11.1940989878871
2016-07-23,12.4240155373855,13.0475655832596,196.71114324754,8.69312587861112,10.0782449322363
2016-07-28,11.0261692539343,11.2193294648199,140.312721990767,7.78427363980222,8.96239087658557
2016-08-02,10.2424641024687,9.98689683483471,101.151045670045,7.35690719850623,8.34117690055614
2016-08-07,11.3011823469598,10.541874670213,113.699604157476,8.37399814974898,9.20388316339075
2016-08-12,12.4622574467818,11.1961530870005,129.120953467582,9.47133673391056,10.1490294394956
2016-08-17,13.6233325466038,11.8504315037879,144.542302777688,10.5686753180721,11.0941757156004
2016-08-22,14.7844076464258,12.5047099205753,159.963652087793,11.6660139022337,12.0393219917053
2016-08-27,15.9454827462478,13.1589883373627,175.385001397899,12.7633524863953,12.9844682678101
2016-09-01,17.4627403468475,13.8583068872265,193.132418124288,14.2252016178256,14.186393876845
2016-09-06,21.2358204523727,14.8428796132403,225.611595153806,17.9956175486249,17.0145885944368
2016-09-11,25.3650830586756,15.8724924723305,260.416839599607,22.1305440266929,20.0995626449586
2016-09-16,29.4943456649785,16.9021053314207,295.222084045407,26.265470504761,23.1845366954805
2016-09-21,33.6236082712814,17.9317181905108,330.027328491208,30.400396982829,26.2695107460023
2016-09-26,37.7528708775843,18.961331049601,364.832572937009,34.535323460897,29.3544847965242
2016-10-01,42.5418553420041,20.5529972667076,447.159316042005,39.123269094652,32.4627321713972
2016-10-06,51.5090782411642,25.704334751252,830.455550655239,46.5803360477573,35.7183772671608
2016-10-11,61.1360229984411,31.4177255938128,1261.27328392767,54.4904221565495,38.9972956872757
2016-10-16,70.7629677557181,37.1311164363735,1692.0910172001,62.4005082653417,42.2762141073905
2016-10-21,80.3899125129951,42.8445072789343,2122.90875047253,70.3105943741339,45.5551325275053
2016-10-26,90.0168572702721,48.5578981214951,2553.72648374496,78.2206804829261,48.8340509476201
2016-10-31,99.2758591452984,54.018572066112,2964.71925833753,85.9160245751824,51.9919174079486
2016-11-05,101.911889139812,54.9303418477374,3018.86277669271,89.7460123697918,52.9708485921225
2016-11-10,102.340261840821,54.325810241699,2954.05654296875,92.2875480651857,53.2234680175782
2016-11-15,102.76863454183,53.7212786356606,2889.25030924479,94.8290837605796,53.476087443034
2016-11-20,103.197007242839,53.1167470296222,2824.44407552083,97.3706194559735,53.7287068684897
2016-11-25,103.625379943848,52.5122154235838,2759.63784179687,99.9121551513673,53.9813262939455
2016-11-30,104.326374610163,52.0536748873801,2712.33996597782,102.555331273233,54.5087309019029
2016-12-05,109.934564651982,54.2229736082014,2980.19253244707,107.028035071588,59.9822687948906
2016-12-10,117.178486485636,57.268218748031,3353.09524634576,112.110581428774,67.1045177828883
2016-12-15,124.42240831929,60.3134638878605,3725.99796024445,117.19312778596,74.2267667708861
2016-12-20,131.666330152943,63.3587090276901,4098.90067414314,122.275674143145,81.3490157588838
2016-12-25,138.910251986597,66.4039541675197,4471.80338804183,127.358220500331,88.4712647468816
2016-12-30,146.15417382025,69.4491993073493,4844.70610194052,132.440766857517,95.5935137348793
2017-01-04,148.225855673514,69.3529400979318,4825.95420394405,134.891561200542,95.4607017270983
2017-01-09,146.849377539851,67.1623446556828,4546.0992313508,135.587854200794,90.4911823887982
2017-01-14,145.472899406188,64.9717492134339,4266.24425875756,136.284147201046,85.5216630504981
2017-01-19,144.096421272525,62.781153771185,3986.38928616431,136.980440201298,80.5521437121979
2017-01-24,142.719943138862,60.590558328936,3706.53431357106,137.67673320155,75.5826243738978
2017-01-29,141.343465005199,58.3999628866871,3426.67934097782,138.373026201802,70.6131050355977
2017-02-03,133.380360194616,54.2428434916903,3047.34291512625,131.581321171352,63.8895563398093
2017-02-08,115.537315368653,47.1359381675719,2518.7843093872,113.557619094849,54.5349636077885
2017-02-13,97.6942705426905,40.0290328434534,1990.22570364815,95.5339170183455,45.1803708757677
2017-02-18,79.851225716728,32.9221275193349,1461.6670979091,77.5102149418423,35.8257781437469
2017-02-23,62.0081808907653,25.8152221952164,933.108492170056,59.486512865339,26.4711854117261
2017-02-28,44.9314095703696,19.0100234326128,426.341956593029,42.2260244624406,17.5417674227248
2017-03-05,41.6475613501772,17.6355427772766,311.832683932391,38.7033821844286,16.2654948080744
2017-03-10,42.961354163386,18.0713014910296,328.075832243883,39.7600219480453,17.5402706515408
2017-03-15,44.2751469765949,18.5070602047826,344.318980555375,40.8166617116621,18.8150464950073
2017-03-20,45.5889397898037,18.9428189185356,360.562128866867,41.8733014752788,20.0898223384738
2017-03-25,46.9027326030125,19.3785776322886,376.805277178359,42.9299412388956,21.3645981819403
2017-03-30,48.2165254162213,19.8143363460416,393.048425489851,43.9865810025123,22.6393740254068
2017-04-04,45.5321311950692,19.7887481689451,391.954129028315,41.2200534820557,21.9887158393864
2017-04-09,40.18227895101,19.455595397949,379.301536051427,35.9047477722168,20.0544349670414
2017-04-14,34.8324267069507,19.1224426269529,366.648943074539,30.5894420623779,18.1201540946965
2017-04-19,29.4825744628915,18.7892898559568,353.996350097651,25.2741363525391,16.1858732223515
2017-04-24,24.1327222188323,18.4561370849607,341.343757120763,19.9588306427002,14.2515923500065
2017-04-29,18.782869974773,18.1229843139646,328.691164143875,14.6435249328613,12.3173114776615
2017-05-04,15.7947589351294,17.4287554217921,306.698560653189,11.7786392704133,10.6851185521776
2017-05-09,14.3811420317628,16.4938091155019,278.479283486638,10.5473669728925,9.25431759126766
2017-05-14,12.9675251283962,15.5588628092118,250.260006320087,9.31609467537174,7.82351663035773
2017-05-19,11.5539082250296,14.6239165029216,222.040729153536,8.08482237785095,6.3927156694478
2017-05-24,10.140291321663,13.6889701966315,193.821451986985,6.85355008033016,4.96191470853786
2017-05-29,8.72667441829646,12.7540238903413,165.602174820433,5.62227778280937,3.53111374762792
2017-06-03,7.74106178283779,11.8053794542947,141.471080525711,4.83473520278933,2.63890517552736
2017-06-08,7.39745554924099,10.8361878236133,123.472260538732,4.71278719902041,2.55458518664084
2017-06-13,7.05384931564419,9.86699619293194,105.473440551753,4.59083919525149,2.47026519775433
2017-06-18,6.71024308204739,8.89780456225058,87.4746205647736,4.46889119148257,2.38594520886781
2017-06-23,6.36663684845059,7.92861293156922,69.4758005777944,4.34694318771365,2.3016252199813
2017-06-28,6.02303061485378,6.95942130088787,51.4769805908152,4.22499518394473,2.21730523109478
2017-07-03,5.99492106899226,6.52320663390602,42.8583506922517,4.28447334228026,2.41485180393384
2017-07-08,6.44005655473366,6.88645741247342,48.3100059263117,4.61609074377247,3.03519821936127
2017-07-13,6.88519204047506,7.24970819104083,53.7616611603717,4.94770814526468,3.65554463478869
2017-07-18,7.33032752621647,7.61295896960823,59.2133163944317,5.27932554675689,4.27589105021612
2017-07-23,7.77546301195787,7.97620974817564,64.6649716284916,5.6109429482491,4.89623746564354
2017-07-28,8.22059849769927,8.33946052674304,70.1166268625516,5.94256034974131,5.51658388107096
2017-08-02,8.84610475724832,8.66646201533636,75.2059692382762,6.49510311926567,6.14688466287471
2017-08-07,10.0127233382203,8.8847156340074,79.2083730389944,7.71042199288647,6.80704854380743
2017-08-12,11.2094037148269,9.09692770434944,83.1503913633234,8.9625617611793,7.46887148580286
2017-08-17,12.4060840914335,9.30913977469147,87.0924096876524,10.2147015294721,8.1306944277983
2017-08-22,13.6027644680401,9.5213518450335,91.0344280119815,11.466841297765,8.79251736979374
2017-08-27,14.7994448446467,9.73356391537554,94.9764463363105,12.7189810660578,9.45434031178918
2017-09-01,16.691880475322,10.1830758113244,107.124510443898,14.5826994274509,10.4435782638677
2017-09-06,22.9907660484323,12.135486602783,171.244197845454,20.319748878479,13.5064446131393
2017-09-11,29.9854068756113,14.3251972198484,243.569931030268,26.6683769226074,16.8967259724939
2017-09-16,36.9800477027902,16.5149078369139,315.895664215083,33.0170049667359,20.2870073318486
2017-09-21,43.9746885299692,18.7046184539793,388.221397399897,39.3656330108643,23.6772886912033
2017-09-26,50.9693293571481,20.8943290710447,460.547130584712,45.7142610549927,27.0675700505579
2017-10-01,57.1894191095915,23.1301085515174,543.379948371144,51.4464109027001,30.7450481377883
2017-10-06,58.5040187220429,25.6576575002361,692.757635301154,53.2741988397414,36.2414388348984
2017-10-11,59.0440672597586,28.231275312362,852.642406832782,54.4855085803616,42.0250262598842
2017-10-16,59.5841157974744,30.8048931244879,1012.52717836441,55.6968183209819,47.80861368487
2017-10-21,60.1241643351902,33.3785109366138,1172.41194989604,56.9081280616022,53.5922011098559
2017-10-26,60.664212872906,35.9521287487397,1332.29672142767,58.1194378022224,59.3757885348417
2017-10-31,61.336368779009,38.4714151550619,1489.93636251469,59.3724360681349,64.9537372662949
2017-11-05,64.3864573160816,40.0127362569171,1607.16365559895,61.3758277893066,66.8301895141607
2017-11-10,68.2291900634775,41.22806892395,1710.92016601562,63.6293506622314,67.4728096008306
2017-11-15,72.0719228108733,42.4434015909829,1814.67667643228,65.8828735351562,68.1154296875005
2017-11-20,75.9146555582691,43.6587342580158,1918.43318684895,68.136396408081,68.7580497741704
2017-11-25,79.7573883056649,44.8740669250486,2022.18969726562,70.3899192810058,69.4006698608403
2017-11-30,83.4823729681208,45.9730666228262,2116.23153194304,72.678329197053,69.8388235079863
2017-12-05,85.0878921016579,44.9780728740075,2035.409203314,75.5947058893019,66.5965812437001
2017-12-10,85.9869227255553,43.2850813096568,1896.29882024949,78.7204048402847,62.1275403422699
2017-12-15,86.8859533494527,41.592089745306,1757.18843718497,81.8461037912676,57.6584994408397
2017-12-20,87.7849839733502,39.8990981809553,1618.07805412046,84.9718027422504,53.1894585394096
2017-12-25,88.6840145972476,38.2061066166046,1478.96767105594,88.0975016932332,48.7204176379794
2017-12-30,89.583045221145,36.5131150522538,1339.85728799142,91.2232006442161,44.2513767365492
2018-01-04,92.3540243333395,39.4026929793818,1671.30979082661,93.0155521515875,42.4315168319216
2018-01-09,96.3729691043985,45.3473172341622,2316.47088426158,93.9190053632181,42.3777775918289
2018-01-14,100.391913875458,51.2919414889426,2961.63197769656,94.8224585748487,42.3240383517363
2018-01-19,104.410858646517,57.236565743723,3606.79307113154,95.7259117864792,42.2702991116437
2018-01-24,108.429803417576,63.1811899985035,4251.95416456653,96.6293649981098,42.2165598715511
2018-01-29,112.448748188635,69.1258142532839,4897.11525800151,97.5328182097403,42.1628206314584
2018-02-03,114.028263636998,70.0131478990825,4995.17260742187,98.7528675624302,41.7888984680181
2018-02-08,111.948635101319,63.3145456314085,4272.57434082031,100.447811126709,40.9347019195562
2018-02-13,109.86900656564,56.6159433637345,3549.97607421875,102.142754690988,40.0805053710943
2018-02-18,107.78937802996,49.9173410960604,2827.37780761718,103.837698255266,39.2263088226323
2018-02-23,105.709749494281,43.2187388283864,2104.77954101562,105.532641819545,38.3721122741704
2018-02-28,103.33641465007,36.6837767622985,1405.43258883568,106.733690928094,37.4371051419171
2018-03-05,95.6763662522848,33.094338324762,1124.60929624496,99.0446398335117,35.0475075014181
2018-03-10,86.2540800033086,30.4867410967425,983.293890183968,88.3922220045519,32.1730463581706
2018-03-15,76.8317937543324,27.879143868723,841.97848412298,77.739804175592,29.298585214923
2018-03-20,67.4095075053561,25.2715466407035,700.663078061992,67.0873863466322,26.4241240716755
2018-03-25,57.98722125638,22.6639494126841,559.347672001005,56.4349685176724,23.5496629284279
2018-03-30,48.5649350074038,20.0563521846646,418.032265940017,45.7825506887126,20.6752017851804
2018-04-04,42.3493169784554,19.2179533004758,369.706646728512,38.8766534805296,18.9891041755681
2018-04-09,38.2714777628589,19.5590199788409,383.374218749997,34.4684366861977,18.0952489217127
2018-04-14,34.1936385472623,19.900086657206,397.041790771481,30.0602198918658,17.2013936678574
2018-04-19,30.1157993316658,20.2411533355711,410.709362792966,25.6520030975339,16.307538414002
2018-04-24,26.0379601160693,20.5822200139361,424.37693481445,21.2437863032021,15.4136831601466
2018-04-29,21.9601209004728,20.9232866923012,438.044506835934,16.8355695088702,14.5198279062912
2018-05-04,19.1775403176592,20.4017281993741,420.271337693734,14.1374634312043,13.0396363196839
2018-05-09,17.2584654900343,19.3050862589188,381.537674442411,12.579431164649,11.1685538445754
2018-05-14,15.3393906624094,18.2084443184635,342.804011191088,11.0213988980937,9.29747136946696
2018-05-19,13.4203158347845,17.1118023780082,304.070347939765,9.46336663153839,7.42638889435847
2018-05-24,11.5012410071596,16.0151604375529,265.336684688442,7.90533436498309,5.55530641924999
2018-05-29,9.58216617953468,14.9185184970976,226.603021437119,6.3473020984278,3.6842239441415
2018-06-03,8.436859766643,13.9253267288206,195.487824503577,5.45527025858536,2.6557042121892
2018-06-08,8.45220597585118,13.0873102188108,175.800327046709,5.56223905881221,2.89102859497119
2018-06-13,8.46755218505935,12.249293708801,156.11282958984,5.66920785903906,3.12635297775317
2018-06-18,8.48289839426752,11.4112771987913,136.425332132972,5.7761766592659,3.36167736053515
2018-06-23,8.49824460347569,10.5732606887815,116.737834676103,5.88314545949275,3.59700174331713
2018-06-28,8.51359081268386,9.73524417877173,97.050337219235,5.9901142597196,3.83232612609912
2018-07-03,8.92299307546383,9.51067632244455,91.5755314980751,6.38179302215551,4.78177896622737
2018-07-08,9.92347941860151,10.2062814466413,107.419763380478,7.20053672790502,6.80242449237502
2018-07-13,10.9239657617392,10.9018865708379,123.263995262881,8.01928043365454,8.82307001852269
2018-07-18,11.9244521048769,11.5974916950346,139.108227145284,8.83802413940405,10.8437155446703
2018-07-23,12.9249384480146,12.2930968192313,154.952459027687,9.65676784515356,12.864361070818
2018-07-28,13.9254247911522,12.988701943428,170.79669091009,10.4755115509031,14.8850065969657
2018-08-02,14.9914294458212,13.845409424074,194.505298540666,11.3040096467539,16.5152454222407
2018-08-07,16.2539890350842,15.1854239740677,241.80703341576,12.1617709129085,16.974264144898
2018-08-12,17.5274683429357,16.5522889168029,290.419497582217,13.0211579107467,17.3682150840764
2018-08-17,18.8009476507871,17.9191538595382,339.031961748674,13.8805449085848,17.7621660232549
2018-08-22,20.0744269586386,19.2860188022734,387.64442591513,14.739931906423,18.1561169624334
2018-08-27,21.3479062664901,20.6528837450087,436.256890081587,15.5993189042612,18.5500679016118
2018-09-01,22.6289407914692,21.7098662634817,473.676054165744,16.5715816214774,18.9342614841466
2018-09-06,23.9578250249235,20.8042600949603,440.204317728675,18.2587238947548,19.2566584746048
2018-09-11,25.2942644755053,19.5887715021767,395.539281209306,20.0587418874102,19.5692981084193
2018-09-16,26.6307039260872,18.3732829093931,350.874244689938,21.8587598800657,19.8819377422338
2018-09-21,27.9671433766691,17.1577943166095,306.209208170569,23.6587778727211,20.1945773760483
2018-09-26,29.303582827251,15.9423057238259,261.544171651201,25.4587958653765,20.5072170098628
2018-10-01,30.6283522267504,15.0169969638699,227.565868323538,27.1786384127214,21.0797298594449
2018-10-06,31.8792113027273,15.9294938118225,261.270208543343,28.3907031397663,23.2981064088888
2018-10-11,33.1184003276218,17.1321704926027,305.661281954854,29.5225924215007,25.7763561741003
2018-10-16,34.3575893525163,18.3348471733829,350.052355366365,30.654481703235,28.2546059393119
2018-10-21,35.5967783774107,19.5375238541632,394.443428777876,31.7863709849693,30.7328557045234
2018-10-26,36.8359674023052,20.7402005349434,438.834502189387,32.9182602667037,33.2111054697349
2018-10-31,38.3741230306326,22.0177093345886,489.171459967497,34.402603621944,35.8174387860047
2018-11-05,45.2936775207528,24.6421962738035,646.534336344397,42.2311203002927,40.7292760213221
2018-11-10,54.0070316314706,27.7156759262083,839.572518920895,52.1743614196775,46.4096145629887
2018-11-15,62.7203857421883,30.7891555786131,1032.61070149739,62.1176025390622,52.0899531046554
2018-11-20,71.4337398529061,33.8626352310179,1225.64888407389,72.060843658447,57.7702916463221
2018-11-25,80.1470939636239,36.9361148834226,1418.68706665039,82.0040847778318,63.4506301879888
2018-11-30,88.5203124950787,39.9104205199209,1606.02214981571,91.4836479630006,68.7912470663752
2018-12-05,90.7710905997992,41.0995938701012,1690.70144357989,92.617008332283,68.0168740057181
2018-12-10,90.9810552289418,41.6937231248423,1741.16214087701,90.9683010962699,65.2041709653798
2018-12-15,91.1910198580843,42.2878523795834,1791.62283817414,89.3195938602568,62.3914679250415
2018-12-20,91.4009844872268,42.8819816343244,1842.08353547127,87.6708866242437,59.5787648847032
2018-12-25,91.6109491163693,43.4761108890655,1892.54423276839,86.0221793882305,56.7660618443649
2018-12-30,91.8209137455118,44.0702401438065,1943.00493006552,84.3734721522174,53.9533588040266
2019-01-04,93.8359955818431,44.2964252348867,1962.17443847656,86.3217507639235,53.679044661984
2019-01-09,97.0544888896336,44.2773142168597,1960.48315429687,90.6680199407759,55.0969897854719
2019-01-14,100.272982197424,44.2582031988327,1958.79187011718,95.0142891176282,56.5149349089598
2019-01-19,103.491475505215,44.2390921808057,1957.1005859375,99.3605582944805,57.9328800324477
2019-01-24,106.709968813005,44.2199811627787,1955.40930175781,103.706827471333,59.3508251559357
2019-01-29,109.928462120796,44.2008701447516,1953.71801757812,108.053096648185,60.7687702794236
2019-02-03,108.150977543423,43.5198775700159,1899.80706787109,106.584594999041,60.6132289341525
2019-02-08,98.8795261383067,41.8460626602172,1767.56661987304,96.3939371109005,58.0974578857429
2019-02-13,89.6080747331901,40.1722477504184,1635.326171875,86.2032792227606,55.5816868373333
2019-02-18,80.3366233280736,38.4984328406197,1503.08572387695,76.0126213346206,53.0659157889237
2019-02-23,71.0651719229571,36.8246179308209,1370.8452758789,65.8219634464806,50.5501447405141
2019-02-28,62.4350106340409,35.2584874043266,1246.9878414031,56.3115301158568,48.1771904097182
2019-03-05,65.3480714367291,35.6306757773122,1274.02465032762,59.0451388205249,48.3749369959685
2019-03-10,72.1088729366189,36.6489704501243,1351.35954038558,65.8600948702902,49.4295838879008
2019-03-15,78.8696744365086,37.6672651229365,1428.69443044354,72.6750509200555,50.4842307798331
2019-03-20,85.6304759363983,38.6855597957487,1506.02932050151,79.4900069698208,51.5388776717655
2019-03-25,92.3912774362881,39.7038544685609,1583.36421055947,86.3049630195862,52.5935245636978
2019-03-30,99.1520789361778,40.722149141373,1660.69910061744,93.1199190693515,53.6481714556302
2019-04-04,92.6435819625863,37.8694353103636,1529.74439163208,86.9596522331236,49.208320713044
2019-04-09,77.2888860066741,32.4360491434732,1259.92994995117,72.1492368062336,41.1054715474454
2019-04-14,61.9341900507618,27.0026629765827,990.115508270261,57.3388213793435,33.0026223818469
2019-04-19,46.5794940948495,21.5692768096922,720.301066589353,42.5284059524534,24.8997732162484
2019-04-24,31.2247981389373,16.1358906428018,450.486624908444,27.7179905255634,16.7969240506498
2019-04-29,15.870102183025,10.7025044759113,180.672183227536,12.9075750986733,8.69407488505125
2019-05-04,9.6237323207249,8.97916492339089,82.5155329550437,6.8202997484513,5.22451714546529
2019-05-09,9.44957985416626,9.72918978045049,98.7974102881618,6.54845111600796,4.8438203565544
2019-05-14,9.27542738760762,10.4792146375101,115.07928762128,6.27660248356463,4.4631235676435
2019-05-19,9.10127492104898,11.2292394945697,131.361164954398,6.00475385112129,4.08242677873261
2019-05-24,8.92712245449034,11.9792643516293,147.643042287516,5.73290521867795,3.70172998982171
2019-05-29,8.75296998793171,12.7292892086889,163.924919620634,5.46105658623461,3.32103320091081
2019-06-03,8.51425781250092,13.067306391398,170.930094401039,5.23129091262799,3.019022464753
2019-06-08,8.1787060737619,12.7873120625812,164.020215352373,5.06464967727643,2.8350408077248
2019-06-13,7.84315433502289,12.5073177337645,157.110336303708,4.89800844192486,2.6510591506966
2019-06-18,7.50760259628388,12.2273234049478,150.200457255043,4.7313672065733,2.4670774936684
2019-06-23,7.17205085754486,11.947329076131,143.290578206377,4.56472597122174,2.2830958366402
2019-06-28,6.83649911880585,11.6673347473143,136.380699157712,4.39808473587018,2.09911417961201
2019-07-03,6.65625772168651,11.1465921094339,126.050741626367,4.40664717458891,2.16217697820436
2019-07-08,6.70898183699669,10.2647270079581,110.590666371004,4.67801512441309,2.59580646022754
2019-07-13,6.76170595230686,9.38286190648219,95.1305911156408,4.94938307423727,3.02943594225071
2019-07-18,6.81443006761704,8.50099680500632,79.6705158602776,5.22075102406144,3.46306542427389
2019-07-23,6.86715418292722,7.61913170353045,64.2104406049143,5.49211897388562,3.89669490629707
2019-07-28,6.9198782982374,6.73726660205458,48.7503653495511,5.7634869237098,4.33032438832025
2019-08-02,7.15138884513701,6.2690809803623,40.4923650926128,6.02741198693533,4.87767338599008
2019-08-07,7.91925868680492,7.04193379802075,53.8405898309492,6.26900839036492,5.76618093059989
2019-08-12,8.71692626707107,7.88373319564314,68.3891604023564,6.50936431269473,6.67364172781748
2019-08-17,9.51459384733722,8.72553259326553,82.9377309737636,6.74972023502454,7.58110252503506
2019-08-22,10.3122614276034,9.56733199088791,97.4863015451708,6.99007615735435,8.48856332225264
2019-08-27,11.1099290078695,10.4091313885103,112.034872116578,7.23043207968416,9.39602411947022
2019-09-01,11.9537263015018,11.2570973611646,127.823824393977,7.55394920902849,10.3248247589611
2019-09-06,13.0896784464527,12.1441183090209,151.46852747599,8.40415398279807,11.3887777328499
2019-09-11,14.2717603047698,13.037305831909,176.353612263994,9.33751996358217,12.474070549012
2019-09-16,15.4538421630869,13.9304933547972,201.238697051999,10.2708859443663,13.5593633651741
2019-09-21,16.6359240214039,14.8236808776854,226.123781840003,11.2042519251504,14.6446561813362
2019-09-26,17.818005879721,15.7168684005736,251.008866628008,12.1376179059345,15.7299489974984
2019-10-01,20.0302971280015,16.9849491057856,300.929523507392,14.2669478133415,17.727142535795
2019-10-06,28.7672478460506,20.6273532990485,509.408803632179,23.9707159226939,25.4997073142767
2019-10-11,38.5344079540631,24.6446506746352,742.923655848346,34.8704479586692,34.184172814893
2019-10-16,48.3015680620757,28.661948050222,976.438508064513,45.7701799946445,42.8686383155092
2019-10-21,58.0687281700882,32.6792454258087,1209.95336028068,56.6699120306198,51.5531038161255
2019-10-26,67.8358882781008,36.6965428013954,1443.46821249685,67.5696440665951,60.2375693167418
2019-10-31,77.3283540065324,40.5105090963711,1664.37465812437,78.1615244859263,68.3726230145535
2019-11-05,81.8763209025075,40.6645159403482,1658.32978515625,83.2120758056639,66.6182642618823
2019-11-10,84.7761215209971,39.5985363006591,1576.63447265625,86.415517425537,61.5674346923836
2019-11-15,87.6759221394866,38.53255666097,1494.93916015625,89.61895904541,56.5166051228849
2019-11-20,90.5757227579762,37.4665770212808,1413.24384765625,92.822400665283,51.4657755533862
2019-11-25,93.4755233764658,36.4005973815917,1331.54853515625,96.0258422851561,46.4149459838875
2019-11-30,96.3720775382759,35.4152681953675,1256.01500882056,99.1690824545582,41.568318658645
2019-12-05,99.2101954798554,35.8816471715126,1291.39363344254,101.228696515483,40.3973317300128
2019-12-10,102.028834681358,36.8319288684475,1363.7429750504,102.927101873582,40.4515582669174
2019-12-15,104.847473882861,37.7822105653823,1436.09231665826,104.625507231681,40.505784803822
2019-12-20,107.666113084363,38.7324922623172,1508.44165826613,106.323912589781,40.5600113407266
2019-12-25,110.484752285866,39.682773959252,1580.79099987399,108.02231794788,40.6142378776312
2019-12-30,113.303391487369,40.6330556561869,1653.14034148185,109.720723305979,40.6684644145359
2020-01-04,112.396072141587,40.4834789153067,1641.53081684728,108.306434631348,40.6435583791434
2020-01-09,109.004780430948,39.6006632158832,1573.94871471774,104.817016601562,40.5658972955527
2020-01-14,105.61348872031,38.7178475164597,1506.3666125882,101.327598571777,40.4882362119621
2020-01-19,102.222197009672,37.8350318170362,1438.78451045867,97.8381805419921,40.4105751283715
2020-01-24,98.8309052990336,36.9522161176127,1371.20240832913,94.348762512207,40.3329140447809
2020-01-29,95.4396135883953,36.0694004181892,1303.6203061996,90.8593444824218,40.2552529611903
2020-02-03,92.2009595673666,35.5241567677464,1261.9689688847,88.2243996981916,41.1258068742431
2020-02-08,89.1912620807523,35.4852711907748,1259.21377879175,86.8711647822939,43.418683282261
2020-02-13,86.1815645941379,35.4463856138031,1256.45858869881,85.5179298663961,45.7115596902789
2020-02-18,83.1718671075236,35.4075000368315,1253.70339860587,84.1646949504984,48.0044360982968
2020-02-23,80.1621696209092,35.3686144598599,1250.94820851293,82.8114600346006,50.2973125063148
2020-02-28,77.1524721342949,35.3297288828882,1248.19301841999,81.4582251187028,52.5901889143327
2020-03-04,74.4937936106043,33.8150135778611,1164.43167015814,78.8319283762286,50.6237388118629
2020-03-09,72.0691277288628,31.3164117874637,1026.66621645035,75.35692374937,45.8177377024012
2020-03-14,69.6444618471214,28.8178099970663,888.900762742564,71.8819191225114,41.0117365929396
2020-03-19,67.21979596538,26.3192082066689,751.135309034777,68.4069144956528,36.205735483478
2020-03-24,64.7951300836386,23.8206064162715,613.369855326989,64.9319098687942,31.3997343740163
2020-03-29,62.3704642018972,21.3220046258741,475.604401619202,61.4569052419355,26.5937332645547
2020-04-03,57.2970533370979,19.1211564381917,372.511734008787,55.71067943573,22.2562461217252
2020-04-08,48.2505249977119,17.3669386545817,321.428245544432,46.5576218605042,18.6215299288439
2020-04-13,39.2039966583259,15.6127208709716,270.344757080077,37.4045642852784,14.9868137359627
2020-04-18,30.15746831894,13.8585030873616,219.261268615721,28.2515067100525,11.3520975430814
2020-04-23,21.110939979554,12.1042853037516,168.177780151366,19.0984491348267,7.71738135020014
2020-04-28,12.064411640168,10.3500675201415,117.09429168701,9.94539155960089,4.08266515731887
2020-05-03,6.88948658974014,9.72619032090703,97.2630698911589,4.5654084605556,2.0518864970061
2020-05-08,7.52196647274953,10.7978239982358,124.310248098064,4.84503707578111,2.42701413554606
2020-05-13,8.15444635575892,11.8694576755646,151.357426304969,5.12466569100663,2.80214177408602
2020-05-18,8.7869262387683,12.9410913528934,178.404604511875,5.40429430623215,3.17726941262598
2020-05-23,9.41940612177769,14.0127250302222,205.45178271878,5.68392292145766,3.55239705116594
2020-05-28,10.0518860047871,15.084358707551,232.498960925685,5.96355153668318,3.9275246897059
2020-06-02,10.4620170507131,16.1121890504898,260.996728594379,6.07716359692242,4.13045469899407
2020-06-07,10.2051015853889,17.0086093902587,293.846264648436,5.69272599220282,3.81679182052688
2020-06-12,9.91112798055088,17.897729174296,326.937565612791,5.28061896165219,3.4744293371844
2020-06-17,9.61715437571283,18.7868489583333,360.028866577147,4.86851193110155,3.13206685384191
2020-06-22,9.32318077087477,19.6759687423705,393.120167541502,4.45640490055091,2.78970437049942
2020-06-27,9.02920716603672,20.5650885264078,426.211468505858,4.04429787000027,2.44734188715693
2020-07-02,8.86974626192558,21.2254246746596,450.71188538582,3.82818219343828,2.26647808085282
2020-07-07,9.11382345999516,21.1994099155548,449.439650012599,4.20004057884223,2.57011030566384
2020-07-12,9.38031944151922,21.1352645504859,446.735600625314,4.60456418991095,2.90065897664792
2020-07-17,9.64681542304329,21.0711191854169,444.031551238028,5.00908780097968,3.23120764763201
2020-07-22,9.91331140456736,21.0069738203479,441.327501850742,5.4136114120484,3.56175631861609
2020-07-27,10.1798073860914,20.9428284552789,438.623452463456,5.81813502311713,3.89230498960017
2020-08-01,10.5263301849373,20.8164440278084,433.576232516379,6.27276240471877,4.30165134553062
2020-08-06,11.3796894934877,20.2958788717946,413.688932357294,7.04471366636221,5.2100497061214
2020-08-11,12.3130756193599,19.7130746533793,391.458461638418,7.86676869853857,6.19724575165855
2020-08-16,13.2464617452321,19.130270434964,369.227990919542,8.68882373071493,7.1844417971957
2020-08-21,14.1798478711043,18.5474662165488,346.997520200666,9.51087876289129,8.17163784273285
2020-08-26,15.1132339969766,17.9646619981335,324.76704948179,10.3329337950676,9.15883388827
2020-08-31,16.3151170574729,17.4979464249969,307.920545923375,11.4095376625882,10.3286351814072
2020-09-05,22.3499449412035,19.1208264668782,387.985451253254,17.0680205663046,14.7853309313464
2020-09-10,29.995754432679,21.4402383804321,500.354159545897,24.2537964820863,20.3376581668861
2020-09-15,37.6415639241544,23.759650293986,612.72286783854,31.4395723978679,25.8899854024259
2020-09-20,45.2873734156298,26.0790622075398,725.091576131183,38.6253483136496,31.4423126379656
2020-09-25,52.9331829071053,28.3984741210937,837.460284423826,45.8111242294312,36.9946398735054
2020-09-30,60.6117201109863,30.7265899682814,953.259154604018,53.0645327869539,42.5244902364677
2020-10-05,68.8793561381686,33.2113766208771,1130.80093876008,61.535328895815,47.6497568930356
2020-10-10,77.3433584397847,35.7483868752756,1328.92369424143,70.4119208551223,52.6401623141388
2020-10-15,85.8073607414007,38.2853971296741,1527.04644972278,79.2885128144296,57.6305677352421
2020-10-20,94.2713630430168,40.8224073840725,1725.16920520413,88.1651047737369,62.6209731563453
2020-10-25,102.735365344633,43.359417638471,1923.29196068548,97.0416967330441,67.6113785774485
2020-10-30,111.199367646249,45.8964278928695,2121.41471616683,105.918288692351,72.6017839985517
2020-11-04,114.415492248536,45.9825443267822,2122.15665283203,109.893134307861,70.7769424438485
2020-11-09,114.133031717937,44.4347315470377,1991.31137695312,110.600149027507,64.4086029052742
2020-11-14,113.850571187338,42.8869187672932,1860.46610107422,111.307163747152,58.0402633667
2020-11-19,113.568110656739,41.3391059875488,1729.62082519531,112.014178466797,51.6719238281258
2020-11-24,113.28565012614,39.7912932078043,1598.7755493164,112.721193186442,45.3035842895516
2020-11-29,113.003189595541,38.2434804280598,1467.9302734375,113.428207906087,38.9352447509774
2020-12-04,117.663904497701,40.3551352716261,1698.13709677419,117.864609256867,40.458554667812
2020-12-09,125.620069688367,44.9064351973994,2169.04531958795,124.787268361738,47.242964221586
2020-12-14,133.576234879033,49.4577351231728,2639.95354240171,131.709927466608,54.0273737753599
2020-12-19,141.532400069699,54.0090350489462,3110.86176521547,138.632586571478,60.8117833291338
2020-12-24,149.488565260365,58.5603349747196,3581.76998802923,145.555245676348,67.5961928829078
2020-12-29,157.444730451031,63.111634900493,4052.67821084299,152.477904781219,74.3806024366817
2021-01-03,160.350456483903,66.082655137585,4367.7537329889,154.475960023942,77.6826486895169
2021-01-08,155.680523780085,66.6832558416551,4449.08020413306,149.087109473444,75.7611499909439
2021-01-13,151.010591076267,67.2838565457252,4530.40667527721,143.698258922946,73.8396512923709
2021-01-18,146.340658372449,67.8844572497952,4611.73314642136,138.309408372448,71.918152593798
2021-01-23,141.670725668631,68.4850579538653,4693.05961756551,132.920557821951,69.996653895225
2021-01-28,137.000792964813,69.0856586579354,4774.38608870966,127.531707271453,68.075155196652
2021-02-02,130.328380451115,67.6562655400571,4656.79500982749,120.63163743964,65.1400162393603
2021-02-07,117.648528507778,60.1368909563337,3942.45128086633,109.197909763881,59.1639565059124
2021-02-12,104.634929929461,52.2791840689523,3194.95462690079,97.5123122079032,53.0189567293447
2021-02-17,91.6213313511445,44.4214771815709,2447.45797293525,85.8267146519253,46.8739569527769
2021-02-22,78.6077327728277,36.5637702941894,1699.96131896971,74.1411170959473,40.7289571762092
2021-02-27,65.5941341945109,28.706063406808,952.464665004168,62.4555195399694,34.5839573996415
2021-03-04,57.1075944592881,24.4196838563488,608.520837599215,54.608839650308,30.2239769351105
2021-03-09,51.6390939527948,22.5141891971711,533.612227901319,49.3214382048577,27.0540093452707
2021-03-14,46.1705934463014,20.6086945379934,458.703618203423,44.0340367594074,23.8840417554309
2021-03-19,40.7020929398081,18.7031998788157,383.795008505527,38.7466353139571,20.714074165591
2021-03-24,35.2335924333147,16.7977052196379,308.886398807632,33.4592338685068,17.5441065757512
2021-03-29,29.7650919268214,14.8922105604602,233.977789109736,28.1718324230564,14.3741389859114
2021-04-03,25.4653469721482,14.1546513875325,202.658870442691,23.7337362607321,11.9268608093269
2021-04-08,22.9187353452052,15.1689954439799,236.724488321923,20.5695980230968,10.5636167526252
2021-04-13,20.3721237182623,16.1833395004272,270.790106201155,17.4054597854615,9.20037269592354
2021-04-18,17.8255120913194,17.1976835568746,304.855724080387,14.2413215478262,7.83712863922188
2021-04-23,15.2789004643764,18.2120276133219,338.921341959619,11.0771833101909,6.47388458252022
2021-04-28,12.7322888374335,19.2263716697692,372.986959838851,7.91304507255564,5.11064052581856
2021-05-03,11.4034835753908,20.3732107224003,419.268257387206,6.07647199015473,4.3238895477794
2021-05-08,11.9013878606987,21.7187922693068,483.873074439247,6.23124664060541,4.401878187734
2021-05-13,12.3992921460065,23.0643738162133,548.477891491288,6.38602129105609,4.4798668276886
2021-05-18,12.8971964313144,24.4099553631198,613.08270854333,6.54079594150676,4.5578554676432
2021-05-23,13.3951007166222,25.7555369100263,677.687525595371,6.69557059195744,4.63584410759779
2021-05-28,13.8930050019301,27.1011184569328,742.292342647412,6.85034524240811,4.71383274755239
2021-06-02,14.0288424116571,27.650118846278,770.308262151885,6.86494207443739,4.69566570220524
2021-06-07,13.0784791946417,25.8093757629394,688.557489013654,6.45900545120249,4.38903160095284
2021-06-12,12.0677714983628,23.8358691533406,600.708566284162,6.02970585823069,4.06637155215014
2021-06-17,11.0570638020839,21.8623625437418,512.85964355467,5.60040626525889,3.74371150334745
2021-06-22,10.046356105805,19.888855934143,425.010720825178,5.17110667228709,3.42105145454476
2021-06-27,9.03564840952615,17.9153493245442,337.161798095686,4.74180707931528,3.09839140574206
2021-07-02,8.49103663516361,16.5267921960482,274.353449214795,4.58439015203917,3.15387538920236
2021-07-07,9.3447126265501,16.8930835108603,286.666821879708,5.2426212218501,4.34379146945161
2021-07-12,10.2760712715893,17.3568664058562,303.153623519388,5.94616606927697,5.59673155507803
2021-07-17,11.2074299166285,17.8206493008521,319.640425159068,6.64971091670385,6.84967164070445
2021-07-22,12.1387885616678,18.284432195848,336.127226798748,7.35325576413072,8.10261172633087
2021-07-27,13.070147206707,18.7482150908439,352.614028438428,8.0568006115576,9.35555181195729
2021-08-01,14.0751317670274,19.1314572734217,366.198165991981,8.86849353851821,10.6462238619411
2021-08-06,15.5464137907957,19.0046082773516,361.3987643334,10.3651243025258,12.1758650195221
2021-08-11,17.0913217298452,18.7972185688634,353.696698588692,11.9699031460671,13.7432381414605
2021-08-16,18.6362296688947,18.5898288603751,345.994632843985,13.5746819896084,15.3106112633989
2021-08-21,20.1811376079442,18.3824391518869,338.292567099277,15.1794608331497,16.8779843853373
2021-08-26,21.7260455469937,18.1750494433987,330.590501354569,16.784239676691,18.4453575072757
2021-08-31,23.4350979109739,17.9724347137122,323.072155243231,18.5896287860666,19.9675107625743
2021-09-05,28.0987499237067,17.8557696024576,318.860762532535,24.0060026804607,20.675706418356
2021-09-10,33.7472684860236,17.7677543640136,315.751687622053,30.6260381698609,21.1125828742988
2021-09-15,39.3957870483405,17.6797391255696,312.642612711571,37.2460736592612,21.5494593302416
2021-09-20,45.0443056106573,17.5917238871256,309.53353780109,43.8661091486614,21.9863357861844
2021-09-25,50.6928241729742,17.5037086486816,306.424462890608,50.4861446380616,22.4232122421272
2021-09-30,56.260147013511,17.5105437912479,307.910552742233,56.9538046043151,22.9648224381485
2021-10-05,60.365946862006,19.224685792,392.10960831179,60.6787051539268,25.3916399555829
2021-10-10,63.9845723798204,21.507930078814,503.87965245399,63.489352564658,28.4468599134883
2021-10-15,67.6031978976348,23.7911743656281,615.64969659619,66.2999999753892,31.5020798713937
2021-10-20,71.2218234154492,26.0744186524421,727.419740738391,69.1106473861203,34.5572998292991
2021-10-25,74.8404489332636,28.3576629392561,839.189784880591,71.9212947968515,37.6125197872046
2021-10-30,78.459074451078,30.6409072260702,950.959829022791,74.7319422075827,40.66773974511
2021-11-04,87.6245956420905,33.3146989822387,1137.76322021483,83.5418106079103,43.0279689788825
2021-11-09,100.488047281902,36.2488557179768,1374.58884277342,96.3511596679689,44.9248710632331
2021-11-14,113.351498921713,39.1830124537149,1611.41446533201,109.160508728028,46.8217731475837
2021-11-19,126.214950561524,42.117169189453,1848.24008789061,121.969857788086,48.7186752319343
2021-11-24,139.078402201335,45.0513259251912,2085.0657104492,134.779206848145,50.6155773162848
2021-11-29,151.941853841146,47.9854826609293,2321.8913330078,147.588555908203,52.5124794006354
2021-12-04,153.819741772068,48.8740383271247,2389.4303017893,150.227826026178,53.0179440898287
2021-12-09,148.373920563729,48.3988599469584,2344.11150138607,146.087043516098,52.595783848917
2021-12-14,142.928099355391,47.923681566792,2298.79270098285,141.946261006017,52.1736236080053
2021-12-19,137.482278147052,47.4485031866257,2253.47390057962,137.805478495936,51.7514633670936
2021-12-24,132.036456938714,46.9733248064594,2208.1551001764,133.664695985856,51.3293031261819
2021-12-29,126.590635730375,46.498146426293,2162.83629977317,129.523913475775,50.9071428852702
2022-01-03,119.611346583213,45.2444086382465,2060.66108162171,122.869690679735,50.0007956720173
2022-01-08,110.331855527817,42.8228317383796,1873.20123684789,112.445307454756,48.3681680002526
2022-01-13,101.052364472421,40.4012548385127,1685.74139207408,102.020924229776,46.7355403284878
2022-01-18,91.7728734170245,37.9796779386458,1498.28154730026,91.5965410047965,45.1029126567231
2022-01-23,82.4933823616282,35.5581010387789,1310.82170252645,81.172157779817,43.4702849849584
2022-01-28,73.2138913062319,33.136524138912,1123.36185775263,70.7477745548374,41.8376573131936
2022-02-02,66.1804958958787,31.1034339192824,969.735061097022,62.9967299131757,40.3311814409253
2022-02-07,65.8853874206551,30.235803740365,917.607408796025,63.2657010214673,39.2031609671462
2022-02-12,65.9646282196053,29.4329213414872,871.118597848061,63.9802285603118,38.0961657932832
2022-02-17,66.0438690185555,28.6300389426094,824.629786900098,64.6947560991563,36.9891706194202
2022-02-22,66.1231098175057,27.8271565437316,778.140975952135,65.4092836380008,35.8821754455573
2022-02-27,66.2023506164558,27.0242741448537,731.652165004171,66.1238111768453,34.7751802716943
2022-03-04,68.5862773772216,27.7661695172708,781.507465977809,68.8018729917468,36.0403257800693
2022-03-09,72.5066614458645,29.5379167372179,895.59217489918,72.7889576573529,38.8868984099364
2022-03-14,76.4270455145074,31.309663957165,1009.67688382055,76.776042322959,41.7334710398034
2022-03-19,80.3474295831503,33.0814111771121,1123.76159274192,80.7631269885652,44.5800436696705
2022-03-24,84.2678136517931,34.8531583970592,1237.84630166329,84.7502116541713,47.4266162995376
2022-03-29,88.188197720436,36.6249056170063,1351.93101058466,88.7372963197774,50.2731889294046
2022-04-03,86.0926251729336,36.3481534322102,1346.31914062499,86.3261967976892,49.5762175242113
2022-04-08,74.9731177012132,32.9986521402994,1161.16240234374,74.3178209940596,43.5639300664272
2022-04-13,63.8536102294928,29.6491508483886,976.005664062487,62.30944519043,37.5516426086432
2022-04-18,52.7341027577724,26.2996495564778,790.848925781237,50.3010693868005,31.5393551508592
2022-04-23,41.6145952860521,22.950148264567,605.692187499987,38.2926935831709,25.5270676930752
2022-04-28,30.4950878143317,19.6006469726562,420.535449218737,26.2843177795414,19.5147802352911
2022-05-03,23.5041784471087,18.0422814892184,328.477637506288,18.6113073287475,15.5717712525405
2022-05-08,22.706166236632,19.1706197184901,376.068215647039,17.4413449072072,14.7326799823398
2022-05-13,21.9081540261552,20.2989579477617,423.65879378779,16.2713824856669,13.8935887121391
2022-05-18,21.1101418156784,21.4272961770334,471.24937192854,15.1014200641266,13.0544974419385
2022-05-23,20.3121296052016,22.5556344063051,518.839950069291,13.9314576425863,12.2154061717378
2022-05-28,19.5141173947248,23.6839726355768,566.430528210042,12.7614952210461,11.3763149015371
2022-06-02,18.4952064304973,23.9782111592446,582.832759930997,11.6305316359,10.4897444903472
2022-06-07,16.8135992050177,21.770150566101,505.669952392565,10.6165645599369,9.46073665618958
2022-06-12,15.0951755205796,19.4230733553568,423.3090871175,9.6090972900394,8.42381563186707
2022-06-17,13.3767518361416,17.0759961446126,340.948221842435,8.60163002014194,7.38689460754456
2022-06-22,11.6583281517035,14.7289189338684,258.58735656737,7.59416275024448,6.34997358322205
2022-06-27,9.93990446726544,12.3818417231242,176.226491292305,6.58669548034702,5.31305255889954
2022-07-02,8.7517645409293,10.8453986984171,120.408701283431,5.9140209887108,4.58625018273692
2022-07-07,9.15447588889893,11.7408582318213,144.220137073134,6.24572483185833,4.78980375105396
2022-07-12,9.64556786321888,12.7714234628985,172.455418740536,6.63322747138273,5.04504376073099
2022-07-17,10.1366598375388,13.8019886939756,200.690700407938,7.02073011090713,5.30028377040801
2022-07-22,10.6277518118588,14.8325539250527,228.92598207534,7.40823275043153,5.55552378008504
2022-07-27,11.1188437861787,15.8631191561299,257.161263742741,7.79573538995593,5.81076378976206
2022-08-01,11.6489667400243,16.8704393509895,285.922378835357,8.13115831190574,6.24851701798039
2022-08-06,12.4262858975324,17.7305409831385,318.013772287663,8.13674302254988,7.84218729696027
2022-08-11,13.2426360345662,18.56739757907,350.630999165183,8.09024801561944,9.61837079448146
2022-08-16,14.0589861716,19.4042541750016,383.248226042704,8.043753008689,11.3945542920026
2022-08-21,14.8753363086337,20.2411107709331,415.865452920224,7.99725800175856,13.1707377895238
2022-08-26,15.6916864456675,21.0779673668646,448.482679797744,7.95076299482811,14.946921287045
2022-08-31,16.7588099809878,21.912267476974,481.304068918523,8.21793700372054,16.7836348792052
2022-09-05,22.3398546854661,22.7005508422852,517.800378417956,14.1311532974247,19.7098901748663
2022-09-10,29.4255397796637,23.4734952926636,555.52166137694,21.926383686066,22.9993260383612
2022-09-15,36.5112248738613,24.246439743042,593.242944335925,29.7216140747074,26.2887619018561
2022-09-20,43.5969099680589,25.0193841934204,630.964227294909,37.5168444633487,29.578197765351
2022-09-25,50.6825950622565,25.7923286437988,668.685510253893,45.3120748519901,32.8676336288458
2022-09-30,57.8145164785084,26.5935585440359,708.605023547744,53.192166261981,36.0777280118395
2022-10-05,65.7786916917376,27.9039265417284,788.092682869191,62.599756056263,37.8596757458109
2022-10-10,74.0202848372927,29.3840072385726,880.769724199836,72.516511978642,39.1655745967748
2022-10-15,82.2618779828477,30.8640879354169,973.44676553048,82.433267901021,40.4714734477388
2022-10-20,90.5034711284028,32.3441686322612,1066.12380686113,92.3500238234,41.7773722987027
2022-10-25,98.7450642739578,33.8242493291055,1158.80084819177,102.266779745779,43.0832711496667
2022-10-30,106.986657419513,35.3043300259498,1251.47788952242,112.183535668158,44.3891700006306
2022-11-04,110.834340667725,36.5655055999756,1341.06588134764,115.046633911133,45.867848205567
2022-11-09,111.752750651042,37.6807444254557,1428.59450683592,113.207293701172,47.461712646485
2022-11-14,112.671160634359,38.7959832509359,1516.1231323242,111.367953491211,49.0555770874029
2022-11-19,113.589570617676,39.911222076416,1603.65175781249,109.52861328125,50.6494415283209
2022-11-24,114.507980600993,41.0264609018961,1691.18038330077,107.689273071289,52.2433059692389
2022-11-29,115.42639058431,42.1416997273763,1778.70900878905,105.849932861328,53.8371704101568
2022-12-04,110.450988031203,41.4912947377851,1732.74926560923,100.457463295229,53.4661354557166
2022-12-09,101.54637712048,39.6637938714796,1597.79727665069,92.6962408250381,51.7851675710377
2022-12-14,92.6417662097565,37.8362930051742,1462.84528769215,84.9350183548469,50.1041996863587
2022-12-19,83.7371552990332,36.0087921388687,1327.8932987336,77.1737958846556,48.4232318016797
2022-12-24,74.83254438831,34.1812912725633,1192.94130977506,69.4125734144644,46.7422639170007
2022-12-29,65.9279334775867,32.3537904062578,1057.98932081652,61.6513509442732,45.0612960323217
2023-01-03,66.149193302278,35.9612135118053,1614.0489009734,60.3455102982062,46.5583056788297
2023-01-08,80.0592592300911,47.7210225751322,3206.62583480341,68.7227423883256,52.8222816221182
2023-01-13,93.9693251579042,59.4808316384592,4799.20276863343,77.099974478445,59.0862575654067
2023-01-18,107.879391085717,71.2406407017861,6391.77970246345,85.4772065685644,65.3502335086952
2023-01-23,121.78945701353,83.000449765113,7984.35663629346,93.8544386586837,71.6142094519837
2023-01-28,135.699522941344,94.76025882844,9576.93357012348,102.231670748803,77.8781853952722
2023-02-02,143.027046372374,100.320817512301,10349.8422299152,106.858920769758,80.392045953637
2023-02-07,130.606942313058,87.2836250577654,8663.74606759206,100.236224583217,71.6555603572307
2023-02-12,117.089747837612,73.213224206652,6841.03852626255,92.9885313851494,62.2940555300038
2023-02-17,103.572553362165,59.1428233555385,5018.33098493303,85.7408381870816,52.9325507027769
2023-02-22,90.055358886719,45.0724225044251,3195.62344360351,78.4931449890138,43.57104587555
2023-02-27,76.5381644112725,31.0020216533116,1372.91590227399,71.245451790946,34.2095410483231
2023-03-04,66.849350283223,24.1103307662472,596.208848522546,64.2865445536954,28.9318308061176
2023-03-09,59.7127897201048,22.0044465218821,516.835453156492,57.5201612903227,26.3766502872597
2023-03-14,52.5762291569866,19.898562277517,437.462057790439,50.7537780269501,23.8214697684018
2023-03-19,45.4396685938683,17.792678033152,358.088662424385,43.9873947635775,21.2662892495439
2023-03-24,38.3031080307501,15.6867937887869,278.715267058332,37.2210115002049,18.711108730686
2023-03-29,31.1665474676319,13.5809095444218,199.341871692278,30.4546282368323,16.1559282118281
2023-04-03,27.6293540954592,13.2731805165609,188.967122395823,26.841032155355,15.5248868306484
2023-04-08,29.4912115097048,15.6626843134563,282.090342203766,27.9566168467205,17.7800541559862
2023-04-13,31.3530689239504,18.0521881103516,375.213562011708,29.0722015380861,20.0352214813239
2023-04-18,33.214926338196,20.441691907247,468.336781819651,30.1877862294517,22.2903888066616
2023-04-23,35.0767837524416,22.8311957041423,561.460001627594,31.3033709208173,24.5455561319993
2023-04-28,36.9386411666872,25.2206995010377,654.583221435537,32.4189556121828,26.8007234573371
2023-05-03,36.5980793122325,27.4998805753647,766.608552009818,31.3376931528893,26.6265381536183
2023-05-08,32.9538885547271,29.6135775658393,906.987048733609,26.9611599676073,22.8083239063146
2023-05-13,29.3096977972217,31.7272745563138,1047.3655454574,22.5846267823252,18.990109659011
2023-05-18,25.6655070397164,33.8409715467884,1187.74404218119,18.2080935970432,15.1718954117074
2023-05-23,22.021316282211,35.954668537263,1328.12253890498,13.8315604117611,11.3536811644038
2023-05-28,18.3771255247057,38.0683655277376,1468.50103562877,9.45502722647904,7.53546691710013
2023-06-02,15.4316731631374,38.7539640069778,1523.16436208416,6.09567869801697,4.69823464670553
2023-06-07,14.5824359893801,35.1552669525147,1320.68217773436,5.78788414001487,4.80394830703799
2023-06-12,13.8496552149457,31.3185534795126,1103.91413167317,5.64962035814943,5.07315896352196
2023-06-17,13.1168744405113,27.4818400065105,887.146085611968,5.51135657628399,5.34236962000593
2023-06-22,12.3840936660769,23.6451265335084,670.37803955077,5.37309279441855,5.61158027648989
2023-06-27,11.6513128916425,19.8084130605063,453.609993489572,5.23482901255311,5.88079093297386
2023-07-02,11.0305479312202,16.9083717415923,289.403769820008,5.16168840787766,6.0091074939447
2023-07-07,10.7458304128342,16.8183468849429,282.883013325342,5.28391733477214,5.71474176837616
2023-07-12,10.4797821967835,16.8844340539748,285.122560562615,5.41700012453162,5.39689369355542
2023-07-17,10.2137339807328,16.9505212230068,287.362107799888,5.5500829142911,5.07904561873469
2023-07-22,9.94768576468215,17.0166083920387,289.601655037162,5.68316570405059,4.76119754391395
2023-07-27,9.68163754863148,17.0826955610707,291.841202274435,5.81624849381007,4.44334946909322
2023-08-01,9.69346897371378,17.4231228243921,307.609824297494,6.04900127533965,4.42373668763009
2023-08-06,11.4652047926382,19.5010373515468,409.062586630534,6.91299733807985,6.29294743076511
2023-08-11,13.5148202526956,21.853291972991,524.044423749359,7.87666339259015,8.46039346725773
2023-08-16,15.564435712753,24.2055465944353,639.026260868185,8.84032944710044,10.6278395037504
2023-08-21,17.6140511728105,26.5578012158795,754.008097987011,9.80399550161074,12.795285540243
2023-08-26,19.6636666328679,28.9100558373237,868.989935105837,10.767661556121,14.9627315767356
2023-08-31,21.8372173887686,31.1942794881842,981.128222209961,11.9000053184265,17.2635955891564
2023-09-05,26.2416034698489,32.2539456685385,1042.08260904947,16.0685478210451,21.9659831682847
2023-09-10,31.389601325989,32.9054260253907,1085.97569580077,21.2491565704348,27.4688786029822
2023-09-15,36.5375991821291,33.5569063822429,1129.86878255207,26.4297653198244,32.9717740376797
2023-09-20,41.6855970382693,34.2083867390951,1173.76186930337,31.6103740692141,38.4746694723771
2023-09-25,46.8335948944094,34.8598670959474,1217.65495605468,36.7909828186037,43.9775649070746
2023-09-30,51.7535414394258,35.3961523117559,1254.66992632465,41.7807621223698,49.0936702611376
2023-10-05,52.5685643842146,33.8589249887775,1167.87879993068,43.3356114049114,47.2475541637796
2023-10-10,52.0152794622608,31.6305268195369,1039.81897464874,43.7454840137115,43.0806975826147
2023-10-15,51.461994540307,29.4021286502962,911.759149366799,44.1553566225115,38.9138410014497
2023-10-20,50.9087096183532,27.1737304810556,783.699324084856,44.5652292313116,34.7469844202848
2023-10-25,50.3554246963995,24.9453323118149,655.639498802913,44.9751018401117,30.5801278391198
2023-10-30,49.8021397744458,22.7169341425743,527.57967352097,45.3849744489118,26.4132712579549
2023-11-04,56.2213783264162,24.787006187439,693.32639465331,51.6726474761965,27.5580276489264
2023-11-09,67.2889658610028,29.7227250417074,1054.94414672851,61.8788541158042,32.2438593546555
2023-11-14,78.3565533955894,34.6584438959758,1416.5618988037,72.085060755412,36.9296910603847
2023-11-19,89.424140930176,39.5941627502442,1778.1796508789,82.2912673950197,41.6155227661139
2023-11-24,100.491728464763,44.5298816045126,2139.79740295409,92.4974740346274,46.301354471843
2023-11-29,111.559315999349,49.465600458781,2501.41515502929,102.703680674235,50.9871861775722
2023-12-04,117.35169096916,51.6305114992204,2666.04900926158,108.777810373614,54.0136251141954
2023-12-09,119.627257562453,51.9482173304404,2699.36026493195,112.09722211284,55.933802204748
2023-12-14,121.902824155746,52.2659231616605,2732.67152060231,115.416633852067,57.8539792953005
2023-12-19,124.178390749039,52.5836289928805,2765.98277627267,118.736045591293,59.7741563858531
2023-12-24,126.453957342333,52.9013348241006,2799.29403194304,122.055457330519,61.6943334764056
2023-12-29,128.729523935626,53.2190406553207,2832.6052876134,125.374869069746,63.6145105669582
2024-01-03,125.663032777848,51.5784956409085,2708.96212276335,122.8765982351,62.3289017215858
2024-01-08,114.583454993463,47.000574358048,2349.88732713268,111.651803539646,56.2346139723261
2024-01-13,103.503877209079,42.4226530751874,1990.81253150201,100.427008844191,50.1403262230664
2024-01-18,92.4242994246945,37.8447317923269,1631.73773587134,89.202214148737,44.0460384738067
2024-01-23,81.34472164031,33.2668105094664,1272.66294024067,77.9774194532828,37.951750724547
2024-01-28,70.2651438559255,28.6888892266058,913.58814461,66.7526247578285,31.8574629752873
2024-02-02,62.6909529604291,27.0715949265392,817.666682978913,58.3482277434185,28.1785506574151
2024-02-07,65.6329227315968,34.3361815748544,1511.20522334657,58.4050237721413,31.7457646337055
2024-02-12,69.1591236509126,42.0942060536352,2248.60265271417,58.9318860810381,35.7155411818938
2024-02-17,72.6853245702283,49.852230532416,2986.00008208176,59.4587483899349,39.6853177300821
2024-02-22,76.211525489544,57.6102550111968,3723.39751144935,59.9856106988317,43.6550942782704
2024-02-27,79.7377264088597,65.3682794899776,4460.79494081694,60.5124730077285,47.6248708264587
2024-03-03,80.5314035723286,67.2575923550514,4634.47943705897,60.6435827439833,48.8727146271742
2024-03-08,77.2262951020271,60.3438377995645,3962.59453361265,60.181063621275,46.0376593066806
2024-03-13,73.9211866317256,53.4300832440776,3290.70963016633,59.7185444985668,43.2026039861869
2024-03-18,70.6160781614241,46.5163286885907,2618.82472672001,59.2560253758586,40.3675486656933
2024-03-23,67.3109696911227,39.6025741331039,1946.93982327369,58.7935062531504,37.5324933451997
2024-03-28,64.0058612208212,32.688819577617,1275.05491982737,58.3309871304422,34.697438024706
