date,potential_evapotranspiration,cloud_cover,precipitation,maximum_temperature,rain_days,minimum_temperature,vapour_pressure,ground_frost_frequency,diurnal_temperature_range,mean_temperature
01-JAN-1902,5.3,43.1,58.7,28.2,7.7,14.5,14.6,0.0,13.6,21.3
01-FEB-1902,4.9,44.2,53.8,29.0,7.2,16.0,16.0,0.0,13.0,22.5
01-MAR-1902,3.9,42.1,72.2,27.1,8.9,14.0,16.2,0.0,13.1,20.5
01-APR-1902,2.9,37.8,32.0,23.8,5.2,10.4,13.6,0.6,13.5,17.1
01-MAY-1902,2.3,28.7,10.2,22.0,2.3,7.3,11.1,3.3,14.7,14.6
01-JUN-1902,1.8,24.8,22.2,18.0,3.2,3.0,8.7,10.8,15.0,10.5
01-JUL-1902,2.2,22.5,12.8,19.0,2.8,3.4,8.0,10.4,15.7,11.2
01-AUG-1902,2.8,25.7,22.0,20.2,3.5,4.5,8.4,8.0,15.7,12.3
01-SEP-1902,3.8,33.5,49.5,22.5,6.6,7.2,8.8,3.3,15.3,14.8
01-OCT-1902,4.7,41.8,33.4,24.9,6.1,10.5,10.6,0.5,14.4,17.7
01-NOV-1902,5.0,43.5,35.1,25.9,6.0,11.9,12.8,0.2,14.0,18.9
01-DEC-1902,5.7,41.8,53.5,29.1,7.3,15.2,14.7,0.0,13.9,22.1
01-JAN-1903,5.5,43.1,42.1,29.4,6.4,15.7,15.8,0.0,13.6,22.5
01-FEB-1903,4.9,44.2,42.2,28.7,6.4,15.7,16.1,0.0,13.0,22.2
01-MAR-1903,4.0,42.1,28.1,26.9,5.3,13.8,14.8,0.0,13.1,20.3
01-APR-1903,3.0,37.8,44.8,23.6,5.8,10.2,11.9,0.7,13.5,16.9
01-MAY-1903,2.3,28.7,23.5,21.2,3.9,6.4,9.6,4.6,14.7,13.8
01-JUN-1903,1.9,24.8,18.2,17.7,2.9,2.7,7.5,11.4,15.0,10.2
01-JUL-1903,2.2,22.5,9.5,18.4,2.3,2.7,7.3,11.8,15.7,10.5
01-AUG-1903,2.9,25.7,13.2,20.4,2.5,4.6,7.9,7.7,15.7,12.5
01-SEP-1903,3.9,33.5,8.8,23.0,2.7,7.7,9.1,2.5,15.3,15.3
01-OCT-1903,4.5,41.8,33.1,24.3,5.8,9.9,10.6,0.9,14.4,17.1
01-NOV-1903,5.1,43.5,67.5,26.1,8.2,12.1,12.2,0.2,14.0,19.1
01-DEC-1903,5.6,41.8,45.1,28.7,6.7,14.8,14.4,0.0,13.9,21.7
01-JAN-1904,5.4,43.1,97.0,28.8,10.2,15.2,14.9,0.0,13.6,22.0
01-FEB-1904,4.8,44.2,78.6,28.4,8.8,15.3,15.7,0.0,13.0,21.8
01-MAR-1904,4.0,42.1,73.0,26.6,8.4,13.5,14.5,0.0,13.1,20.0
01-APR-1904,3.0,37.8,22.9,24.1,4.6,10.7,12.8,0.4,13.5,17.4
01-MAY-1904,2.3,28.7,13.4,21.2,3.1,6.5,9.7,4.4,14.7,13.8
01-JUN-1904,2.0,24.8,14.5,18.7,3.1,3.7,8.1,9.3,15.0,11.2
01-JUL-1904,2.2,22.5,9.8,19.1,2.1,3.4,7.8,10.3,15.7,11.2
01-AUG-1904,2.9,25.7,12.9,20.3,2.8,4.6,7.9,7.7,15.7,12.4
01-SEP-1904,3.8,33.5,18.7,22.5,3.9,7.2,8.9,2.9,15.3,14.8
01-OCT-1904,4.6,41.8,37.5,24.7,6.8,10.3,10.8,0.7,14.4,17.5
01-NOV-1904,5.2,43.5,42.3,26.9,6.3,12.9,12.9,0.1,14.0,19.9
01-DEC-1904,5.4,41.8,42.9,27.5,7.0,13.6,13.4,0.0,13.9,20.5
01-JAN-1905,5.5,43.1,54.7,29.3,7.0,15.7,15.4,0.0,13.6,22.5
01-FEB-1905,4.8,44.2,64.4,28.3,7.9,15.3,15.6,0.0,13.0,21.8
01-MAR-1905,4.0,42.1,60.6,26.5,8.2,13.3,14.3,0.0,13.1,19.9
01-APR-1905,3.1,37.8,32.7,24.7,5.2,11.3,13.2,0.3,13.5,18.0
01-MAY-1905,2.3,28.7,30.5,20.9,4.2,6.1,9.5,4.9,14.7,13.5
01-JUN-1905,1.9,24.8,18.8,17.9,2.9,2.9,7.6,11.1,15.0,10.4
01-JUL-1905,2.2,22.5,5.0,19.3,1.3,3.6,7.9,9.9,15.7,11.4
01-AUG-1905,2.9,25.7,15.5,19.5,3.2,3.8,7.4,9.5,15.7,11.6
01-SEP-1905,3.9,33.5,40.8,23.1,5.8,7.8,9.3,2.4,15.3,15.5
01-OCT-1905,4.7,41.8,33.2,25.4,5.8,11.0,11.3,0.5,14.4,18.2
01-NOV-1905,5.2,43.5,48.6,26.7,6.7,12.7,12.6,0.1,14.0,19.7
01-DEC-1905,5.6,41.8,62.6,28.8,7.9,14.9,14.5,0.0,13.9,21.8
01-JAN-1906,5.5,43.1,54.1,29.7,6.9,16.1,15.9,0.0,13.6,22.9
01-FEB-1906,4.8,44.2,63.7,28.4,7.6,15.4,15.7,0.0,13.0,21.9
01-MAR-1906,4.0,42.1,56.2,26.9,8.0,13.7,14.7,0.0,13.1,20.3
01-APR-1906,3.0,37.8,21.6,23.4,4.4,9.9,12.0,0.8,13.5,16.7
01-MAY-1906,2.3,28.7,29.0,21.3,4.4,6.6,9.8,4.2,14.7,14.0
01-JUN-1906,2.0,24.8,13.5,19.0,2.7,4.0,8.3,8.8,15.0,11.5
01-JUL-1906,2.1,22.5,4.2,17.9,1.2,2.3,7.2,12.8,15.7,10.1
01-AUG-1906,2.8,25.7,7.9,19.2,1.8,3.5,7.3,10.1,15.7,11.3
01-SEP-1906,3.8,33.5,34.0,22.6,4.8,7.3,8.9,3.0,15.3,14.9
01-OCT-1906,4.5,41.8,69.8,24.0,8.7,9.6,10.2,0.9,14.4,16.8
01-NOV-1906,5.2,43.5,70.9,26.6,8.5,12.6,12.6,0.1,14.0,19.6
01-DEC-1906,5.5,41.8,83.9,28.0,9.8,14.0,13.6,0.0,13.9,21.0
01-JAN-1907,5.4,43.1,87.8,28.7,9.4,15.0,14.9,0.0,13.6,21.8
01-FEB-1907,4.8,44.2,93.1,28.4,9.3,15.4,15.7,0.0,13.0,21.9
01-MAR-1907,4.0,42.1,63.4,27.3,8.3,14.2,15.3,0.0,13.1,20.7
01-APR-1907,3.0,37.8,75.7,23.5,8.4,10.0,12.0,0.7,13.5,16.7
01-MAY-1907,2.3,28.7,35.1,20.2,4.8,5.4,9.0,6.2,14.7,12.8
01-JUN-1907,1.9,24.8,7.1,18.1,2.0,3.1,7.7,10.5,15.0,10.6
01-JUL-1907,2.2,22.5,4.9,18.4,1.5,2.8,7.4,11.6,15.7,10.6
01-AUG-1907,2.9,25.7,3.8,20.4,1.3,4.7,8.0,7.4,15.7,12.5
01-SEP-1907,3.9,33.5,26.7,23.0,4.6,7.7,9.2,2.4,15.3,15.3
01-OCT-1907,4.5,41.8,41.8,24.1,6.7,9.7,10.3,0.9,14.4,16.9
01-NOV-1907,5.1,43.5,56.1,25.8,7.4,11.8,11.9,0.2,14.0,18.8
01-DEC-1907,5.5,41.8,70.4,27.7,8.9,13.7,13.3,0.0,13.9,20.7
01-JAN-1908,5.4,43.1,46.5,28.5,7.2,14.8,14.7,0.0,13.6,21.6
01-FEB-1908,4.8,44.2,41.3,28.6,6.1,15.6,16.0,0.0,13.0,22.1
01-MAR-1908,4.0,42.1,48.9,26.8,7.2,13.7,14.7,0.0,13.1,20.2
01-APR-1908,2.9,37.8,35.6,22.4,5.5,8.9,11.2,1.4,13.5,15.7
01-MAY-1908,2.3,28.7,7.7,21.4,2.2,6.6,9.8,4.2,14.7,14.0
01-JUN-1908,1.9,24.8,17.0,18.3,3.0,3.3,7.8,10.3,15.0,10.7
01-JUL-1908,2.2,22.5,18.1,18.7,3.8,3.1,7.6,11.0,15.7,10.9
01-AUG-1908,2.9,25.7,21.4,20.3,3.7,4.6,7.9,7.8,15.7,12.4
01-SEP-1908,3.9,33.5,26.4,23.3,4.5,7.9,9.4,2.3,15.3,15.6
01-OCT-1908,4.6,41.8,49.7,24.7,6.9,10.3,10.7,0.7,14.4,17.5
01-NOV-1908,5.1,43.5,46.8,26.4,7.0,12.4,12.4,0.1,14.0,19.4
01-DEC-1908,5.6,41.8,49.3,28.9,7.1,15.0,14.5,0.0,13.9,21.9
01-JAN-1909,5.5,43.1,110.9,29.2,10.3,15.6,15.3,0.0,13.6,22.4
01-FEB-1909,4.8,44.2,113.3,28.1,10.6,15.0,15.2,0.0,13.0,21.5
01-MAR-1909,3.9,42.1,83.9,26.2,9.8,13.1,14.1,0.0,13.1,19.6
01-APR-1909,3.0,37.8,39.2,24.3,6.0,10.8,12.8,0.4,13.5,17.5
01-MAY-1909,2.3,28.7,44.9,21.1,5.6,6.4,9.6,4.5,14.7,13.7
01-JUN-1909,2.0,22.7,5.6,19.4,1.5,3.8,8.3,9.0,15.5,11.6
01-JUL-1909,2.2,22.5,9.1,18.9,2.0,3.2,7.7,10.7,15.7,11.0
01-AUG-1909,3.0,25.7,20.7,20.7,3.6,5.0,8.1,7.0,15.7,12.8
01-SEP-1909,3.9,33.5,31.7,23.2,4.9,7.9,9.3,2.2,15.3,15.5
01-OCT-1909,4.6,41.8,28.6,24.5,5.6,10.0,10.6,0.8,14.4,17.2
01-NOV-1909,5.2,43.5,45.7,27.0,7.0,13.0,12.8,0.1,14.0,19.9
01-DEC-1909,5.5,41.8,93.7,27.8,10.0,13.9,13.5,0.0,13.9,20.8
01-JAN-1910,5.4,43.4,75.4,29.0,8.8,15.5,15.2,0.0,13.6,22.2
01-FEB-1910,4.9,43.4,92.5,28.4,9.8,15.1,15.5,0.0,13.3,21.7
01-MAR-1910,4.0,41.5,66.7,27.1,8.2,13.8,14.7,0.0,13.3,20.4
01-APR-1910,3.1,36.2,13.9,24.2,3.4,10.3,12.2,0.6,13.9,17.2
01-MAY-1910,2.4,26.7,25.9,21.5,3.8,6.2,9.6,4.7,15.2,13.8
01-JUN-1910,2.0,23.6,19.5,18.2,3.8,2.8,7.5,11.1,15.3,10.5
01-JUL-1910,2.2,21.1,15.1,18.7,2.9,2.8,7.3,11.5,15.9,10.7
01-AUG-1910,2.9,24.8,10.0,20.0,2.2,4.0,7.4,8.8,16.0,12.0
01-SEP-1910,3.8,32.4,25.3,22.9,3.9,7.3,9.3,2.8,15.5,15.1
01-OCT-1910,4.6,41.2,66.4,24.4,8.1,9.9,10.4,0.7,14.5,17.1
01-NOV-1910,5.0,41.9,38.0,25.6,6.8,11.2,11.8,0.2,14.4,18.4
01-DEC-1910,5.6,41.8,60.9,28.5,7.4,14.5,14.0,0.0,13.9,21.5
01-JAN-1911,5.5,42.6,82.5,29.2,9.2,15.4,15.2,0.0,13.8,22.3
01-FEB-1911,4.9,44.2,48.3,29.4,6.8,16.4,16.8,0.0,13.0,22.9
01-MAR-1911,4.0,40.9,85.2,26.8,9.3,13.3,14.3,0.0,13.4,20.0
01-APR-1911,3.0,37.4,42.0,23.8,6.2,10.2,12.2,0.6,13.6,17.0
01-MAY-1911,2.3,29.7,51.1,20.7,6.0,6.1,9.4,5.0,14.5,13.4
01-JUN-1911,1.9,24.2,16.0,17.8,3.1,2.6,7.3,11.6,15.2,10.1
01-JUL-1911,2.2,21.4,25.8,18.1,4.5,2.2,7.0,12.9,15.9,10.1
01-AUG-1911,2.9,25.2,22.0,19.8,4.0,4.0,7.5,8.9,15.8,11.9
01-SEP-1911,3.9,32.2,25.8,22.8,3.9,7.2,9.0,2.9,15.6,15.0
01-OCT-1911,4.7,41.8,51.2,25.8,7.5,11.4,11.6,0.3,14.4,18.6
01-NOV-1911,5.3,42.7,56.8,27.1,7.9,12.9,12.8,0.1,14.2,20.0
01-DEC-1911,5.8,40.9,30.8,29.7,5.2,15.4,14.8,0.0,14.3,22.5
01-JAN-1912,5.5,42.3,55.2,29.7,7.5,15.8,15.7,0.0,13.9,22.7
01-FEB-1912,4.9,43.3,75.0,29.0,8.6,15.7,16.0,0.0,13.3,22.3
01-MAR-1912,4.1,40.3,40.3,27.1,6.4,13.5,14.4,0.0,13.6,20.2
01-APR-1912,3.1,37.7,48.8,24.5,6.6,11.0,12.9,0.4,13.5,17.8
01-MAY-1912,2.4,28.6,21.7,21.7,3.8,6.9,10.0,3.8,14.8,14.3
01-JUN-1912,2.0,24.8,22.8,18.7,3.8,3.6,8.1,9.5,15.0,11.1
01-JUL-1912,2.2,21.8,11.6,18.6,2.6,2.8,7.4,11.5,15.8,10.7
01-AUG-1912,2.9,25.3,9.7,20.4,2.2,4.6,7.8,7.7,15.8,12.5
01-SEP-1912,3.9,30.8,16.8,22.5,3.3,6.6,8.6,3.8,15.9,14.5
01-OCT-1912,4.8,39.6,15.4,25.6,3.9,10.8,11.1,0.4,14.8,18.2
01-NOV-1912,5.4,41.0,25.4,27.8,5.2,13.2,13.0,0.0,14.6,20.5
01-DEC-1912,5.7,41.2,71.2,29.2,8.7,15.0,14.6,0.0,14.1,22.1
01-JAN-1913,5.6,42.7,53.4,30.0,7.7,16.2,15.9,0.0,13.8,23.1
01-FEB-1913,4.9,44.0,93.5,29.3,9.9,16.2,16.6,0.0,13.1,22.7
01-MAR-1913,4.1,40.9,79.4,27.0,8.8,13.6,14.5,0.0,13.4,20.3
01-APR-1913,3.0,37.8,33.9,24.1,5.8,10.7,12.8,0.4,13.5,17.4
01-MAY-1913,2.4,27.8,14.2,21.8,2.9,6.8,10.0,3.9,15.0,14.3
01-JUN-1913,2.0,23.5,18.3,19.2,3.5,3.9,8.2,9.0,15.3,11.5
01-JUL-1913,2.2,20.9,14.9,18.8,2.8,2.8,7.4,11.7,16.0,10.7
01-AUG-1913,3.0,25.2,21.3,21.3,3.5,5.4,8.4,6.0,15.8,13.3
01-SEP-1913,3.8,33.3,40.5,22.8,5.6,7.4,9.0,2.8,15.4,15.1
01-OCT-1913,4.7,39.7,52.0,25.0,7.6,10.3,10.7,0.6,14.8,17.6
01-NOV-1913,5.3,42.7,39.4,27.4,6.7,13.2,13.1,0.0,14.2,20.3
01-DEC-1913,5.7,40.5,27.2,29.1,4.8,14.7,13.9,0.0,14.4,21.8
01-JAN-1914,5.6,42.7,48.2,30.1,7.7,16.3,16.1,0.0,13.8,23.2
01-FEB-1914,4.9,43.6,65.7,29.0,8.4,15.8,16.2,0.0,13.2,22.4
01-MAR-1914,4.1,41.2,50.3,27.6,7.4,14.3,15.2,0.0,13.3,20.9
01-APR-1914,3.1,36.8,35.3,24.6,5.4,10.9,12.8,0.4,13.8,17.7
01-MAY-1914,2.4,29.5,28.0,22.1,4.7,7.5,10.5,3.0,14.6,14.8
01-JUN-1914,2.0,24.1,21.3,18.3,3.8,3.1,7.7,10.5,15.2,10.7
01-JUL-1914,2.2,20.7,11.6,19.1,2.0,3.1,7.6,11.0,16.0,11.1
01-AUG-1914,2.9,24.9,27.3,20.1,4.6,4.2,7.6,8.5,16.0,12.1
01-SEP-1914,4.0,31.8,11.5,24.2,3.0,8.5,9.8,1.7,15.7,16.4
01-OCT-1914,4.8,41.7,38.8,26.0,6.5,11.6,11.8,0.2,14.4,18.8
01-NOV-1914,5.2,42.8,80.4,26.7,9.3,12.5,12.4,0.1,14.2,19.6
01-DEC-1914,5.6,41.7,90.2,28.5,8.9,14.6,14.3,0.0,14.0,21.5
01-JAN-1915,5.6,43.5,109.8,30.4,9.2,16.9,16.8,0.0,13.5,23.6
01-FEB-1915,5.0,43.2,78.7,29.6,9.0,16.3,16.7,0.0,13.3,22.9
01-MAR-1915,4.1,42.1,25.9,27.5,4.8,14.4,15.5,0.0,13.1,20.9
01-APR-1915,3.0,37.8,22.7,23.8,4.4,10.3,12.5,0.6,13.5,17.0
01-MAY-1915,2.3,28.8,23.3,21.2,4.3,6.4,9.6,4.5,14.7,13.8
01-JUN-1915,2.0,23.8,17.1,18.7,3.3,3.5,7.9,9.8,15.2,11.1
01-JUL-1915,2.1,23.2,29.3,17.7,4.4,2.2,7.1,13.0,15.5,9.9
01-AUG-1915,3.0,24.6,7.8,20.8,2.1,4.7,7.9,7.3,16.0,12.7
01-SEP-1915,3.9,33.3,19.6,23.0,3.9,7.6,9.1,2.5,15.4,15.3
01-OCT-1915,4.8,38.4,52.6,25.3,7.2,10.3,10.6,0.6,15.0,17.7
01-NOV-1915,5.3,41.6,53.6,27.3,7.3,12.8,12.7,0.1,14.5,20.1
01-DEC-1915,5.7,41.1,54.6,28.9,8.1,14.8,14.2,0.0,14.2,21.8
01-JAN-1916,5.4,41.9,51.8,29.3,7.7,15.3,15.9,0.0,14.0,22.3
01-FEB-1916,5.0,42.9,29.2,29.6,5.0,16.2,16.6,0.0,13.4,22.9
01-MAR-1916,4.1,40.8,70.9,27.1,9.0,13.7,14.6,0.0,13.4,20.4
01-APR-1916,3.1,36.6,30.1,24.8,5.5,11.0,12.9,0.3,13.8,17.9
01-MAY-1916,2.3,27.1,29.9,20.3,4.4,5.2,8.8,6.5,15.1,12.7
01-JUN-1916,2.0,24.1,8.3,18.2,1.6,3.0,7.6,10.8,15.2,10.6
01-JUL-1916,2.2,20.6,9.5,19.4,2.2,3.3,7.7,10.5,16.1,11.3
01-AUG-1916,2.9,24.1,11.5,20.2,2.2,4.0,7.5,8.8,16.2,12.1
01-SEP-1916,3.9,32.0,10.7,23.4,2.8,7.8,9.2,2.3,15.7,15.6
01-OCT-1916,4.8,40.0,34.4,25.8,6.1,11.1,11.3,0.4,14.7,18.4
01-NOV-1916,5.3,42.5,42.2,27.5,6.6,13.3,13.1,0.0,14.2,20.3
01-DEC-1916,5.7,41.5,81.4,29.1,9.6,15.1,14.6,0.0,14.0,22.1
01-JAN-1917,5.5,42.4,65.2,29.5,8.6,15.6,15.4,0.0,13.9,22.5
01-FEB-1917,4.9,43.9,79.2,29.0,9.5,15.9,16.1,0.0,13.1,22.4
01-MAR-1917,4.1,41.3,71.0,27.2,8.5,13.9,14.8,0.0,13.3,20.5
01-APR-1917,3.1,36.8,41.4,24.2,6.3,10.4,12.3,0.5,13.8,17.3
01-MAY-1917,2.3,27.9,19.6,20.8,3.5,5.9,9.2,5.4,14.9,13.3
01-JUN-1917,2.0,24.3,32.1,18.3,4.8,3.1,7.7,10.5,15.2,10.7
01-JUL-1917,2.2,22.0,34.0,18.3,4.8,2.6,7.2,12.1,15.8,10.4
01-AUG-1917,2.9,25.7,37.9,19.2,5.3,3.5,7.1,10.0,15.7,11.3
01-SEP-1917,3.8,34.6,30.8,22.4,4.8,7.3,8.9,2.9,15.1,14.8
01-OCT-1917,4.7,40.5,51.6,25.2,6.5,10.5,10.8,0.5,14.6,17.8
01-NOV-1917,5.1,44.1,85.4,26.3,9.0,12.4,12.3,0.1,13.9,19.3
01-DEC-1917,5.6,41.3,78.8,28.5,8.6,14.4,13.9,0.0,14.1,21.4
01-JAN-1918,5.3,43.5,90.3,28.4,9.2,14.8,14.9,0.0,13.5,21.6
01-FEB-1918,4.9,44.2,88.1,29.0,8.8,16.0,16.4,0.0,13.0,22.5
01-MAR-1918,4.0,42.1,113.5,26.8,10.9,13.7,14.7,0.0,13.1,20.2
01-APR-1918,3.1,36.4,8.4,24.4,2.3,10.5,12.4,0.5,13.9,17.4
01-MAY-1918,2.3,27.3,24.7,20.8,4.4,5.7,9.3,5.6,15.1,13.2
01-JUN-1918,2.0,23.5,13.6,18.5,2.6,3.2,7.7,10.3,15.3,10.8
01-JUL-1918,2.2,22.0,25.5,18.7,4.3,2.9,7.4,11.3,15.7,10.8
01-AUG-1918,2.9,25.9,28.9,19.7,3.9,4.0,7.5,8.7,15.7,11.8
01-SEP-1918,3.9,33.3,37.6,23.7,5.7,8.4,9.7,1.8,15.4,16.0
01-OCT-1918,4.8,39.6,42.3,26.0,7.2,11.2,11.5,0.3,14.8,18.6
01-NOV-1918,5.2,42.6,41.5,27.0,6.2,12.8,12.7,0.1,14.2,19.9
01-DEC-1918,5.7,41.3,65.3,28.9,7.7,14.7,14.3,0.0,14.1,21.8
01-JAN-1919,5.6,42.1,56.2,29.6,6.9,15.7,15.4,0.0,14.0,22.6
01-FEB-1919,4.9,43.7,48.9,29.3,6.7,16.1,16.5,0.0,13.2,22.7
01-MAR-1919,4.1,40.7,57.7,27.7,7.8,14.2,15.2,0.0,13.5,20.9
01-APR-1919,3.1,37.7,37.4,25.4,5.7,11.9,13.8,0.2,13.5,18.6
01-MAY-1919,2.3,28.8,10.5,21.0,2.4,6.2,9.5,4.7,14.7,13.6
01-JUN-1919,2.0,24.6,9.4,19.2,1.9,4.1,8.3,8.5,15.1,11.6
01-JUL-1919,2.2,22.4,9.0,18.8,2.1,3.1,7.6,10.8,15.7,11.0
01-AUG-1919,3.0,25.4,14.6,20.6,3.1,4.8,7.9,7.3,15.8,12.6
01-SEP-1919,3.8,32.6,17.1,22.4,3.7,6.9,8.8,3.5,15.5,14.6
01-OCT-1919,4.8,39.9,16.8,25.8,4.2,11.0,11.3,0.3,14.7,18.4
01-NOV-1919,5.2,43.5,61.2,26.5,8.3,12.5,12.3,0.1,14.0,19.5
01-DEC-1919,5.7,41.0,29.6,29.1,5.5,14.9,14.4,0.0,14.2,22.0
01-JAN-1920,5.6,43.2,89.3,30.2,8.7,16.6,16.3,0.0,13.6,23.4
01-FEB-1920,4.9,43.7,110.2,28.7,10.6,15.6,15.8,0.0,13.2,22.1
01-MAR-1920,4.0,41.6,82.5,26.7,9.1,13.5,14.3,0.0,13.2,20.1
01-APR-1920,3.1,36.4,13.8,24.6,3.4,10.8,12.7,0.4,13.9,17.7
01-MAY-1920,2.4,28.0,19.9,21.6,3.8,6.7,9.8,4.1,14.9,14.1
01-JUN-1920,2.0,22.6,16.1,18.3,2.8,2.7,7.4,11.3,15.6,10.5
01-JUL-1920,2.2,22.1,14.1,19.4,2.5,3.7,7.9,9.6,15.7,11.6
01-AUG-1920,3.0,25.0,15.2,21.1,3.2,5.2,8.2,6.5,15.9,13.1
01-SEP-1920,3.9,33.0,25.4,23.0,4.3,7.6,9.1,2.7,15.4,15.3
01-OCT-1920,4.6,41.5,53.2,24.9,7.4,10.4,10.8,0.6,14.5,17.6
01-NOV-1920,5.4,42.7,38.4,28.2,6.2,14.0,13.8,0.0,14.2,21.1
01-DEC-1920,5.7,40.5,56.5,29.0,8.2,14.6,14.1,0.0,14.4,21.8
01-JAN-1921,5.4,42.2,39.4,29.0,6.3,15.1,15.6,0.0,13.9,22.1
01-FEB-1921,4.9,44.2,89.8,29.3,10.5,16.2,16.5,0.0,13.0,22.7
01-MAR-1921,4.1,40.0,111.7,27.8,10.5,14.1,15.1,0.0,13.6,20.9
01-APR-1921,3.1,36.9,46.4,24.1,6.4,10.3,12.2,0.6,13.7,17.2
01-MAY-1921,2.3,29.0,24.2,20.8,4.2,6.2,9.4,4.9,14.7,13.5
01-JUN-1921,2.0,23.3,23.0,18.8,3.2,3.5,7.9,9.8,15.4,11.1
01-JUL-1921,2.1,22.1,11.4,17.5,2.1,1.7,6.8,13.8,15.7,9.6
01-AUG-1921,2.9,25.0,9.0,19.7,2.0,3.8,7.3,9.3,15.9,11.7
01-SEP-1921,3.9,31.2,23.5,22.8,3.6,7.0,8.8,3.2,15.8,14.9
01-OCT-1921,4.7,41.0,36.5,25.0,5.9,10.5,10.9,0.6,14.6,17.7
01-NOV-1921,5.2,43.6,88.8,26.7,9.8,12.7,12.6,0.1,14.0,19.7
01-DEC-1921,5.6,41.5,86.9,28.3,9.6,14.3,13.8,0.0,14.0,21.3
01-JAN-1922,5.5,42.7,54.6,29.6,7.7,15.8,15.7,0.0,13.8,22.7
01-FEB-1922,4.9,44.2,34.9,28.8,5.8,15.8,16.1,0.0,13.0,22.3
01-MAR-1922,4.1,41.3,39.7,27.9,5.7,14.6,15.5,0.0,13.3,21.2
01-APR-1922,3.1,36.5,14.9,25.1,3.3,11.3,13.2,0.3,13.8,18.2
01-MAY-1922,2.3,28.7,29.6,21.0,4.5,6.3,9.4,4.8,14.8,13.6
01-JUN-1922,2.0,24.8,24.5,18.4,3.5,3.4,7.8,10.1,15.0,10.9
01-JUL-1922,2.2,21.9,10.9,19.4,1.9,3.6,7.9,9.9,15.8,11.5
01-AUG-1922,3.0,25.4,30.6,20.5,4.6,4.7,7.9,7.7,15.8,12.6
01-SEP-1922,3.9,33.7,17.6,23.7,3.1,8.5,9.8,1.7,15.3,16.1
01-OCT-1922,4.7,41.7,45.0,25.4,6.4,10.9,11.3,0.4,14.4,18.1
01-NOV-1922,5.3,42.6,84.0,27.1,9.3,12.9,12.8,0.1,14.2,20.0
01-DEC-1922,5.7,41.5,45.3,29.2,6.5,15.2,14.7,0.0,14.0,22.2
01-JAN-1923,5.5,43.4,113.5,29.2,10.1,15.6,15.3,0.0,13.6,22.4
01-FEB-1923,4.9,44.2,88.2,28.8,9.0,15.7,16.1,0.0,13.0,22.2
01-MAR-1923,4.1,41.9,45.1,27.7,6.9,14.5,15.6,0.0,13.2,21.1
01-APR-1923,3.1,36.4,31.2,24.1,5.8,10.2,12.2,0.6,13.9,17.1
01-MAY-1923,2.4,27.1,26.5,21.1,4.3,5.9,9.2,5.2,15.1,13.5
01-JUN-1923,2.0,23.6,20.5,18.7,3.7,3.4,7.8,9.9,15.3,11.1
01-JUL-1923,2.2,21.0,22.4,19.0,3.7,3.0,7.5,11.1,16.0,11.0
01-AUG-1923,3.0,25.4,9.1,21.0,2.4,5.2,8.2,6.5,15.8,13.1
01-SEP-1923,4.0,31.6,6.6,23.7,2.1,8.0,9.4,2.1,15.7,15.8
01-OCT-1923,4.9,39.5,21.4,26.9,4.8,12.1,12.3,0.1,14.8,19.5
01-NOV-1923,5.4,42.8,50.8,28.2,7.8,14.1,13.9,0.0,14.2,21.1
01-DEC-1923,5.7,41.7,50.0,29.1,6.7,15.1,14.5,0.0,14.0,22.1
01-JAN-1924,5.6,42.2,51.6,30.0,8.0,16.1,16.2,0.0,13.9,23.0
01-FEB-1924,4.9,44.2,53.0,28.4,7.3,15.4,15.5,0.0,13.0,21.9
01-MAR-1924,4.0,42.4,95.7,26.6,9.4,13.5,14.5,0.0,13.0,20.0
01-APR-1924,3.1,36.8,16.8,24.3,4.0,10.6,12.4,0.5,13.8,17.4
01-MAY-1924,2.3,27.7,17.7,21.0,3.4,6.0,9.4,5.1,15.0,13.5
01-JUN-1924,2.0,23.5,9.5,18.5,1.9,3.1,7.7,10.5,15.3,10.8
01-JUL-1924,2.2,22.5,6.8,18.3,1.7,2.6,7.3,11.9,15.7,10.4
01-AUG-1924,2.9,25.2,17.9,19.9,3.2,4.1,7.5,8.7,15.9,12.0
01-SEP-1924,3.9,33.9,35.8,22.9,4.9,7.6,9.1,2.5,15.2,15.2
01-OCT-1924,4.7,40.5,32.1,24.9,5.3,10.3,10.7,0.6,14.6,17.5
01-NOV-1924,5.1,43.6,68.9,26.4,8.4,12.4,12.4,0.1,14.0,19.4
01-DEC-1924,5.6,41.7,100.6,28.7,10.2,14.8,14.3,0.0,14.0,21.7
01-JAN-1925,5.5,42.9,62.5,29.0,8.0,15.3,14.9,0.0,13.7,22.1
01-FEB-1925,5.0,44.2,65.7,29.6,8.2,16.6,17.1,0.0,13.0,23.1
01-MAR-1925,3.9,43.4,143.6,26.8,12.0,14.1,15.1,0.0,12.8,20.4
01-APR-1925,3.1,37.3,61.8,24.6,6.9,11.0,12.9,0.4,13.6,17.7
01-MAY-1925,2.3,29.2,37.0,21.0,5.3,6.3,9.6,4.7,14.7,13.6
01-JUN-1925,2.0,22.2,29.1,18.3,3.9,2.6,7.4,11.6,15.7,10.4
01-JUL-1925,2.2,22.1,20.1,18.7,4.1,3.0,7.5,11.2,15.7,10.8
01-AUG-1925,3.0,24.6,7.7,21.3,2.3,5.2,8.3,6.4,16.0,13.2
01-SEP-1925,3.8,34.1,46.5,22.8,5.8,7.7,9.3,2.4,15.2,15.2
01-OCT-1925,4.7,40.4,28.6,25.1,5.3,10.4,10.8,0.5,14.7,17.7
01-NOV-1925,5.3,42.3,40.9,27.3,7.0,13.1,12.9,0.1,14.3,20.2
01-DEC-1925,5.8,40.8,42.0,29.5,7.0,15.2,14.6,0.0,14.3,22.3
01-JAN-1926,5.7,43.1,46.2,30.7,6.3,17.1,16.9,0.0,13.7,23.9
01-FEB-1926,5.0,44.2,47.8,29.8,6.4,16.7,17.4,0.0,13.0,23.2
01-MAR-1926,4.1,41.3,59.4,27.4,7.5,14.1,15.1,0.0,13.3,20.8
01-APR-1926,3.1,36.3,14.0,24.7,3.7,10.8,12.8,0.4,13.9,17.8
01-MAY-1926,2.4,27.8,24.7,21.7,4.4,6.7,9.8,4.1,15.0,14.1
01-JUN-1926,1.9,25.6,16.4,18.6,3.1,3.8,8.1,9.3,14.8,11.1
01-JUL-1926,2.1,22.0,14.7,17.7,2.8,2.0,6.9,13.4,15.8,9.8
01-AUG-1926,3.0,24.2,5.7,20.5,1.6,4.4,7.7,8.0,16.1,12.4
01-SEP-1926,3.8,34.0,30.5,22.6,4.6,7.4,8.9,2.9,15.2,15.0
01-OCT-1926,4.7,39.1,36.0,25.4,6.1,10.5,11.0,0.5,14.9,18.0
01-NOV-1926,5.3,41.3,55.0,26.8,8.1,12.3,12.2,0.1,14.5,19.5
01-DEC-1926,5.7,41.3,50.4,28.9,6.9,14.8,14.3,0.0,14.1,21.8
01-JAN-1927,5.7,42.3,45.7,30.4,6.8,16.5,16.0,0.0,13.9,23.5
01-FEB-1927,5.0,42.9,50.7,29.6,7.1,16.1,16.5,0.0,13.4,22.8
01-MAR-1927,4.1,40.9,73.5,27.3,8.4,13.9,14.8,0.0,13.4,20.6
01-APR-1927,3.1,36.6,19.8,25.1,4.5,11.3,13.2,0.3,13.8,18.2
01-MAY-1927,2.4,26.5,12.4,21.4,2.7,6.1,9.6,4.8,15.3,13.7
01-JUN-1927,2.0,24.1,4.6,19.0,1.2,3.8,8.1,9.1,15.2,11.4
01-JUL-1927,2.2,22.5,20.0,19.4,3.6,3.7,8.0,9.6,15.7,11.5
01-AUG-1927,3.0,24.7,17.5,21.0,3.3,5.0,8.1,6.9,16.0,12.9
01-SEP-1927,4.0,32.0,8.3,24.3,2.1,8.7,9.9,1.4,15.7,16.5
01-OCT-1927,4.8,40.2,54.2,25.9,7.0,11.2,11.5,0.3,14.7,18.6
01-NOV-1927,5.4,42.4,30.9,28.2,5.6,13.9,13.8,0.0,14.3,21.0
01-DEC-1927,5.7,41.2,61.6,29.1,8.1,14.9,14.4,0.0,14.1,22.0
01-JAN-1928,5.5,42.8,88.3,29.6,9.7,15.8,15.4,0.0,13.8,22.7
01-FEB-1928,5.0,42.5,46.1,29.1,6.7,15.5,15.9,0.0,13.5,22.3
01-MAR-1928,4.1,41.5,80.5,27.6,9.6,14.3,15.2,0.0,13.3,20.9
01-APR-1928,3.1,37.5,25.5,24.6,5.1,11.1,12.9,0.3,13.6,17.8
01-MAY-1928,2.4,28.9,7.0,21.5,1.8,6.7,9.8,4.0,14.7,14.1
01-JUN-1928,2.0,23.7,9.8,19.0,1.9,3.7,8.0,9.4,15.3,11.3
01-JUL-1928,2.2,21.9,4.9,19.1,1.4,3.4,7.7,10.3,15.8,11.2
01-AUG-1928,3.0,25.1,18.6,20.6,3.5,4.7,7.8,7.3,15.9,12.6
01-SEP-1928,3.9,32.7,32.4,22.9,5.4,7.4,9.0,2.9,15.5,15.1
01-OCT-1928,4.7,42.0,30.3,25.4,5.4,11.1,11.3,0.4,14.4,18.2
01-NOV-1928,5.4,41.7,52.3,27.5,7.3,13.1,13.0,0.1,14.4,20.3
01-DEC-1928,5.7,41.9,55.3,29.0,7.9,15.2,14.7,0.0,13.9,22.1
01-JAN-1929,5.5,43.1,60.8,29.6,7.3,15.9,15.9,0.0,13.7,22.7
01-FEB-1929,4.9,44.0,44.8,28.9,6.2,15.8,16.2,0.0,13.1,22.3
01-MAR-1929,4.0,42.0,90.6,26.7,10.1,13.6,14.4,0.0,13.1,20.1
01-APR-1929,3.1,36.8,21.0,24.2,4.7,10.4,12.3,0.5,13.8,17.3
01-MAY-1929,2.4,27.8,20.8,22.1,4.0,7.1,10.2,3.4,15.0,14.6
01-JUN-1929,2.0,25.4,30.8,19.2,4.6,4.3,8.4,8.1,14.9,11.7
01-JUL-1929,2.2,21.7,26.3,18.7,4.1,2.9,7.4,11.4,15.8,10.8
01-AUG-1929,2.9,26.1,20.7,20.6,4.1,4.9,8.1,6.9,15.6,12.7
01-SEP-1929,3.9,35.0,65.2,23.4,7.3,8.4,9.8,1.9,15.0,15.9
01-OCT-1929,4.8,41.0,45.9,26.0,6.7,11.5,11.5,0.3,14.5,18.7
01-NOV-1929,5.3,43.4,54.5,27.5,7.1,13.5,13.3,0.0,14.0,20.5
01-DEC-1929,5.7,41.6,74.4,28.9,9.0,15.0,14.5,0.0,14.0,21.9
01-JAN-1930,5.5,42.9,74.4,29.2,8.7,15.5,15.1,0.0,13.7,22.3
01-FEB-1930,4.9,43.6,54.8,28.6,8.2,15.4,15.5,0.0,13.2,22.0
01-MAR-1930,4.0,42.3,61.1,27.2,8.2,14.1,15.1,0.0,13.1,20.6
01-APR-1930,3.0,38.0,28.9,24.0,5.1,10.6,12.5,0.5,13.5,17.3
01-MAY-1930,2.4,28.3,13.2,21.7,3.0,6.8,9.9,3.9,14.9,14.2
01-JUN-1930,2.0,24.8,12.0,18.6,2.6,3.6,8.0,9.5,15.0,11.1
01-JUL-1930,2.2,21.8,10.1,19.1,2.1,3.3,7.7,10.4,15.8,11.2
01-AUG-1930,2.9,25.6,28.9,20.2,4.3,4.5,7.7,7.9,15.8,12.3
01-SEP-1930,3.8,33.3,21.9,22.3,3.8,6.9,8.7,3.4,15.3,14.6
01-OCT-1930,4.8,40.5,27.2,25.8,5.1,11.2,11.4,0.3,14.6,18.5
01-NOV-1930,5.4,42.1,36.4,27.9,6.4,13.6,13.3,0.0,14.3,20.7
01-DEC-1930,5.7,41.4,59.8,29.7,7.5,15.6,15.2,0.0,14.1,22.6
01-JAN-1931,5.6,42.9,80.0,30.1,9.4,16.3,16.0,0.0,13.7,23.2
01-FEB-1931,5.0,43.6,45.9,30.1,6.4,16.9,17.4,0.0,13.2,23.5
01-MAR-1931,4.1,42.0,58.0,28.2,8.0,15.0,16.0,0.0,13.2,21.6
01-APR-1931,3.0,37.1,48.6,23.9,6.7,10.2,12.2,0.6,13.7,17.0
01-MAY-1931,2.4,28.2,5.3,22.8,1.5,7.9,10.8,2.5,14.9,15.3
01-JUN-1931,2.0,24.5,5.6,18.9,1.5,3.9,8.1,9.0,15.1,11.4
01-JUL-1931,2.1,23.7,38.2,18.3,5.2,2.9,7.5,11.5,15.4,10.6
01-AUG-1931,3.0,25.0,11.0,21.2,2.4,5.3,8.3,6.4,15.9,13.2
01-SEP-1931,3.9,32.3,11.0,23.5,2.6,7.9,9.3,2.2,15.6,15.7
01-OCT-1931,4.7,40.4,42.6,25.4,6.9,10.7,11.1,0.5,14.7,18.0
01-NOV-1931,5.4,43.0,59.3,28.0,7.7,13.9,13.6,0.0,14.1,20.9
01-DEC-1931,5.7,41.2,57.8,29.3,7.8,15.1,14.7,0.0,14.2,22.2
01-JAN-1932,5.5,42.3,44.6,29.3,7.2,15.4,15.1,0.0,13.9,22.3
01-FEB-1932,5.0,43.7,81.0,29.5,9.4,16.3,16.6,0.0,13.2,22.8
01-MAR-1932,4.1,41.3,58.8,28.0,7.5,14.7,15.8,0.0,13.3,21.3
01-APR-1932,3.3,37.6,19.7,26.5,3.6,13.0,14.1,0.1,13.5,19.7
01-MAY-1932,2.4,29.3,30.7,22.3,4.7,7.6,10.5,2.8,14.6,14.9
01-JUN-1932,2.0,24.6,14.3,19.1,3.0,4.0,8.3,8.6,15.1,11.6
01-JUL-1932,2.2,20.6,11.9,18.8,2.1,2.7,7.4,11.6,16.1,10.8
01-AUG-1932,3.0,25.3,5.4,21.4,1.5,5.5,8.5,5.8,15.8,13.4
01-SEP-1932,3.9,33.4,42.5,23.7,5.7,8.3,9.8,2.0,15.3,16.0
01-OCT-1932,4.8,39.5,29.3,26.1,6.1,11.4,11.6,0.3,14.8,18.7
01-NOV-1932,5.4,42.7,47.4,28.3,6.7,14.1,13.7,0.0,14.2,21.2
01-DEC-1932,5.7,41.2,60.0,29.2,7.5,15.0,14.6,0.0,14.2,22.1
01-JAN-1933,5.6,42.1,46.7,30.0,6.2,16.1,15.9,0.0,13.9,23.0
01-FEB-1933,5.1,42.5,34.1,29.8,5.6,16.3,16.8,0.0,13.5,23.1
01-MAR-1933,4.2,40.3,44.3,28.2,6.8,14.7,15.8,0.0,13.6,21.4
01-APR-1933,3.1,36.7,24.9,25.4,4.5,11.6,13.4,0.2,13.8,18.4
01-MAY-1933,2.4,27.4,9.0,22.4,2.3,7.4,10.4,3.0,15.1,14.9
01-JUN-1933,2.0,23.8,15.0,18.7,2.9,3.4,7.9,9.9,15.3,11.0
01-JUL-1933,2.2,21.2,15.1,19.4,2.7,3.4,7.8,10.2,15.9,11.4
01-AUG-1933,3.0,25.2,19.3,20.7,3.3,4.8,8.0,7.1,15.9,12.7
01-SEP-1933,3.9,32.9,9.8,23.7,2.8,8.2,9.6,1.8,15.4,15.9
01-OCT-1933,4.9,38.4,13.8,26.6,3.3,11.6,11.8,0.2,15.0,19.1
01-NOV-1933,5.3,42.6,95.5,27.4,9.8,13.2,13.1,0.0,14.2,20.2
01-DEC-1933,5.7,40.9,90.2,29.2,10.1,14.9,14.5,0.0,14.3,22.0
01-JAN-1934,5.5,42.1,109.0,29.5,10.6,15.6,15.5,0.0,13.9,22.5
01-FEB-1934,4.9,43.0,65.9,28.8,9.0,15.4,15.7,0.0,13.4,22.1
01-MAR-1934,4.1,41.2,72.4,27.5,9.0,14.2,15.2,0.0,13.3,20.8
01-APR-1934,3.2,37.0,32.8,25.9,5.4,12.2,14.1,0.1,13.7,19.0
01-MAY-1934,2.4,28.4,28.8,23.1,4.7,8.3,11.1,2.1,14.8,15.7
01-JUN-1934,2.0,26.3,9.2,20.2,1.9,5.6,9.4,6.0,14.6,12.9
01-JUL-1934,2.2,22.6,26.3,18.9,4.0,3.3,7.7,10.6,15.6,11.1
01-AUG-1934,3.0,25.9,16.2,21.6,2.8,5.9,8.8,5.4,15.7,13.7
01-SEP-1934,4.0,31.9,13.3,24.0,3.0,8.3,9.7,1.6,15.7,16.1
01-OCT-1934,4.8,39.2,48.8,25.7,7.6,10.9,11.2,0.3,14.8,18.3
01-NOV-1934,5.3,42.4,86.3,27.6,9.6,13.3,13.3,0.0,14.2,20.4
01-DEC-1934,5.7,41.4,72.2,29.0,8.4,14.9,14.5,0.0,14.1,21.9
01-JAN-1935,5.6,42.4,39.0,29.9,6.2,16.1,15.9,0.0,13.9,23.0
01-FEB-1935,4.9,42.6,51.8,28.8,7.8,15.4,16.2,0.0,13.5,22.1
01-MAR-1935,4.0,40.7,59.9,26.6,7.8,13.1,14.0,0.0,13.5,19.8
01-APR-1935,3.1,36.6,39.9,24.3,6.3,10.5,12.4,0.5,13.8,17.4
01-MAY-1935,2.3,28.6,48.8,21.1,6.1,6.3,9.5,4.8,14.8,13.6
01-JUN-1935,1.9,25.2,20.4,18.2,3.4,3.3,7.8,10.1,14.9,10.8
01-JUL-1935,2.2,21.4,10.0,19.2,2.2,3.3,7.7,10.5,15.9,11.2
01-AUG-1935,2.8,25.3,17.6,19.4,3.3,3.6,7.4,9.6,15.8,11.5
01-SEP-1935,3.9,32.5,19.6,23.0,4.6,7.5,9.1,2.9,15.5,15.2
01-OCT-1935,4.9,38.9,19.9,26.6,4.6,11.7,11.8,0.2,14.9,19.1
01-NOV-1935,5.2,43.5,32.6,26.7,6.0,12.7,12.6,0.1,14.0,19.6
01-DEC-1935,5.6,40.8,46.4,28.6,7.1,14.3,14.0,0.0,14.3,21.5
01-JAN-1936,5.4,41.9,66.1,28.9,7.7,14.9,15.3,0.0,14.0,21.8
01-FEB-1936,4.9,43.3,65.8,28.4,8.0,15.1,15.4,0.0,13.3,21.8
01-MAR-1936,4.0,41.9,87.6,27.4,9.6,14.3,15.4,0.0,13.2,20.8
01-APR-1936,3.1,36.8,16.8,25.1,3.9,11.4,13.3,0.3,13.8,18.2
01-MAY-1936,2.3,28.2,46.2,20.7,5.9,5.9,9.2,5.3,14.9,13.3
01-JUN-1936,2.0,24.3,5.4,19.9,1.5,4.7,8.7,7.3,15.1,12.3
01-JUL-1936,2.3,21.6,15.7,19.8,2.6,3.9,8.1,9.1,15.8,11.8
01-AUG-1936,3.0,25.1,6.5,21.7,1.7,5.8,8.7,5.3,15.9,13.7
01-SEP-1936,3.9,32.2,26.9,23.4,5.0,7.8,9.4,2.1,15.6,15.6
01-OCT-1936,4.7,40.5,42.8,24.9,6.9,10.3,10.7,0.6,14.6,17.6
01-NOV-1936,5.3,42.2,102.8,26.9,10.4,12.6,12.5,0.1,14.3,19.7
01-DEC-1936,5.7,40.6,45.1,29.0,7.7,14.6,14.1,0.0,14.4,21.7
01-JAN-1937,5.6,41.7,90.2,29.9,9.5,15.9,15.7,0.0,14.1,22.9
01-FEB-1937,5.0,43.3,94.8,29.7,9.3,16.4,17.0,0.0,13.3,23.0
01-MAR-1937,4.1,40.4,47.3,28.0,7.4,14.5,15.5,0.0,13.5,21.2
01-APR-1937,3.1,36.2,19.0,24.9,3.8,11.0,12.9,0.3,13.9,17.9
01-MAY-1937,2.4,26.5,10.3,22.4,2.5,7.2,10.1,3.3,15.3,14.8
01-JUN-1937,2.0,23.6,12.6,19.1,2.1,3.8,8.1,9.1,15.3,11.5
01-JUL-1937,2.2,21.5,16.6,18.6,2.9,2.8,7.4,11.6,15.9,10.7
01-AUG-1937,3.0,25.3,5.4,21.6,1.4,5.8,8.6,5.3,15.8,13.7
01-SEP-1937,3.9,32.5,17.5,23.1,3.3,7.6,9.2,2.5,15.5,15.3
01-OCT-1937,4.8,40.1,27.2,26.0,5.6,11.3,11.5,0.3,14.7,18.6
01-NOV-1937,5.5,41.6,31.7,28.5,6.1,14.0,13.9,0.0,14.4,21.2
01-DEC-1937,5.7,41.4,91.9,28.9,10.3,14.8,14.3,0.0,14.1,21.8
01-JAN-1938,5.6,42.1,71.2,29.7,8.7,15.8,15.4,0.0,14.0,22.7
01-FEB-1938,4.9,43.0,60.3,28.9,7.5,15.6,15.9,0.0,13.4,22.2
01-MAR-1938,4.2,40.2,29.9,28.4,5.7,14.8,15.9,0.0,13.6,21.6
01-APR-1938,3.1,37.8,58.2,25.1,7.1,11.6,13.5,0.2,13.5,18.3
01-MAY-1938,2.4,28.2,14.2,22.2,3.3,7.3,10.2,3.2,14.9,14.7
01-JUN-1938,2.0,25.6,22.8,19.4,4.0,4.6,8.7,7.6,14.8,12.0
01-JUL-1938,2.2,22.6,16.5,19.6,3.5,3.9,8.1,9.2,15.6,11.7
01-AUG-1938,2.9,26.0,13.4,20.4,2.9,4.8,8.0,7.4,15.6,12.6
01-SEP-1938,3.9,33.2,20.3,23.4,3.7,8.0,9.5,2.1,15.4,15.7
01-OCT-1938,4.7,40.9,51.8,25.8,7.4,11.3,11.6,0.3,14.6,18.5
01-NOV-1938,5.2,43.5,47.0,26.6,7.4,12.6,12.6,0.1,14.0,19.5
01-DEC-1938,5.7,41.3,84.4,29.0,9.2,14.9,14.5,0.0,14.1,21.9
01-JAN-1939,5.6,41.9,75.7,29.8,8.9,15.8,15.6,0.0,14.0,22.8
01-FEB-1939,4.9,44.0,129.1,28.9,11.4,15.9,16.3,0.0,13.1,22.4
01-MAR-1939,4.0,41.9,55.6,27.2,7.6,14.0,15.0,0.0,13.2,20.5
01-APR-1939,3.0,37.8,17.5,24.0,4.1,10.5,12.4,0.5,13.5,17.2
01-MAY-1939,2.4,28.3,28.6,22.1,4.6,7.2,10.3,3.3,14.9,14.6
01-JUN-1939,2.0,24.9,7.9,19.4,2.4,4.4,8.5,8.0,15.0,11.8
01-JUL-1939,2.2,23.7,31.4,18.8,4.7,3.4,7.8,10.3,15.4,11.1
01-AUG-1939,2.9,25.4,38.6,20.5,5.4,4.7,8.0,7.4,15.8,12.6
01-SEP-1939,3.8,33.3,31.4,22.8,4.4,7.4,9.1,2.6,15.4,15.1
01-OCT-1939,4.8,41.4,49.1,26.0,7.3,11.5,11.6,0.2,14.5,18.7
01-NOV-1939,5.3,42.3,76.5,27.3,8.4,13.0,12.9,0.0,14.3,20.1
01-DEC-1939,5.7,40.7,49.4,29.3,6.8,15.0,14.6,0.0,14.3,22.2
01-JAN-1940,5.8,38.2,52.3,30.4,7.5,15.6,15.3,0.0,14.8,23.0
01-FEB-1940,5.1,41.9,63.5,30.1,8.7,16.4,16.9,0.0,13.7,23.2
01-MAR-1940,4.0,42.2,85.9,27.5,9.4,14.3,15.5,0.0,13.2,20.9
01-APR-1940,3.1,34.2,33.6,24.3,5.5,10.1,12.4,0.7,14.2,17.2
01-MAY-1940,2.4,25.5,30.3,21.9,4.3,6.6,9.8,4.2,15.4,14.2
01-JUN-1940,2.1,21.3,25.8,19.8,3.9,3.9,8.3,8.9,15.9,11.9
01-JUL-1940,2.3,15.9,10.6,20.0,2.5,2.8,7.5,11.4,17.1,11.4
01-AUG-1940,3.2,19.5,6.1,22.8,2.1,5.7,8.6,5.5,17.0,14.2
01-SEP-1940,3.7,39.1,49.2,22.5,6.9,8.8,10.0,1.6,13.8,15.6
01-OCT-1940,4.9,36.2,20.3,26.2,4.7,10.8,11.2,0.4,15.4,18.5
01-NOV-1940,5.2,43.5,67.7,27.2,8.9,13.1,13.1,0.0,14.1,20.1
01-DEC-1940,5.9,39.5,70.5,30.2,8.0,15.5,15.4,0.0,14.7,22.8
01-JAN-1941,5.5,44.9,78.6,29.6,9.4,16.2,15.9,0.0,13.4,22.9
01-FEB-1941,4.9,44.8,69.2,29.0,8.3,15.8,16.2,0.0,13.2,22.3
01-MAR-1941,4.5,29.3,35.1,29.1,5.4,13.7,14.9,0.0,15.5,21.4
01-APR-1941,3.2,31.8,57.6,25.8,7.7,11.2,13.4,0.3,14.6,18.5
01-MAY-1941,2.5,23.0,14.8,23.1,2.6,7.3,10.4,3.4,15.8,15.2
01-JUN-1941,2.0,21.8,16.9,19.6,3.0,3.9,8.3,9.0,15.7,11.8
01-JUL-1941,2.3,19.4,12.6,20.1,2.5,3.8,8.0,9.5,16.3,11.9
01-AUG-1941,3.1,24.1,14.7,22.1,3.2,6.0,8.8,5.1,16.1,14.0
01-SEP-1941,3.9,31.2,20.9,23.1,4.1,7.1,9.0,3.3,16.0,15.1
01-OCT-1941,5.0,37.1,44.1,26.9,7.2,11.7,12.1,0.3,15.2,19.2
01-NOV-1941,5.4,38.8,22.9,27.9,4.8,13.0,13.2,0.1,14.9,20.4
01-DEC-1941,6.0,36.7,50.1,30.2,7.2,15.1,14.8,0.0,15.1,22.6
01-JAN-1942,5.7,41.6,76.4,30.4,8.6,16.6,16.5,0.0,13.8,23.5
01-FEB-1942,5.1,42.7,52.9,30.6,7.2,17.1,17.6,0.0,13.5,23.8
01-MAR-1942,4.1,42.6,83.9,27.8,8.7,14.6,15.7,0.0,13.2,21.2
01-APR-1942,3.0,39.7,30.8,24.7,5.4,11.4,13.2,0.2,13.3,18.0
01-MAY-1942,2.3,30.2,34.0,21.6,5.0,7.0,10.0,3.6,14.6,14.3
01-JUN-1942,2.1,21.4,22.4,19.6,3.2,3.8,8.2,9.3,15.8,11.7
01-JUL-1942,2.3,19.0,5.7,19.9,1.4,3.5,7.9,10.2,16.4,11.7
01-AUG-1942,3.0,24.7,23.7,21.4,3.9,5.4,8.5,6.5,16.0,13.3
01-SEP-1942,3.9,33.6,24.5,23.4,4.3,8.0,9.5,2.3,15.4,15.6
01-OCT-1942,4.4,48.4,64.0,24.4,8.7,11.1,11.3,0.2,13.3,17.7
01-NOV-1942,5.2,44.3,62.6,27.5,7.8,13.6,13.5,0.0,14.0,20.5
01-DEC-1942,5.4,45.0,91.0,28.0,10.3,14.6,14.3,0.0,13.4,21.3
01-JAN-1943,5.5,40.9,57.4,29.2,7.9,15.0,14.9,0.0,14.2,22.1
01-FEB-1943,5.1,36.1,44.5,29.0,6.9,14.4,14.9,0.0,14.6,21.7
01-MAR-1943,4.1,40.4,65.4,27.8,8.3,14.3,15.5,0.0,13.4,21.0
01-APR-1943,2.9,42.6,81.0,23.9,8.2,11.3,13.3,0.3,12.6,17.6
01-MAY-1943,2.2,33.8,33.1,20.5,4.9,6.6,9.8,4.1,13.9,13.5
01-JUN-1943,2.0,21.7,12.7,18.9,2.2,3.1,7.7,10.6,15.8,10.9
01-JUL-1943,2.1,24.9,22.6,18.2,3.4,3.1,7.7,11.2,15.2,10.6
01-AUG-1943,2.7,31.6,43.6,18.7,5.7,4.3,7.8,8.4,14.4,11.5
01-SEP-1943,3.7,35.2,25.4,22.5,4.1,7.7,9.3,2.4,14.8,15.1
01-OCT-1943,4.8,38.8,49.8,25.9,6.7,10.9,11.4,0.5,15.0,18.4
01-NOV-1943,5.0,48.8,102.6,26.6,10.9,13.5,13.4,0.0,13.1,20.0
01-DEC-1943,5.5,43.1,74.6,28.4,9.2,14.6,14.3,0.0,13.9,21.5
01-JAN-1944,5.8,39.8,63.8,30.8,8.0,16.5,16.5,0.0,14.3,23.6
01-FEB-1944,4.9,43.6,93.1,28.9,8.8,16.0,16.3,0.0,13.0,22.4
01-MAR-1944,4.1,40.1,55.4,27.6,7.6,14.0,15.2,0.0,13.6,20.8
01-APR-1944,3.3,26.4,13.8,25.8,3.3,10.4,12.6,0.6,15.4,18.1
01-MAY-1944,2.4,24.0,27.5,21.0,4.5,5.2,9.1,6.4,15.8,13.1
01-JUN-1944,1.9,27.7,33.0,18.0,4.6,3.7,8.1,9.5,14.3,10.8
01-JUL-1944,2.3,17.0,10.3,20.0,2.1,3.1,7.7,11.0,16.9,11.5
01-AUG-1944,3.2,22.3,11.6,22.6,2.6,6.0,8.7,5.2,16.6,14.3
01-SEP-1944,3.8,33.9,45.7,23.1,5.5,7.9,9.5,2.3,15.2,15.5
01-OCT-1944,5.0,39.1,47.9,27.2,7.0,12.3,12.3,0.1,14.9,19.7
01-NOV-1944,5.6,37.3,38.0,28.5,6.0,13.4,13.5,0.0,15.1,20.9
01-DEC-1944,6.0,35.8,22.3,29.7,4.5,14.4,14.1,0.0,15.4,22.0
01-JAN-1945,5.7,39.7,56.5,30.2,7.3,15.9,15.7,0.0,14.4,23.0
01-FEB-1945,5.2,40.8,49.8,31.0,6.8,17.3,17.7,0.0,13.7,24.1
01-MAR-1945,3.9,46.0,91.0,26.9,9.4,14.3,15.5,0.0,12.6,20.6
01-APR-1945,3.3,31.8,20.0,26.1,4.3,11.6,13.5,0.2,14.5,18.8
01-MAY-1945,2.4,23.8,25.9,22.0,4.1,6.3,9.7,4.7,15.7,14.1
01-JUN-1945,2.0,20.7,15.1,18.9,2.5,2.9,7.7,11.0,16.0,10.9
01-JUL-1945,2.2,20.5,15.7,19.3,3.0,3.2,7.7,10.6,16.0,11.2
01-AUG-1945,3.2,20.3,9.2,22.0,2.0,5.0,8.1,6.8,17.1,13.5
01-SEP-1945,4.4,27.0,4.9,26.4,1.4,9.4,10.4,0.9,17.0,17.9
01-OCT-1945,4.6,40.3,30.5,25.2,5.5,10.5,11.2,0.5,14.7,17.8
01-NOV-1945,5.6,37.7,27.1,28.9,5.3,13.9,13.7,0.0,15.0,21.4
01-DEC-1945,5.8,37.6,34.5,29.3,6.1,14.3,14.1,0.0,15.0,21.8
01-JAN-1946,5.4,45.8,94.7,29.1,9.0,16.1,15.8,0.0,13.0,22.6
01-FEB-1946,5.1,39.6,72.0,29.8,8.1,16.1,16.5,0.0,13.6,22.9
01-MAR-1946,4.1,40.5,69.1,27.8,8.7,14.2,15.4,0.0,13.6,21.0
01-APR-1946,3.2,34.4,34.1,25.6,5.7,11.5,13.5,0.2,14.1,18.5
01-MAY-1946,2.4,31.3,26.3,22.3,4.1,8.0,10.8,2.4,14.3,15.1
01-JUN-1946,2.0,19.9,7.3,19.3,2.0,3.1,7.9,10.5,16.2,11.2
01-JUL-1946,2.3,17.4,8.2,19.9,1.8,3.1,7.7,10.8,16.8,11.5
01-AUG-1946,3.1,19.4,6.7,21.7,1.7,4.5,8.0,7.8,17.1,13.1
01-SEP-1946,4.2,27.6,17.4,25.2,3.5,8.4,9.8,1.7,16.8,16.8
01-OCT-1946,4.7,39.6,40.5,25.6,6.8,10.8,11.5,0.5,14.8,18.2
01-NOV-1946,5.7,35.5,44.2,28.9,6.6,13.5,13.4,0.0,15.4,21.2
01-DEC-1946,6.0,36.9,45.6,30.4,6.9,15.3,14.9,0.0,15.1,22.8
01-JAN-1947,5.8,39.3,51.4,30.6,6.8,16.1,16.0,0.0,14.4,23.3
01-FEB-1947,5.4,38.6,53.0,31.4,6.6,17.3,17.7,0.0,14.1,24.3
01-MAR-1947,4.1,42.6,69.8,27.8,8.9,14.7,15.9,0.0,13.1,21.3
01-APR-1947,3.1,37.7,36.6,25.1,5.6,11.4,13.4,0.3,13.7,18.2
01-MAY-1947,2.4,26.8,19.3,22.2,3.9,7.0,10.2,3.6,15.1,14.6
01-JUN-1947,2.0,25.0,16.9,18.9,2.8,3.9,8.3,9.0,15.0,11.4
01-JUL-1947,2.1,23.0,20.9,17.7,3.3,2.2,7.2,12.9,15.5,9.9
01-AUG-1947,3.3,15.3,6.3,23.2,1.7,5.2,8.3,6.7,18.0,14.1
01-SEP-1947,3.8,36.3,29.9,22.7,5.3,8.2,9.5,1.9,14.5,15.4
01-OCT-1947,4.9,39.3,34.2,26.6,6.2,11.7,12.0,0.2,14.9,19.1
01-NOV-1947,5.6,39.3,59.6,28.9,7.7,14.1,14.0,0.0,14.8,21.5
01-DEC-1947,5.6,43.0,86.4,28.7,9.1,15.0,14.6,0.0,13.7,21.8
01-JAN-1948,5.5,43.4,65.3,29.5,8.5,15.8,15.6,0.0,13.7,22.6
01-FEB-1948,4.9,41.8,63.1,29.0,8.1,15.6,16.1,0.0,13.4,22.3
01-MAR-1948,3.7,50.2,107.3,26.2,10.5,14.5,15.6,0.0,11.6,20.3
01-APR-1948,3.0,37.1,54.9,24.3,7.3,10.5,12.7,0.5,13.8,17.4
01-MAY-1948,2.4,27.5,13.5,22.7,3.1,7.7,10.6,2.7,15.0,15.2
01-JUN-1948,2.2,16.2,5.5,20.2,1.5,3.1,7.8,10.5,17.1,11.7
01-JUL-1948,2.3,20.6,12.6,19.9,2.5,3.8,8.1,9.5,16.1,11.8
01-AUG-1948,3.2,18.0,4.8,22.5,1.5,5.1,8.3,6.6,17.4,13.8
01-SEP-1948,4.1,27.0,17.4,23.6,3.3,6.6,8.7,4.0,17.0,15.1
01-OCT-1948,4.8,39.3,47.6,26.1,7.3,11.3,11.6,0.3,14.8,18.6
01-NOV-1948,5.4,39.5,47.9,27.4,6.6,12.6,12.7,0.1,14.7,20.0
01-DEC-1948,5.9,37.3,31.8,30.0,6.0,14.8,14.5,0.0,15.2,22.4
01-JAN-1949,5.9,37.7,69.3,31.5,7.7,16.9,16.8,0.0,14.6,24.2
01-FEB-1949,5.2,37.3,46.8,29.6,6.9,15.3,15.9,0.0,14.3,22.5
01-MAR-1949,4.0,41.5,47.7,27.5,6.9,14.1,15.4,0.0,13.4,20.8
01-APR-1949,3.3,30.0,29.8,25.8,5.1,10.8,12.9,0.4,15.0,18.3
01-MAY-1949,2.4,26.0,19.9,22.0,3.7,6.8,10.1,4.1,15.2,14.4
01-JUN-1949,2.1,19.8,11.5,20.8,2.6,4.6,8.8,7.6,16.2,12.7
01-JUL-1949,2.3,17.4,8.3,20.0,2.1,3.2,7.8,10.8,16.8,11.5
01-AUG-1949,3.0,25.2,11.3,21.2,2.8,5.3,8.4,6.3,15.9,13.2
01-SEP-1949,4.1,31.9,19.0,24.7,3.5,9.0,10.1,1.3,15.7,16.8
01-OCT-1949,5.0,35.8,30.8,26.6,5.8,11.1,11.6,0.4,15.5,18.8
01-NOV-1949,5.2,41.8,73.1,27.0,8.9,12.7,13.0,0.1,14.3,19.9
01-DEC-1949,5.7,41.3,75.6,29.3,8.9,15.2,14.9,0.0,14.1,22.2
01-JAN-1950,5.7,39.3,47.6,30.2,6.5,15.8,15.7,0.0,14.4,23.0
01-FEB-1950,5.0,42.5,59.2,29.9,7.7,16.3,16.9,0.0,13.5,23.1
01-MAR-1950,4.0,47.7,76.8,28.2,8.7,15.9,17.1,0.0,12.3,22.0
01-APR-1950,2.9,43.9,61.6,23.9,7.6,11.4,13.3,0.2,12.5,17.6
01-MAY-1950,2.3,32.3,44.7,21.2,5.6,7.0,10.1,3.5,14.1,14.1
01-JUN-1950,2.1,22.5,7.4,20.4,2.0,4.8,8.8,7.2,15.5,12.6
01-JUL-1950,2.2,24.6,22.3,18.9,3.3,3.8,8.1,9.7,15.2,11.3
01-AUG-1950,2.8,31.2,26.0,20.3,4.0,5.7,8.6,5.6,14.7,13.0
01-SEP-1950,4.0,32.5,24.9,24.0,4.8,8.6,9.9,1.6,15.4,16.3
01-OCT-1950,5.1,30.3,31.8,26.3,5.9,9.8,10.5,0.7,16.4,18.0
01-NOV-1950,5.4,39.8,46.2,27.4,7.7,12.7,12.7,0.1,14.7,20.0
01-DEC-1950,5.6,41.4,99.9,28.6,10.8,14.6,14.5,0.0,14.0,21.6
01-JAN-1951,5.4,41.1,59.1,28.5,8.0,14.3,14.6,0.0,14.2,21.4
01-FEB-1951,5.2,38.7,40.1,29.9,6.5,15.8,16.3,0.0,14.1,22.8
01-MAR-1951,4.2,36.4,51.3,27.7,7.2,13.7,15.0,0.0,14.0,20.7
01-APR-1951,3.2,31.7,38.7,25.3,5.3,11.0,13.2,0.4,14.3,18.1
01-MAY-1951,2.3,33.7,26.8,21.1,4.8,7.4,10.4,3.2,13.7,14.3
01-JUN-1951,2.0,20.7,17.9,18.8,3.1,2.9,7.7,11.0,15.9,10.9
01-JUL-1951,2.2,18.0,16.4,18.5,3.1,1.8,7.1,13.7,16.6,10.2
01-AUG-1951,3.0,21.9,22.0,20.9,3.4,4.4,7.8,8.2,16.5,12.6
01-SEP-1951,4.0,29.0,28.9,23.4,4.7,6.8,8.9,3.8,16.6,15.1
01-OCT-1951,4.6,42.2,55.8,25.5,7.1,11.1,11.6,0.4,14.3,18.3
01-NOV-1951,5.7,34.8,17.4,28.5,4.2,13.2,13.1,0.1,15.4,20.8
01-DEC-1951,6.0,36.8,40.6,30.4,5.9,15.4,15.2,0.0,15.0,22.9
01-JAN-1952,5.9,36.3,49.5,31.1,7.2,16.5,16.6,0.0,14.6,23.8
01-FEB-1952,4.8,47.1,75.5,28.8,9.3,16.2,16.8,0.0,12.6,22.5
01-MAR-1952,4.4,31.2,35.9,28.7,6.0,13.8,15.3,0.0,14.9,21.3
01-APR-1952,3.3,30.7,25.2,25.8,4.8,11.2,13.1,0.3,14.6,18.4
01-MAY-1952,2.4,26.2,18.5,21.7,3.7,6.5,9.8,4.3,15.2,14.1
01-JUN-1952,2.1,22.8,14.5,20.1,3.0,4.6,8.7,7.6,15.5,12.4
01-JUL-1952,2.1,28.4,31.2,18.6,4.8,4.2,8.2,8.8,14.5,11.4
01-AUG-1952,3.0,22.9,17.2,21.3,3.4,5.1,8.3,7.0,16.3,13.2
01-SEP-1952,3.9,31.1,31.3,23.2,4.8,7.4,9.2,3.0,15.8,15.3
01-OCT-1952,5.0,36.2,27.7,26.9,5.5,11.6,11.9,0.3,15.3,19.2
01-NOV-1952,5.2,46.0,63.6,27.4,8.7,13.9,13.7,0.0,13.5,20.6
01-DEC-1952,5.6,40.8,70.0,28.8,8.8,14.7,14.3,0.0,14.1,21.7
01-JAN-1953,5.8,39.0,54.0,31.1,7.1,16.9,16.7,0.0,14.2,24.0
01-FEB-1953,4.8,47.2,89.9,29.1,9.4,16.6,17.2,0.0,12.5,22.8
01-MAR-1953,4.2,36.8,45.2,27.7,6.7,13.9,15.1,0.0,13.8,20.8
01-APR-1953,2.9,39.5,55.6,23.6,7.0,10.4,12.7,0.6,13.2,17.0
01-MAY-1953,2.4,26.7,14.3,22.2,3.1,7.1,10.1,3.5,15.1,14.6
01-JUN-1953,2.0,18.9,10.7,19.0,2.3,2.6,7.5,11.8,16.4,10.7
01-JUL-1953,2.2,19.7,14.8,18.6,2.5,2.3,7.2,12.6,16.2,10.4
01-AUG-1953,2.9,26.8,20.6,20.3,3.6,4.8,8.0,7.4,15.6,12.5
01-SEP-1953,4.1,28.3,23.0,24.0,3.5,7.3,9.1,2.8,16.7,15.6
01-OCT-1953,4.8,40.9,48.6,26.4,7.4,11.8,11.9,0.2,14.6,19.1
01-NOV-1953,5.2,44.0,79.1,27.1,9.2,13.3,13.3,0.0,13.8,20.2
01-DEC-1953,5.5,44.9,69.4,28.5,9.4,15.2,14.8,0.0,13.3,21.8
01-JAN-1954,5.5,40.6,58.0,29.2,7.1,15.2,15.2,0.0,13.9,22.2
01-FEB-1954,5.1,39.8,58.8,29.3,7.2,15.6,16.1,0.0,13.7,22.5
01-MAR-1954,3.7,51.6,86.6,26.2,9.7,14.4,15.5,0.0,11.7,20.3
01-APR-1954,3.1,33.8,36.5,24.5,6.2,10.3,12.4,0.6,14.1,17.4
01-MAY-1954,2.3,31.4,43.5,21.4,5.7,7.2,10.1,3.3,14.2,14.3
01-JUN-1954,2.0,23.3,11.6,18.8,2.2,3.4,7.9,10.1,15.4,11.1
01-JUL-1954,2.2,18.1,17.5,18.2,3.0,1.7,6.9,14.0,16.5,9.9
01-AUG-1954,3.1,21.4,18.2,21.1,2.8,4.6,7.9,7.6,16.5,12.9
01-SEP-1954,4.0,32.1,24.8,24.0,3.7,8.3,9.8,2.0,15.7,16.1
01-OCT-1954,5.0,35.4,30.6,26.6,4.9,11.0,11.6,0.5,15.6,18.8
01-NOV-1954,5.4,38.6,61.6,27.4,8.2,12.7,12.8,0.1,14.8,20.0
01-DEC-1954,5.6,41.3,50.7,29.0,7.0,15.1,14.8,0.0,13.9,22.0
01-JAN-1955,5.3,46.9,110.4,28.8,10.4,16.0,15.8,0.0,12.8,22.4
01-FEB-1955,4.5,49.2,106.1,27.3,10.1,15.4,15.9,0.0,11.9,21.3
01-MAR-1955,4.0,41.6,53.0,26.8,7.6,13.7,14.9,0.0,13.1,20.2
01-APR-1955,3.0,34.2,42.5,24.0,6.3,10.0,12.3,0.8,14.0,17.0
01-MAY-1955,2.3,32.8,19.8,21.9,3.8,8.0,10.7,2.4,13.9,14.9
01-JUN-1955,1.9,29.9,23.5,18.1,4.2,4.3,8.4,8.1,13.8,11.2
01-JUL-1955,2.2,21.1,15.2,19.0,2.9,3.2,7.7,10.9,15.9,11.1
01-AUG-1955,2.9,24.8,15.4,19.7,2.8,3.8,7.6,9.5,15.9,11.7
01-SEP-1955,4.1,25.5,12.1,23.7,2.4,6.3,8.7,4.4,17.4,15.0
01-OCT-1955,4.5,39.1,46.7,24.2,7.0,9.3,10.3,1.2,14.8,16.7
01-NOV-1955,5.2,41.0,77.1,26.5,9.5,12.0,12.3,0.2,14.5,19.2
01-DEC-1955,5.3,43.0,73.7,27.2,8.8,13.7,13.7,0.0,13.5,20.4
01-JAN-1956,5.7,39.8,37.9,30.1,6.6,15.8,15.4,0.0,14.3,22.9
01-FEB-1956,4.7,46.4,102.9,28.3,10.2,15.6,16.1,0.0,12.7,21.9
01-MAR-1956,3.8,47.3,97.1,26.9,10.4,14.8,16.1,0.0,12.1,20.8
01-APR-1956,3.2,30.7,17.0,25.1,3.4,10.4,12.6,0.6,14.8,17.7
01-MAY-1956,2.3,31.1,37.9,20.8,5.5,6.5,9.8,4.5,14.3,13.6
01-JUN-1956,2.0,22.0,12.6,19.3,2.3,3.6,8.1,9.6,15.6,11.4
01-JUL-1956,2.2,22.3,11.5,19.8,2.1,4.2,8.2,8.7,15.7,12.0
01-AUG-1956,3.1,22.1,10.6,21.5,2.2,4.9,8.1,7.4,16.6,13.1
01-SEP-1956,3.9,30.1,32.1,23.1,4.7,6.8,8.9,3.7,16.3,14.9
01-OCT-1956,4.9,34.9,49.9,26.2,7.3,10.7,11.2,0.6,15.6,18.4
01-NOV-1956,5.2,45.7,57.4,27.1,7.5,13.5,13.3,0.0,13.6,20.3
01-DEC-1956,5.4,43.3,89.2,27.5,10.1,14.0,13.7,0.0,13.5,20.7
01-JAN-1957,5.7,41.6,58.3,30.3,7.6,16.4,16.3,0.0,13.9,23.3
01-FEB-1957,5.0,41.9,69.7,29.8,8.5,16.3,16.9,0.0,13.4,23.0
01-MAR-1957,4.1,40.2,66.1,28.1,8.8,14.8,16.1,0.0,13.3,21.4
01-APR-1957,3.3,28.4,32.2,25.4,4.9,10.3,12.6,0.6,15.1,17.9
01-MAY-1957,2.5,19.8,23.0,22.8,4.1,6.5,9.9,4.4,16.3,14.6
01-JUN-1957,1.9,25.7,28.7,18.1,4.5,3.3,7.9,10.2,14.8,10.7
01-JUL-1957,2.2,26.5,23.1,19.4,3.5,4.6,8.5,8.0,14.8,11.9
01-AUG-1957,3.0,23.3,29.9,21.0,4.6,4.9,8.1,7.2,16.2,12.9
01-SEP-1957,3.8,36.0,63.0,23.2,7.3,8.6,9.9,1.9,14.6,15.9
01-OCT-1957,4.5,43.2,61.1,24.4,7.7,10.3,11.1,0.8,14.2,17.3
01-NOV-1957,5.7,36.3,37.2,28.9,5.9,13.6,13.7,0.0,15.2,21.2
01-DEC-1957,5.8,41.4,59.7,29.7,8.4,15.7,15.2,0.0,14.0,22.6
01-JAN-1958,5.3,48.4,108.9,29.1,9.6,16.6,16.6,0.0,12.5,22.9
01-FEB-1958,5.2,36.7,46.9,29.6,7.1,15.5,16.2,0.0,14.1,22.5
01-MAR-1958,4.3,34.7,39.8,28.4,6.3,14.1,15.4,0.0,14.3,21.3
01-APR-1958,3.2,33.7,40.2,25.6,6.0,11.4,13.5,0.2,14.2,18.5
01-MAY-1958,2.4,26.9,36.6,22.4,5.1,7.3,10.3,3.3,15.1,14.8
01-JUN-1958,2.0,20.1,8.3,19.0,1.9,2.8,7.7,11.1,16.1,10.9
01-JUL-1958,2.4,16.1,3.3,20.7,0.8,3.7,8.0,9.7,17.0,12.2
01-AUG-1958,3.1,19.2,11.8,21.7,2.2,4.7,8.1,7.5,17.0,13.2
01-SEP-1958,3.9,33.3,30.0,23.3,4.7,8.0,9.7,2.3,15.3,15.6
01-OCT-1958,4.9,34.6,29.8,26.2,5.8,10.6,11.1,0.6,15.6,18.4
01-NOV-1958,5.5,39.0,59.3,28.5,7.8,13.7,13.7,0.0,14.8,21.1
01-DEC-1958,5.6,43.9,88.8,29.0,10.1,15.7,15.3,0.0,13.3,22.3
01-JAN-1959,5.5,41.5,68.3,29.0,8.3,15.1,15.0,0.0,13.9,22.0
01-FEB-1959,5.0,42.4,61.4,29.5,8.0,16.0,16.5,0.0,13.4,22.7
01-MAR-1959,4.3,34.1,39.1,28.5,6.2,14.0,15.2,0.0,14.4,21.2
01-APR-1959,3.2,33.2,44.5,25.3,6.4,11.0,13.1,0.3,14.3,18.2
01-MAY-1959,2.2,33.8,55.6,20.1,6.4,6.3,9.8,4.8,13.8,13.2
01-JUN-1959,2.1,20.8,4.7,20.3,1.4,4.3,8.6,8.3,15.9,12.3
01-JUL-1959,2.2,25.5,24.9,19.6,4.2,4.5,8.4,8.0,15.1,12.0
01-AUG-1959,3.1,21.9,16.7,21.2,2.9,4.8,8.1,7.4,16.4,13.0
01-SEP-1959,4.2,26.8,14.3,24.7,2.9,7.6,9.3,2.6,17.1,16.1
01-OCT-1959,4.8,39.0,40.1,25.8,6.6,10.9,11.3,0.4,14.9,18.3
01-NOV-1959,5.4,42.0,47.7,27.9,6.8,13.6,13.4,0.0,14.3,20.7
01-DEC-1959,5.5,44.2,73.9,28.4,9.1,15.1,14.8,0.0,13.3,21.7
01-JAN-1960,5.7,40.5,46.0,29.8,6.9,15.5,15.2,0.0,14.4,22.6
01-FEB-1960,4.9,43.4,57.7,29.3,6.6,16.1,16.6,0.0,13.2,22.7
01-MAR-1960,4.1,41.4,59.0,27.7,8.0,14.3,15.6,0.0,13.3,21.0
01-APR-1960,2.9,39.0,45.6,23.6,6.4,10.3,12.6,0.6,13.3,16.9
01-MAY-1960,2.3,28.3,21.1,21.0,4.0,6.2,9.5,4.9,14.8,13.6
01-JUN-1960,2.0,23.3,12.7,19.1,2.7,3.7,8.2,9.5,15.3,11.4
01-JUL-1960,2.2,19.5,9.8,19.1,2.4,2.7,7.4,11.8,16.4,10.9
01-AUG-1960,3.0,27.5,21.2,22.1,3.6,6.6,9.2,4.0,15.5,14.3
01-SEP-1960,4.0,33.1,19.5,24.4,3.3,8.9,10.0,1.3,15.5,16.7
01-OCT-1960,5.0,36.8,35.5,27.1,5.9,11.8,12.2,0.2,15.3,19.5
01-NOV-1960,5.3,45.3,67.8,27.7,8.0,14.1,13.7,0.0,13.6,20.9
01-DEC-1960,5.6,44.3,87.5,28.8,9.5,15.5,14.9,0.0,13.3,22.1
01-JAN-1961,5.6,42.3,55.6,29.6,8.0,15.6,15.2,0.0,13.9,22.6
01-FEB-1961,5.2,36.9,50.5,30.0,6.5,15.9,16.4,0.0,14.0,22.9
01-MAR-1961,3.9,48.7,90.5,27.3,9.7,15.4,16.4,0.0,11.9,21.3
01-APR-1961,3.0,42.6,71.2,24.5,8.4,11.8,13.8,0.2,12.7,18.1
01-MAY-1961,2.2,36.2,35.5,20.7,5.5,7.2,10.6,3.3,13.4,13.9
01-JUN-1961,1.8,33.9,31.3,18.8,4.9,5.9,9.5,5.1,12.9,12.3
01-JUL-1961,2.1,28.0,22.5,19.6,3.8,5.1,9.0,6.9,14.5,12.3
01-AUG-1961,2.9,28.0,16.7,20.1,3.4,5.0,8.2,6.8,15.0,12.5
01-SEP-1961,4.0,33.2,24.1,24.5,3.9,9.1,10.3,1.2,15.5,16.8
01-OCT-1961,4.9,32.2,22.0,25.8,4.1,9.7,10.7,1.1,16.1,17.7
01-NOV-1961,5.2,46.4,67.4,27.4,8.2,13.9,13.5,0.0,13.5,20.6
01-DEC-1961,5.6,39.7,48.4,28.5,6.6,14.2,14.1,0.0,14.3,21.3
01-JAN-1962,5.6,41.7,50.2,30.1,7.3,16.2,16.1,0.0,13.9,23.1
01-FEB-1962,4.8,46.2,67.6,29.0,8.1,16.0,16.6,0.0,13.1,22.5
01-MAR-1962,4.2,37.7,57.0,28.2,7.7,14.2,15.4,0.0,14.0,21.1
01-APR-1962,3.1,32.0,40.9,24.8,5.9,10.4,12.7,0.5,14.4,17.6
01-MAY-1962,2.5,22.4,7.6,22.1,1.9,6.2,9.6,4.9,15.9,14.1
01-JUN-1962,2.1,21.0,18.7,19.6,2.7,3.8,8.1,9.4,15.8,11.7
01-JUL-1962,2.3,18.2,6.8,20.1,1.7,3.5,7.8,10.1,16.5,11.8
01-AUG-1962,3.1,24.1,29.6,21.6,4.6,5.6,8.5,5.7,16.0,13.6
01-SEP-1962,4.2,27.2,9.7,25.2,2.7,8.3,9.7,2.0,16.9,16.7
01-OCT-1962,4.9,37.9,35.1,26.8,5.4,11.6,12.1,0.3,15.2,19.2
01-NOV-1962,5.0,48.2,86.2,26.7,9.8,13.6,13.9,0.0,13.1,20.1
01-DEC-1962,5.8,40.3,46.5,29.9,6.7,15.6,15.1,0.0,14.2,22.7
01-JAN-1963,5.1,54.2,104.8,28.5,11.2,16.6,15.8,0.0,11.9,22.5
01-FEB-1963,5.1,41.4,34.0,29.6,5.6,15.8,16.0,0.0,13.8,22.6
01-MAR-1963,4.0,44.5,80.6,27.0,8.8,13.8,14.7,0.0,13.1,20.4
01-APR-1963,2.9,40.4,53.6,23.5,7.3,10.4,12.6,0.5,13.1,16.9
01-MAY-1963,2.3,30.6,19.0,21.0,4.0,6.5,9.6,4.3,14.4,13.7
01-JUN-1963,1.9,28.2,27.5,18.5,4.6,4.3,8.4,8.3,14.2,11.4
01-JUL-1963,2.0,30.9,33.1,17.4,4.9,3.5,7.8,10.1,13.8,10.4
01-AUG-1963,3.1,22.1,14.6,21.2,2.9,4.7,7.8,7.6,16.5,12.9
01-SEP-1963,4.3,30.0,6.4,26.1,2.3,9.9,10.5,0.6,16.2,18.0
01-OCT-1963,4.8,43.9,47.3,26.5,7.4,12.4,12.3,0.1,14.0,19.4
01-NOV-1963,5.0,51.8,71.4,27.3,8.9,14.7,14.3,0.0,12.6,21.0
01-DEC-1963,5.8,40.6,51.6,29.8,7.8,15.5,14.9,0.0,14.3,22.6
01-JAN-1964,5.8,39.2,64.3,30.3,7.2,16.1,15.8,0.0,14.2,23.2
01-FEB-1964,5.3,33.7,43.1,30.2,7.0,15.8,16.6,0.0,14.4,23.0
01-MAR-1964,4.3,38.5,45.3,29.5,6.8,15.6,16.9,0.0,13.9,22.5
01-APR-1964,3.1,32.4,27.7,24.8,4.4,10.4,12.8,0.6,14.4,17.6
01-MAY-1964,2.5,23.2,7.3,22.7,2.0,7.0,10.1,3.8,15.7,14.8
01-JUN-1964,1.9,26.3,34.4,17.5,4.9,2.8,7.4,11.2,14.7,10.1
01-JUL-1964,2.2,19.5,5.8,18.5,1.3,2.2,7.1,12.9,16.3,10.3
01-AUG-1964,2.9,27.2,15.0,20.1,3.1,4.7,8.1,7.4,15.4,12.4
01-SEP-1964,3.9,34.8,27.6,23.3,4.5,8.2,9.6,2.1,15.1,15.7
01-OCT-1964,4.4,48.6,71.0,24.7,8.5,11.4,11.8,0.3,13.3,18.0
01-NOV-1964,5.2,42.0,40.9,27.0,7.0,12.8,13.0,0.1,14.2,19.9
01-DEC-1964,5.6,42.1,65.0,28.6,8.3,14.9,14.3,0.0,13.7,21.7
01-JAN-1965,5.6,42.3,51.3,29.9,7.2,16.2,15.9,0.0,13.7,23.0
01-FEB-1965,5.3,33.9,29.3,30.4,5.5,15.7,16.4,0.0,14.7,23.1
01-MAR-1965,4.3,35.1,34.6,28.5,6.2,14.2,15.2,0.0,14.3,21.3
01-APR-1965,2.9,43.9,46.1,23.8,6.7,11.3,13.0,0.2,12.5,17.5
01-MAY-1965,2.4,23.7,16.6,22.1,2.7,6.4,9.7,4.5,15.7,14.2
01-JUN-1965,1.9,22.8,19.1,17.5,2.7,2.0,7.3,13.0,15.5,9.7
01-JUL-1965,2.2,25.3,19.8,19.0,3.9,4.0,7.9,9.1,15.0,11.5
01-AUG-1965,3.1,25.4,15.1,22.1,2.8,6.3,8.9,4.6,15.9,14.2
01-SEP-1965,4.0,33.5,17.8,24.4,3.7,9.2,10.1,1.0,15.2,16.8
01-OCT-1965,4.6,42.7,37.8,24.3,6.0,10.1,10.2,0.6,14.3,17.2
01-NOV-1965,5.1,45.2,58.1,26.8,7.9,13.2,13.5,0.0,13.6,20.0
01-DEC-1965,5.8,37.8,32.6,29.6,5.8,14.5,14.9,0.0,15.0,22.0
01-JAN-1966,5.5,46.5,89.3,30.8,9.7,17.5,17.7,0.0,13.3,24.1
01-FEB-1966,4.5,47.3,66.6,27.5,7.6,15.2,16.4,0.0,12.3,21.3
01-MAR-1966,4.4,32.0,17.2,28.8,4.6,14.1,15.0,0.0,14.8,21.4
01-APR-1966,3.0,37.6,19.1,24.4,4.3,10.8,12.9,0.5,13.6,17.6
01-MAY-1966,2.4,25.4,18.1,22.1,2.8,6.6,9.8,4.2,15.5,14.3
01-JUN-1966,2.0,25.3,14.0,20.0,3.2,5.1,9.2,6.7,14.9,12.5
01-JUL-1966,2.2,20.5,7.7,19.2,1.5,3.2,7.9,10.8,16.0,11.2
01-AUG-1966,3.0,25.2,15.8,21.5,2.9,5.5,8.3,5.9,16.0,13.5
01-SEP-1966,3.8,34.2,22.8,23.2,4.5,8.1,9.7,2.1,15.1,15.6
01-OCT-1966,4.8,41.7,31.9,26.4,5.5,11.9,11.9,0.2,14.4,19.1
01-NOV-1966,5.4,41.3,39.7,28.3,6.2,13.9,13.9,0.0,14.4,21.1
01-DEC-1966,5.7,42.0,64.0,29.9,8.1,16.2,15.8,0.0,13.7,23.0
01-JAN-1967,5.3,45.5,97.6,29.1,9.5,16.1,16.2,0.0,13.1,22.6
01-FEB-1967,4.7,49.5,85.8,28.2,8.8,16.1,16.3,0.0,12.2,22.1
01-MAR-1967,3.9,46.6,71.2,26.8,8.9,14.3,15.4,0.0,12.5,20.5
01-APR-1967,2.7,49.2,92.6,22.4,9.3,11.2,13.4,0.2,11.2,16.8
01-MAY-1967,2.2,34.4,42.5,21.1,5.9,7.5,10.5,2.9,13.6,14.3
01-JUN-1967,1.8,30.7,19.2,17.8,3.3,4.2,8.4,8.3,13.6,11.0
01-JUL-1967,2.1,23.2,14.1,17.7,2.6,2.2,7.3,13.0,15.5,9.9
01-AUG-1967,3.0,24.2,12.2,20.9,3.0,5.0,8.2,6.8,15.9,12.9
01-SEP-1967,4.1,30.1,10.0,24.4,2.4,8.3,9.7,1.9,16.2,16.3
01-OCT-1967,4.8,37.1,35.3,26.0,6.2,10.9,11.5,0.4,15.1,18.4
01-NOV-1967,5.3,44.5,53.8,27.9,7.8,14.0,13.8,0.0,13.9,20.9
01-DEC-1967,5.9,39.0,34.4,30.1,5.7,15.4,14.8,0.0,14.7,22.7
01-JAN-1968,5.9,35.8,32.4,30.9,5.4,15.9,15.9,0.0,15.0,23.4
01-FEB-1968,5.3,31.3,28.3,29.6,4.5,14.5,15.5,0.0,15.0,22.0
01-MAR-1968,3.8,48.9,80.8,26.5,9.2,14.4,15.4,0.0,12.1,20.4
01-APR-1968,2.8,41.7,43.3,22.8,6.3,10.1,12.3,0.7,12.7,16.4
01-MAY-1968,2.1,39.1,34.3,20.2,5.4,7.6,10.5,2.9,12.7,13.9
01-JUN-1968,1.8,28.9,18.1,16.3,2.9,2.2,7.2,12.3,14.1,9.3
01-JUL-1968,2.2,22.8,9.6,19.1,1.8,3.6,8.0,10.1,15.6,11.3
01-AUG-1968,2.8,27.8,18.0,20.4,3.3,5.1,8.6,7.0,15.2,12.7
01-SEP-1968,4.0,31.5,20.9,23.9,3.5,7.9,9.5,2.3,16.0,15.9
01-OCT-1968,4.7,39.0,31.4,25.7,6.4,10.8,11.4,0.5,14.9,18.2
01-NOV-1968,5.3,40.9,45.3,27.3,6.5,12.9,12.7,0.1,14.4,20.1
01-DEC-1968,5.7,40.6,52.5,29.6,7.3,15.5,15.3,0.0,14.1,22.5
01-JAN-1969,6.0,34.9,35.2,31.7,5.5,16.6,16.7,0.0,15.1,24.1
01-FEB-1969,5.1,41.4,62.8,30.6,8.5,17.2,18.1,0.0,13.4,23.9
01-MAR-1969,3.9,48.0,86.1,27.2,9.4,15.3,16.6,0.0,11.9,21.2
01-APR-1969,2.9,39.7,47.1,23.8,6.9,10.8,13.2,0.4,13.0,17.3
01-MAY-1969,2.2,33.8,32.0,21.0,4.3,7.0,10.2,3.4,14.0,14.0
01-JUN-1969,1.9,27.3,9.1,18.9,2.2,4.4,8.6,7.9,14.4,11.6
01-JUL-1969,2.3,21.2,8.0,20.0,1.8,4.0,8.2,9.0,16.0,12.0
01-AUG-1969,3.1,22.9,8.8,21.8,2.2,5.7,8.6,5.7,16.1,13.7
01-SEP-1969,3.9,32.9,21.4,23.2,3.7,7.7,9.3,2.6,15.5,15.4
01-OCT-1969,4.4,48.4,66.8,24.6,8.5,11.4,11.8,0.2,13.2,18.0
01-NOV-1969,5.4,40.0,37.6,28.0,6.2,13.3,13.4,0.0,14.7,20.6
01-DEC-1969,5.8,40.1,52.8,29.6,6.5,15.4,14.9,0.0,14.2,22.5
01-JAN-1970,5.8,39.3,36.9,31.1,6.1,16.7,16.7,0.0,14.5,23.9
01-FEB-1970,5.1,40.8,49.5,29.7,7.0,16.1,16.4,0.0,13.7,22.9
01-MAR-1970,4.5,30.3,18.9,29.4,4.2,14.2,15.4,0.0,15.2,21.8
01-APR-1970,3.3,31.4,17.2,26.0,4.0,11.3,13.1,0.3,14.8,18.6
01-MAY-1970,2.4,32.5,23.2,21.9,4.4,7.9,10.3,2.4,14.0,14.8
01-JUN-1970,1.9,28.9,24.6,18.5,4.1,4.5,8.6,7.8,14.0,11.4
01-JUL-1970,2.1,22.9,15.2,18.7,3.2,3.2,7.9,10.9,15.6,10.9
01-AUG-1970,2.9,24.7,39.3,20.7,4.9,4.8,8.5,7.6,15.9,12.8
01-SEP-1970,4.0,32.1,23.2,24.0,3.7,8.3,9.9,2.1,15.7,16.1
01-OCT-1970,4.7,44.0,45.7,25.7,7.4,11.6,11.6,0.2,14.1,18.6
01-NOV-1970,5.3,40.3,41.0,27.8,6.2,13.2,13.7,0.1,14.6,20.5
01-DEC-1970,5.5,42.9,78.9,28.4,9.5,14.7,14.9,0.0,13.8,21.5
01-JAN-1971,5.3,46.8,82.5,29.0,8.7,16.2,16.2,0.0,12.8,22.6
01-FEB-1971,4.7,48.1,56.0,28.3,8.2,15.9,16.0,0.0,12.5,22.1
01-MAR-1971,4.3,37.7,51.6,28.7,7.4,14.8,16.0,0.0,13.9,21.7
01-APR-1971,3.1,35.9,52.6,25.0,6.9,11.3,13.7,0.3,13.7,18.1
01-MAY-1971,2.3,34.0,37.7,21.0,5.3,7.1,10.1,3.3,13.9,14.0
01-JUN-1971,2.0,27.1,10.1,19.0,2.6,4.6,8.5,7.4,14.5,11.8
01-JUL-1971,2.1,27.4,32.6,18.7,4.7,4.1,8.1,8.5,14.6,11.4
01-AUG-1971,2.9,26.0,29.3,20.1,4.1,4.3,7.9,8.4,15.8,12.2
01-SEP-1971,3.9,33.6,13.0,23.7,2.5,8.2,10.0,2.4,15.5,15.9
01-OCT-1971,4.6,43.9,49.2,25.1,7.2,10.8,11.2,0.4,14.3,17.9
01-NOV-1971,5.1,44.3,53.7,26.7,6.9,12.8,12.7,0.1,13.9,19.7
01-DEC-1971,5.6,43.4,57.9,28.7,7.7,14.9,14.5,0.0,13.9,21.8
01-JAN-1972,5.2,51.1,115.6,29.0,11.1,16.7,16.3,0.0,12.3,22.8
01-FEB-1972,4.8,46.0,78.5,28.4,7.9,15.5,15.7,0.0,13.0,21.9
01-MAR-1972,3.7,51.6,87.4,26.6,9.3,14.8,16.0,0.0,11.8,20.7
01-APR-1972,3.0,40.6,27.8,25.0,5.1,11.4,13.5,0.3,13.5,18.2
01-MAY-1972,2.4,28.7,23.7,21.4,3.4,6.5,9.7,4.5,14.9,13.9
01-JUN-1972,2.0,23.9,12.2,18.9,2.7,3.6,7.9,9.6,15.3,11.3
01-JUL-1972,2.3,18.9,7.1,19.9,1.6,3.3,7.6,10.6,16.6,11.6
01-AUG-1972,3.0,21.2,9.6,21.1,2.3,4.3,7.9,8.5,16.8,12.7
01-SEP-1972,4.1,30.0,11.4,24.7,3.1,8.1,9.5,2.0,16.6,16.4
01-OCT-1972,5.0,38.2,29.3,27.2,5.4,12.1,12.2,0.2,15.1,19.6
01-NOV-1972,5.5,42.2,47.2,28.7,6.7,14.2,13.6,0.0,14.4,21.4
01-DEC-1972,6.0,37.9,29.1,30.9,5.5,15.6,15.7,0.0,15.3,23.2
01-JAN-1973,5.9,36.9,38.1,31.4,5.7,16.4,16.7,0.0,15.0,23.9
01-FEB-1973,4.9,45.5,75.4,29.1,8.3,16.2,16.7,0.0,12.9,22.6
01-MAR-1973,4.1,43.1,57.6,28.8,8.2,15.8,17.3,0.0,13.0,22.3
01-APR-1973,3.0,43.6,49.9,24.2,6.8,11.7,13.4,0.2,12.5,18.0
01-MAY-1973,2.3,28.9,10.7,21.4,2.4,6.7,10.0,4.2,14.7,14.0
01-JUN-1973,2.1,20.6,3.8,20.6,1.2,4.6,8.9,7.8,16.1,12.6
01-JUL-1973,2.2,22.5,17.7,19.5,3.4,4.0,8.1,8.9,15.5,11.8
01-AUG-1973,2.9,28.5,25.0,20.3,3.9,5.0,8.1,6.9,15.3,12.6
01-SEP-1973,3.8,33.1,45.0,23.1,5.1,7.4,9.6,3.2,15.7,15.2
01-OCT-1973,4.7,42.1,35.5,26.0,6.8,11.6,11.8,0.3,14.4,18.8
01-NOV-1973,5.2,46.1,56.3,27.0,7.8,13.4,13.1,0.0,13.6,20.2
01-DEC-1973,5.3,47.5,88.3,27.6,10.1,15.1,14.6,0.0,12.5,21.3
01-JAN-1974,5.0,55.8,136.8,28.6,12.0,16.9,16.6,0.0,11.6,22.7
01-FEB-1974,4.4,58.7,105.3,27.9,10.8,17.0,17.2,0.0,10.8,22.4
01-MAR-1974,3.7,53.6,92.6,26.5,9.8,14.7,15.7,0.0,11.7,20.6
01-APR-1974,2.8,48.1,45.7,23.7,6.4,11.5,13.3,0.2,12.1,17.6
01-MAY-1974,2.3,34.1,35.3,20.9,4.9,7.1,10.0,3.4,13.8,14.0
01-JUN-1974,2.0,26.3,18.7,19.2,3.1,4.3,8.3,8.2,14.9,11.7
01-JUL-1974,2.2,22.6,10.9,19.3,1.9,3.4,8.0,10.3,15.9,11.3
01-AUG-1974,2.8,30.5,44.3,19.5,5.3,4.8,8.2,7.5,14.7,12.1
01-SEP-1974,3.9,33.0,16.0,23.0,3.3,7.4,9.1,2.6,15.6,15.2
01-OCT-1974,4.8,36.0,23.5,26.0,4.7,10.6,11.5,0.6,15.4,18.3
01-NOV-1974,5.0,49.8,80.6,26.8,9.3,13.8,13.7,0.0,13.0,20.3
01-DEC-1974,5.6,41.9,59.7,28.9,7.6,14.8,14.6,0.0,14.0,21.8
01-JAN-1975,5.5,42.3,87.8,29.4,9.9,15.7,15.6,0.0,13.7,22.6
01-FEB-1975,4.6,49.9,85.6,28.2,8.8,16.1,16.5,0.0,12.0,22.1
01-MAR-1975,3.7,49.2,71.6,25.9,8.6,13.9,15.2,0.0,12.0,19.8
01-APR-1975,3.0,37.8,42.1,24.3,6.0,10.5,12.7,0.5,13.8,17.4
01-MAY-1975,2.4,27.7,24.9,21.8,4.7,6.7,10.3,4.4,15.1,14.2
01-JUN-1975,2.1,22.4,16.6,20.0,3.5,4.2,8.4,8.3,15.8,12.1
01-JUL-1975,2.2,23.3,16.0,19.0,3.2,3.3,7.6,10.3,15.6,11.1
01-AUG-1975,3.0,23.6,13.5,20.9,2.6,4.5,8.0,8.0,16.3,12.7
01-SEP-1975,4.0,37.7,38.1,24.5,4.5,9.9,10.5,0.7,14.6,17.2
01-OCT-1975,4.7,37.5,19.5,25.3,4.5,10.1,10.9,0.8,15.2,17.7
01-NOV-1975,5.1,46.2,61.5,27.2,8.0,13.1,13.2,0.1,14.2,20.1
01-DEC-1975,5.2,47.0,119.4,27.2,11.2,14.5,14.2,0.0,12.7,20.8
01-JAN-1976,4.9,59.1,124.6,27.9,11.1,16.3,15.8,0.0,11.6,22.0
01-FEB-1976,4.5,52.1,112.2,27.7,11.3,15.9,16.1,0.0,11.8,21.7
01-MAR-1976,3.6,54.1,121.9,26.1,11.2,14.8,15.9,0.0,11.3,20.4
01-APR-1976,3.0,41.4,46.8,24.2,6.7,11.1,12.9,0.3,13.2,17.6
01-MAY-1976,2.2,36.3,37.3,20.9,5.4,7.6,10.3,2.8,13.3,14.2
01-JUN-1976,1.9,28.1,18.9,18.4,2.9,4.1,8.4,8.6,14.3,11.2
01-JUL-1976,2.2,22.2,15.9,19.0,3.1,3.0,7.6,11.1,16.0,11.0
01-AUG-1976,3.0,23.1,7.6,20.7,1.9,3.9,7.6,9.2,16.9,12.3
01-SEP-1976,4.0,33.6,25.9,24.3,4.5,8.8,9.9,1.3,15.4,16.5
01-OCT-1976,4.3,50.5,74.4,24.2,9.1,11.3,11.4,0.2,12.9,17.7
01-NOV-1976,5.1,40.6,54.0,26.4,7.6,11.7,12.7,0.2,14.7,19.0
01-DEC-1976,5.6,42.3,54.9,29.1,8.1,14.7,14.4,0.0,14.3,21.9
01-JAN-1977,5.5,44.4,72.7,30.3,8.2,16.2,16.4,0.0,14.1,23.2
01-FEB-1977,4.6,53.8,96.5,28.9,10.2,17.4,17.5,0.0,11.5,23.1
01-MAR-1977,3.8,47.2,77.3,26.3,8.9,13.9,15.2,0.0,12.4,20.1
01-APR-1977,3.2,39.3,40.9,25.5,6.6,12.1,13.5,0.1,13.5,18.8
01-MAY-1977,2.3,28.9,36.2,20.9,5.1,6.0,9.4,5.3,14.9,13.4
01-JUN-1977,2.1,20.5,13.7,20.0,2.5,3.7,8.0,9.6,16.2,11.8
01-JUL-1977,2.3,15.8,10.1,19.8,1.6,2.6,7.5,12.1,17.1,11.2
01-AUG-1977,3.0,24.6,17.9,21.0,3.4,5.0,8.4,6.9,16.0,13.0
01-SEP-1977,3.8,38.0,49.1,23.5,6.7,9.0,10.4,1.3,14.5,16.2
01-OCT-1977,4.8,41.4,36.3,26.3,6.3,11.7,11.9,0.3,14.6,19.0
01-NOV-1977,5.5,41.5,55.1,28.5,7.8,13.8,13.6,0.0,14.7,21.2
01-DEC-1977,5.7,44.5,75.3,29.7,8.8,16.1,15.5,0.0,13.6,22.9
01-JAN-1978,5.2,50.4,100.9,29.0,9.8,16.4,16.3,0.0,12.6,22.6
01-FEB-1978,4.8,47.3,64.6,29.0,7.6,16.2,16.7,0.0,12.8,22.5
01-MAR-1978,4.1,44.1,73.8,28.3,8.6,15.4,16.4,0.0,12.8,21.8
01-APR-1978,2.9,42.2,53.6,23.5,6.5,10.5,12.6,0.5,13.0,17.0
01-MAY-1978,2.5,24.1,8.7,22.2,1.8,6.2,9.7,4.8,16.0,14.2
01-JUN-1978,2.1,17.7,8.1,19.5,2.0,2.3,7.5,12.3,17.1,10.9
01-JUL-1978,2.3,21.3,6.8,20.5,1.3,4.2,8.1,8.5,16.3,12.3
01-AUG-1978,3.0,26.4,19.7,21.9,3.9,5.9,9.1,6.2,16.0,13.9
01-SEP-1978,3.8,34.9,28.2,22.8,4.4,7.9,9.7,2.4,14.9,15.3
01-OCT-1978,4.6,39.0,47.3,24.8,6.7,9.7,10.9,1.1,15.1,17.2
01-NOV-1978,5.5,41.5,44.6,28.5,6.8,13.9,13.5,0.0,14.7,21.2
01-DEC-1978,5.6,44.2,62.3,29.2,8.3,15.3,14.6,0.0,13.9,22.2
01-JAN-1979,5.5,45.9,54.9,29.6,7.6,15.6,15.3,0.0,14.0,22.6
01-FEB-1979,5.0,46.1,53.9,30.1,7.5,16.9,17.2,0.0,13.3,23.5
01-MAR-1979,4.3,35.0,33.7,28.5,5.6,13.8,15.1,0.0,14.7,21.1
01-APR-1979,3.4,32.8,24.3,27.0,4.4,12.0,13.5,0.1,15.0,19.5
01-MAY-1979,2.4,30.6,28.1,22.4,4.6,7.8,10.5,2.6,14.5,15.1
01-JUN-1979,2.0,25.4,11.1,19.3,2.5,4.5,8.7,7.7,14.8,11.9
01-JUL-1979,2.1,29.3,33.6,18.1,4.8,3.8,7.9,9.3,14.2,10.9
01-AUG-1979,2.8,35.6,42.0,20.6,5.6,6.8,9.1,3.8,13.9,13.7
01-SEP-1979,3.8,35.9,19.7,22.9,3.7,8.3,9.8,2.0,14.7,15.6
01-OCT-1979,4.7,42.6,47.6,25.8,7.3,11.3,11.9,0.4,14.5,18.5
01-NOV-1979,5.4,44.2,49.5,28.0,7.2,13.7,13.4,0.0,14.3,20.8
01-DEC-1979,5.8,41.7,42.4,29.9,6.5,15.5,14.9,0.0,14.3,22.7
01-JAN-1980,5.6,42.6,62.9,29.8,7.5,15.8,15.5,0.0,14.1,22.8
01-FEB-1980,4.9,46.9,76.1,29.4,8.5,16.2,16.8,0.0,13.1,22.8
01-MAR-1980,4.2,43.1,43.1,28.3,6.7,15.2,16.0,0.0,13.2,21.7
01-APR-1980,3.3,27.1,17.7,25.7,3.8,10.2,12.3,0.6,15.5,18.0
01-MAY-1980,2.5,21.4,10.8,22.8,2.2,6.4,9.8,4.5,16.4,14.6
01-JUN-1980,2.1,22.0,11.0,19.4,2.2,3.6,7.9,9.5,15.8,11.5
01-JUL-1980,2.4,16.4,4.6,20.3,1.3,3.1,7.6,10.9,17.2,11.7
01-AUG-1980,3.0,29.3,20.8,21.6,3.9,6.6,8.9,4.0,15.0,14.0
01-SEP-1980,3.7,39.0,47.8,22.4,6.5,8.5,9.8,1.7,14.0,15.4
01-OCT-1980,5.1,34.1,19.4,27.0,4.0,11.1,11.3,0.4,15.9,19.0
01-NOV-1980,5.0,49.0,89.9,26.5,9.6,13.1,13.3,0.1,13.4,19.8
01-DEC-1980,5.7,42.4,54.4,29.3,7.3,15.3,14.9,0.0,14.0,22.3
01-JAN-1981,5.3,47.4,106.0,29.6,10.5,16.3,16.4,0.0,13.3,22.9
01-FEB-1981,4.6,52.7,82.3,28.4,9.3,16.5,16.8,0.0,12.0,22.4
01-MAR-1981,3.9,43.2,67.6,26.7,8.7,13.6,14.9,0.0,13.1,20.1
01-APR-1981,3.3,30.8,21.9,25.9,4.5,11.0,12.9,0.4,14.9,18.4
01-MAY-1981,2.3,34.7,33.1,21.9,4.3,8.0,10.4,2.3,13.9,14.9
01-JUN-1981,2.0,23.1,15.0,18.8,2.7,3.1,7.7,10.4,15.7,10.9
01-JUL-1981,2.2,20.9,11.8,19.5,2.2,3.5,7.9,10.1,16.1,11.5
01-AUG-1981,2.6,36.0,53.3,18.6,6.6,5.0,8.2,6.7,13.6,11.8
01-SEP-1981,3.7,32.9,22.8,22.2,3.8,7.2,9.0,3.2,15.0,14.6
01-OCT-1981,4.5,42.1,40.6,24.3,7.1,9.8,10.4,0.8,14.4,17.0
01-NOV-1981,5.5,42.3,52.7,28.6,7.2,13.8,13.9,0.0,14.8,21.2
01-DEC-1981,5.6,44.4,58.5,28.9,8.2,15.0,14.7,0.0,13.9,22.0
01-JAN-1982,5.6,42.1,51.8,30.2,6.9,15.9,15.8,0.0,14.2,23.0
01-FEB-1982,5.1,41.0,35.8,30.3,6.1,16.2,16.9,0.0,14.1,23.2
01-MAR-1982,4.1,39.8,47.7,27.9,6.8,14.3,15.5,0.0,13.6,21.1
01-APR-1982,2.7,47.8,63.0,22.7,8.0,10.7,12.8,0.4,12.1,16.7
01-MAY-1982,2.5,24.0,7.3,22.7,1.6,6.9,10.0,3.9,15.8,14.8
01-JUN-1982,2.0,23.8,17.7,19.4,3.2,3.9,8.1,8.8,15.5,11.7
01-JUL-1982,2.1,27.4,23.3,19.0,4.2,4.4,8.4,8.3,14.7,11.7
01-AUG-1982,3.1,22.1,7.3,21.9,1.8,5.2,8.4,6.6,16.7,13.5
01-SEP-1982,4.1,35.8,17.6,25.2,4.1,10.1,10.4,0.5,15.0,17.6
01-OCT-1982,4.7,45.7,61.4,25.7,8.6,12.0,11.7,0.1,13.7,18.8
01-NOV-1982,5.3,42.9,35.7,27.4,6.1,13.0,13.1,0.1,14.5,20.2
01-DEC-1982,5.8,39.5,38.0,30.1,6.4,15.1,15.1,0.0,15.0,22.6
01-JAN-1983,5.9,41.5,40.0,32.1,6.4,17.3,17.4,0.0,14.8,24.7
01-FEB-1983,5.3,33.3,26.8,30.6,5.4,15.6,16.7,0.0,15.0,23.1
01-MAR-1983,4.3,35.8,39.1,29.3,6.6,14.7,16.3,0.0,14.6,21.9
01-APR-1983,3.4,34.3,21.8,27.3,4.4,12.7,14.5,0.1,14.5,20.0
01-MAY-1983,2.3,32.5,31.9,21.9,5.1,7.8,10.9,2.7,14.1,14.8
01-JUN-1983,2.0,28.2,23.9,19.6,4.2,5.1,9.0,6.6,14.4,12.3
01-JUL-1983,2.2,27.9,35.1,19.3,4.6,4.6,8.5,7.7,14.7,11.9
01-AUG-1983,3.0,24.3,11.8,20.9,2.1,4.8,8.0,7.3,16.2,12.8
01-SEP-1983,4.1,32.2,21.5,24.7,4.5,9.2,10.1,1.1,15.5,16.9
01-OCT-1983,4.6,46.5,41.7,25.7,6.6,12.1,12.0,0.1,13.6,18.9
01-NOV-1983,5.1,50.1,83.3,27.5,9.5,14.2,14.1,0.0,13.3,20.8
01-DEC-1983,5.5,47.7,68.4,29.2,8.5,16.2,15.5,0.0,13.0,22.7
01-JAN-1984,5.8,40.6,66.1,30.9,6.7,16.6,16.3,0.0,14.3,23.7
01-FEB-1984,5.4,37.3,28.9,31.2,5.3,16.7,17.2,0.0,14.5,24.0
01-MAR-1984,4.0,46.3,65.5,28.6,8.3,15.8,17.0,0.0,12.8,22.2
01-APR-1984,3.2,32.1,27.9,25.4,5.0,10.9,13.0,0.4,14.5,18.2
01-MAY-1984,2.4,31.1,24.1,21.8,4.1,7.4,10.3,3.1,14.4,14.6
01-JUN-1984,2.0,25.0,16.1,19.5,3.1,4.5,8.5,7.8,15.1,12.0
01-JUL-1984,2.2,25.6,21.5,19.4,2.8,4.3,8.4,8.6,15.1,11.8
01-AUG-1984,3.0,26.0,18.2,21.8,3.2,5.9,8.7,5.4,15.9,13.8
01-SEP-1984,4.0,33.8,17.4,24.8,3.3,9.1,10.3,1.3,15.7,16.9
01-OCT-1984,4.6,45.9,58.8,25.8,7.8,12.0,12.4,0.2,13.7,18.9
01-NOV-1984,5.4,43.7,49.0,27.8,7.0,13.7,13.2,0.0,14.1,20.7
01-DEC-1984,5.8,40.0,34.2,29.4,5.9,14.9,14.7,0.0,14.5,22.1
01-JAN-1985,5.5,49.3,73.6,30.6,9.8,17.5,17.0,0.0,13.0,24.0
01-FEB-1985,4.7,52.7,98.8,29.1,10.0,17.1,17.4,0.0,12.0,23.1
01-MAR-1985,4.1,39.9,43.0,27.7,7.1,14.0,15.4,0.0,13.7,20.8
01-APR-1985,3.3,33.0,16.0,25.6,3.7,10.9,12.6,0.4,14.7,18.3
01-MAY-1985,2.4,25.8,14.1,22.5,3.1,7.1,10.3,3.7,15.4,14.8
01-JUN-1985,2.2,20.1,14.2,20.6,2.6,4.2,8.3,8.5,16.3,12.4
01-JUL-1985,2.3,20.9,12.0,19.6,2.2,3.5,7.9,10.2,16.1,11.5
01-AUG-1985,3.2,20.7,6.2,23.2,1.8,6.4,9.0,4.3,16.7,14.8
01-SEP-1985,3.9,36.2,20.1,24.1,3.9,9.3,10.3,1.0,14.8,16.7
01-OCT-1985,4.8,45.6,77.0,27.0,9.2,13.1,12.6,0.0,13.9,20.0
01-NOV-1985,5.5,47.3,57.7,28.8,8.0,15.2,14.1,0.0,13.6,22.0
01-DEC-1985,5.3,49.5,93.3,28.2,10.6,15.4,15.0,0.0,12.8,21.8
01-JAN-1986,5.6,46.0,64.5,30.4,8.1,16.8,16.4,0.0,13.7,23.6
01-FEB-1986,5.1,41.9,41.2,29.6,6.3,15.7,16.1,0.0,13.9,22.6
01-MAR-1986,4.1,40.9,46.4,28.3,7.2,14.5,15.8,0.0,13.8,21.3
01-APR-1986,3.2,38.0,37.4,25.9,5.6,12.1,14.1,0.1,13.8,19.0
01-MAY-1986,2.6,21.0,3.8,24.1,1.0,7.8,10.5,2.6,16.3,15.9
01-JUN-1986,2.0,27.7,24.3,19.6,4.4,5.1,8.6,6.6,14.5,12.3
01-JUL-1986,2.3,22.0,9.1,19.8,1.8,3.9,8.0,9.3,15.9,11.8
01-AUG-1986,3.0,28.8,28.6,22.0,4.0,6.6,9.1,4.0,15.3,14.3
01-SEP-1986,4.0,35.2,20.1,24.1,3.7,9.2,10.1,1.0,14.9,16.6
01-OCT-1986,4.5,48.2,64.2,25.4,8.7,12.0,11.9,0.1,13.4,18.7
01-NOV-1986,5.1,47.4,58.3,26.9,8.2,13.3,13.0,0.0,13.6,20.1
01-DEC-1986,5.9,40.8,50.2,30.3,6.7,16.0,15.4,0.0,14.3,23.1
01-JAN-1987,5.8,39.1,42.1,30.7,6.0,16.3,16.2,0.0,14.4,23.5
01-FEB-1987,5.1,44.8,52.8,30.9,7.5,17.4,18.3,0.0,13.4,24.1
01-MAR-1987,4.2,39.0,53.7,28.8,7.4,15.3,16.5,0.0,13.5,22.0
01-APR-1987,3.3,29.8,29.6,26.6,5.7,12.2,14.4,0.2,14.4,19.4
01-MAY-1987,2.7,20.0,11.8,24.8,2.5,8.6,11.2,2.0,16.2,16.7
01-JUN-1987,2.0,21.7,15.7,19.2,2.7,4.0,8.2,8.8,15.2,11.6
01-JUL-1987,2.2,18.7,14.7,19.3,2.7,3.6,7.8,10.0,15.7,11.4
01-AUG-1987,3.0,25.7,27.5,20.9,4.2,5.8,8.5,5.5,15.1,13.3
01-SEP-1987,3.5,43.2,90.6,21.9,9.2,9.3,10.4,1.0,12.6,15.6
01-OCT-1987,4.7,40.9,30.6,25.6,5.2,11.7,11.7,0.2,13.9,18.6
01-NOV-1987,5.2,45.3,61.5,28.1,8.2,14.4,14.6,0.0,13.7,21.2
01-DEC-1987,5.7,41.5,63.0,29.7,8.0,16.1,16.0,0.0,13.5,22.9
01-JAN-1988,5.8,41.3,40.7,31.3,6.5,16.9,16.8,0.0,14.3,24.1
01-FEB-1988,4.6,55.5,122.5,29.3,10.7,17.5,18.1,0.0,11.7,23.4
01-MAR-1988,3.9,48.9,87.3,27.7,9.9,16.0,17.4,0.0,11.7,21.8
01-APR-1988,2.9,41.0,55.3,23.6,7.3,11.2,13.6,0.3,12.4,17.4
01-MAY-1988,2.5,25.9,17.6,22.6,3.3,7.8,10.4,2.7,14.8,15.2
01-JUN-1988,1.9,25.2,19.6,18.5,3.9,3.9,8.2,8.8,14.5,11.2
01-JUL-1988,2.3,17.2,12.5,19.8,2.5,3.4,7.8,10.5,16.4,11.6
01-AUG-1988,3.2,22.8,14.9,22.6,2.6,6.5,8.8,4.4,16.1,14.5
01-SEP-1988,3.9,29.5,39.8,23.4,6.3,8.5,9.8,1.7,15.0,15.9
01-OCT-1988,4.5,43.2,59.2,24.5,7.7,10.8,11.3,0.5,13.7,17.6
01-NOV-1988,5.3,42.6,43.2,27.2,6.8,13.5,13.0,0.0,13.8,20.3
01-DEC-1988,5.3,47.1,92.8,27.8,10.5,15.1,14.5,0.0,12.7,21.4
01-JAN-1989,5.4,48.2,59.9,29.5,7.8,16.6,16.2,0.0,12.9,23.0
01-FEB-1989,4.3,56.7,110.2,27.3,11.0,16.1,16.7,0.0,11.2,21.7
01-MAR-1989,4.3,34.0,41.1,28.0,6.7,14.3,15.5,0.0,13.7,21.2
01-APR-1989,3.0,41.3,57.8,24.2,7.8,11.5,13.3,0.2,12.7,17.8
01-MAY-1989,2.4,29.0,16.9,22.2,3.5,8.1,11.0,2.2,14.2,15.1
01-JUN-1989,1.9,25.2,20.9,18.9,3.9,4.2,8.9,8.8,14.7,11.5
01-JUL-1989,2.2,19.4,13.5,19.1,2.8,3.3,7.9,10.6,15.8,11.2
01-AUG-1989,3.2,21.3,10.4,22.7,2.3,6.3,9.3,4.9,16.4,14.5
01-SEP-1989,4.0,31.4,15.5,23.9,3.1,7.8,9.5,2.5,16.1,15.8
01-OCT-1989,4.7,37.6,44.3,25.3,6.1,10.3,11.1,0.7,15.1,17.8
01-NOV-1989,5.2,43.4,93.8,27.0,9.6,13.4,13.2,0.0,13.6,20.2
01-DEC-1989,6.0,33.6,51.4,29.7,6.4,15.4,14.9,0.0,14.3,22.5
01-JAN-1990,5.7,43.0,51.4,30.5,7.2,16.5,16.3,0.0,14.0,23.5
01-FEB-1990,4.9,43.3,58.8,28.9,7.9,15.6,15.8,0.0,13.3,22.2
01-MAR-1990,4.1,41.5,64.8,27.9,8.6,14.7,16.2,0.0,13.2,21.3
01-APR-1990,3.0,37.6,58.8,24.6,7.9,12.0,14.2,0.2,12.7,18.3
01-MAY-1990,2.4,25.1,12.2,22.0,2.8,7.1,10.5,3.5,14.9,14.5
01-JUN-1990,2.0,23.0,19.4,19.1,3.7,3.7,8.4,9.5,15.4,11.3
01-JUL-1990,2.2,21.8,10.1,19.4,2.1,3.7,8.3,9.9,15.7,11.6
01-AUG-1990,3.0,25.4,14.0,21.2,2.6,5.6,8.4,5.7,15.6,13.4
01-SEP-1990,4.1,27.7,8.7,24.6,2.3,8.5,9.7,1.6,16.1,16.5
01-OCT-1990,4.8,37.9,27.3,26.4,4.6,11.3,11.8,0.4,15.1,18.8
01-NOV-1990,5.6,37.9,23.4,28.8,5.0,13.5,13.8,0.1,15.3,21.1
01-DEC-1990,5.6,42.1,58.9,29.3,8.0,15.7,15.4,0.0,13.6,22.5
01-JAN-1991,5.2,51.8,116.8,29.7,11.1,16.9,16.8,0.0,12.9,23.3
01-FEB-1991,4.9,43.9,63.1,29.2,7.5,16.3,16.9,0.0,12.9,22.7
01-MAR-1991,3.9,46.2,79.4,27.3,9.1,14.8,16.0,0.0,12.6,21.0
01-APR-1991,3.5,23.1,6.2,26.5,1.9,11.0,12.7,0.4,15.5,18.7
01-MAY-1991,2.6,20.9,12.5,23.5,2.5,7.5,10.5,3.2,16.0,15.5
01-JUN-1991,1.9,29.7,25.2,18.6,4.4,4.6,8.8,7.7,14.0,11.6
01-JUL-1991,2.3,19.7,14.3,19.5,2.3,3.8,7.9,9.7,15.7,11.6
01-AUG-1991,3.0,22.0,6.5,21.0,1.6,4.8,8.3,7.7,16.2,12.9
01-SEP-1991,3.8,35.8,29.2,23.7,5.4,9.1,10.4,1.4,14.7,16.4
01-OCT-1991,4.5,49.1,73.1,25.4,9.4,12.4,12.4,0.1,13.0,18.9
01-NOV-1991,5.4,42.7,38.3,28.1,6.5,13.8,13.8,0.0,14.2,20.9
01-DEC-1991,5.7,42.7,57.8,29.1,8.1,15.3,14.8,0.0,13.8,22.2
01-JAN-1992,6.0,37.1,30.6,31.9,5.1,16.8,16.8,0.0,15.1,24.3
01-FEB-1992,5.5,33.1,39.4,31.6,5.9,16.9,17.4,0.0,14.7,24.2
01-MAR-1992,4.5,33.8,37.6,29.5,6.7,15.1,16.3,0.0,14.5,22.3
01-APR-1992,3.4,30.4,16.7,26.8,3.6,12.2,14.3,0.1,14.6,19.5
01-MAY-1992,2.6,21.0,6.4,23.3,1.5,6.6,10.1,4.4,16.6,14.9
01-JUN-1992,2.1,20.8,14.4,19.8,2.7,4.0,8.5,8.9,15.8,11.9
01-JUL-1992,2.3,20.7,12.0,20.1,2.6,4.0,8.2,9.1,16.1,12.1
01-AUG-1992,2.8,30.7,24.2,20.1,3.9,5.7,8.4,5.5,14.4,12.9
01-SEP-1992,4.1,34.7,9.5,25.5,2.3,9.7,10.6,1.3,15.8,17.6
01-OCT-1992,4.8,39.8,39.8,26.4,7.3,11.7,12.0,0.3,14.7,19.0
01-NOV-1992,5.3,42.4,53.7,27.4,7.5,13.4,13.4,0.0,14.1,20.4
01-DEC-1992,5.9,38.2,48.9,30.2,5.6,15.8,15.5,0.0,14.4,22.9
01-JAN-1993,5.8,41.4,44.8,31.5,6.7,17.1,16.8,0.0,14.4,24.2
01-FEB-1993,4.7,49.6,63.1,28.9,7.8,16.2,16.9,0.0,12.7,22.5
01-MAR-1993,4.2,41.7,43.1,28.4,6.4,15.2,16.3,0.0,13.3,21.8
01-APR-1993,3.1,37.0,39.6,24.7,6.1,11.2,13.1,0.3,13.5,18.0
01-MAY-1993,2.5,27.4,17.2,22.8,3.6,7.8,10.5,2.9,15.0,15.3
01-JUN-1993,2.0,21.5,14.2,19.7,2.7,4.2,8.5,8.5,15.5,11.9
01-JUL-1993,2.3,25.8,13.0,20.7,2.2,5.7,8.7,5.9,14.9,13.2
01-AUG-1993,3.0,26.3,15.1,21.5,3.7,6.2,8.9,4.7,15.3,13.8
01-SEP-1993,4.3,27.3,25.6,26.1,3.4,9.5,10.5,1.0,16.6,17.8
01-OCT-1993,4.6,47.3,63.3,26.0,8.0,12.9,12.9,0.1,13.1,19.5
01-NOV-1993,5.2,44.2,54.6,27.4,7.6,14.1,13.9,0.0,13.3,20.7
01-DEC-1993,5.6,43.8,80.8,29.3,9.1,16.1,15.8,0.0,13.2,22.7
01-JAN-1994,5.1,53.2,77.5,29.0,9.5,16.5,16.3,0.0,12.4,22.7
01-FEB-1994,4.7,50.9,72.9,28.5,8.8,16.3,16.7,0.0,12.2,22.4
01-MAR-1994,4.2,38.7,58.8,28.2,7.8,14.6,15.8,0.0,13.6,21.4
01-APR-1994,3.3,32.6,20.1,25.9,4.3,11.6,13.4,0.3,14.3,18.7
01-MAY-1994,2.5,21.4,5.7,22.9,1.6,6.7,10.0,4.2,16.3,14.8
01-JUN-1994,1.9,24.5,18.3,18.3,2.7,3.4,8.0,10.0,14.9,10.9
01-JUL-1994,2.2,15.1,16.6,18.8,3.1,2.2,7.3,12.9,16.6,10.5
01-AUG-1994,3.0,22.0,13.1,21.0,2.5,5.2,8.3,6.6,15.9,13.1
01-SEP-1994,4.2,27.9,8.4,24.9,2.2,9.0,10.2,1.2,15.9,17.0
01-OCT-1994,4.9,36.2,31.6,25.7,5.2,10.7,11.0,0.5,15.0,18.2
01-NOV-1994,5.3,44.2,29.0,28.3,5.6,13.8,13.9,0.0,14.5,21.0
01-DEC-1994,6.0,37.0,55.9,30.3,6.9,15.6,15.2,0.0,14.7,22.9
01-JAN-1995,5.7,45.5,64.8,31.1,8.1,17.3,17.0,0.0,13.8,24.2
01-FEB-1995,5.4,39.0,36.3,31.4,6.0,17.4,17.7,0.0,13.9,24.4
01-MAR-1995,3.9,47.2,80.6,27.8,9.4,15.5,16.9,0.0,12.3,21.6
01-APR-1995,3.1,35.7,31.5,24.6,4.8,10.9,13.2,0.5,13.7,17.7
01-MAY-1995,2.3,32.4,28.9,21.6,5.2,8.3,11.0,2.1,13.3,14.9
01-JUN-1995,2.0,22.0,12.1,19.2,1.9,3.9,8.2,9.1,15.4,11.5
01-JUL-1995,2.2,18.1,9.5,18.7,1.8,3.3,7.9,10.7,15.5,11.0
01-AUG-1995,3.1,23.0,15.3,22.0,3.4,6.2,9.0,4.7,15.8,14.1
01-SEP-1995,4.1,30.1,15.8,25.1,4.0,9.7,10.7,0.9,15.5,17.4
01-OCT-1995,4.7,41.9,45.8,25.5,6.8,11.3,11.7,0.4,14.2,18.4
01-NOV-1995,5.1,46.6,74.1,27.4,8.8,14.2,14.2,0.0,13.2,20.8
01-DEC-1995,5.4,41.5,109.1,27.4,11.1,14.8,14.5,0.0,12.6,21.1
01-JAN-1996,5.2,53.5,96.5,29.7,10.1,17.3,17.1,0.0,12.4,23.5
01-FEB-1996,4.6,52.4,100.9,28.6,10.4,16.6,17.3,0.0,12.0,22.6
01-MAR-1996,4.1,38.4,43.2,27.4,6.6,13.9,15.3,0.0,13.5,20.7
01-APR-1996,3.0,35.4,32.3,24.5,5.5,11.4,13.4,0.3,13.0,17.9
01-MAY-1996,2.3,34.1,23.0,22.0,3.6,8.4,11.1,1.9,13.5,15.2
01-JUN-1996,2.0,20.8,7.9,19.9,1.5,4.5,8.7,7.8,15.4,12.2
01-JUL-1996,2.0,28.5,31.3,16.9,5.0,3.1,7.7,10.9,13.8,10.0
01-AUG-1996,2.8,25.2,19.1,19.4,4.0,4.8,8.3,7.4,14.6,12.1
01-SEP-1996,4.0,27.9,17.1,23.8,3.7,8.2,9.9,2.0,15.6,16.0
01-OCT-1996,4.7,43.3,53.4,26.0,8.2,12.0,12.2,0.2,14.1,19.0
01-NOV-1996,4.7,51.4,95.2,25.7,10.9,13.0,13.4,0.1,12.7,19.3
01-DEC-1996,5.6,40.4,73.1,28.6,8.7,15.4,15.3,0.0,13.2,22.0
01-JAN-1997,5.1,52.7,74.2,29.3,8.5,16.7,16.8,0.0,12.6,23.0
01-FEB-1997,5.0,43.3,40.5,29.9,6.1,16.1,16.9,0.0,13.8,23.0
01-MAR-1997,3.6,54.8,101.2,26.3,10.2,14.6,16.4,0.0,11.7,20.4
01-APR-1997,3.0,32.7,41.1,23.1,6.1,9.7,12.2,0.9,13.4,16.4
01-MAY-1997,2.3,31.6,41.5,20.7,6.0,6.9,9.8,3.9,13.8,13.7
01-JUN-1997,1.9,27.8,30.5,18.6,4.5,4.4,8.5,8.0,14.2,11.4
01-JUL-1997,2.2,22.8,15.2,19.1,3.1,4.4,8.3,8.3,14.7,11.7
01-AUG-1997,3.1,25.8,14.6,22.4,3.0,6.5,9.0,4.3,15.8,14.4
01-SEP-1997,4.0,34.0,21.0,24.9,3.3,10.1,11.0,0.8,14.8,17.5
01-OCT-1997,4.8,41.1,36.5,26.6,5.9,12.4,12.2,0.1,14.2,19.5
01-NOV-1997,5.3,41.7,58.1,27.6,7.2,13.4,13.5,0.0,14.2,20.4
01-DEC-1997,6.0,37.9,38.1,30.4,6.0,16.0,15.7,0.0,14.4,23.1
01-JAN-1998,5.3,48.4,82.6,29.6,8.9,16.4,16.6,0.0,13.3,23.0
01-FEB-1998,4.9,49.6,69.0,30.3,8.3,17.6,18.2,0.0,12.7,23.9
01-MAR-1998,4.2,41.9,65.1,28.6,8.1,15.4,16.7,0.0,13.2,22.0
01-APR-1998,3.5,26.1,18.5,27.1,3.5,12.2,14.1,0.1,14.9,19.7
01-MAY-1998,2.5,22.1,19.1,22.6,3.3,7.2,10.4,3.6,15.4,14.9
01-JUN-1998,2.2,15.3,3.9,21.2,1.1,3.9,8.3,9.1,17.3,12.5
01-JUL-1998,2.2,23.5,11.0,19.9,2.6,4.7,8.5,7.6,15.1,12.3
01-AUG-1998,3.0,23.0,15.1,21.5,2.9,6.2,8.9,4.8,15.4,13.8
01-SEP-1998,4.0,30.9,23.8,24.3,5.1,8.9,10.1,1.5,15.3,16.6
01-OCT-1998,4.7,41.2,42.1,26.0,6.9,11.8,12.1,0.2,14.1,18.9
01-NOV-1998,5.2,44.9,82.7,27.4,9.1,13.8,13.8,0.0,13.7,20.6
01-DEC-1998,5.6,43.5,81.9,28.8,9.7,15.7,15.3,0.0,13.1,22.3
01-JAN-1999,5.7,43.7,60.2,30.8,7.8,17.3,16.9,0.0,13.5,24.0
01-FEB-1999,5.3,40.0,46.5,31.0,6.1,17.1,17.5,0.0,13.8,24.0
01-MAR-1999,4.4,39.3,39.7,29.7,6.2,16.2,17.0,0.0,13.5,22.9
01-APR-1999,3.3,30.6,27.5,26.6,4.7,12.4,14.2,0.1,14.1,19.5
01-MAY-1999,2.3,33.2,29.7,21.9,4.8,8.3,11.1,2.1,13.6,15.1
01-JUN-1999,2.1,20.5,7.3,20.8,1.9,4.9,8.8,7.0,15.9,12.8
01-JUL-1999,2.3,24.0,13.9,20.5,2.5,5.4,8.8,6.2,15.1,12.9
01-AUG-1999,3.1,20.0,14.0,22.1,2.6,5.7,8.6,5.7,16.4,13.8
01-SEP-1999,3.9,28.5,21.1,23.3,3.6,8.1,9.7,2.0,15.2,15.6
01-OCT-1999,4.8,39.8,45.6,26.3,7.1,12.2,11.9,0.1,14.1,19.2
01-NOV-1999,5.6,41.1,43.0,29.4,6.8,14.8,14.5,0.0,14.6,22.1
01-DEC-1999,5.3,51.8,111.6,28.7,11.7,16.3,15.6,0.0,12.5,22.5
01-JAN-2000,5.1,51.7,107.8,27.9,10.7,15.9,15.3,0.0,12.0,21.9
01-FEB-2000,4.6,52.9,116.6,28.8,10.1,17.3,17.6,0.0,11.5,23.0
01-MAR-2000,3.7,52.7,109.7,27.0,11.1,16.0,17.1,0.0,11.1,21.5
01-APR-2000,3.0,36.6,42.2,23.9,6.2,11.1,13.1,0.3,12.8,17.5
01-MAY-2000,2.3,25.1,22.1,21.0,3.0,6.3,9.5,4.7,14.7,13.6
01-JUN-2000,2.1,23.3,10.4,20.3,2.6,4.9,8.7,7.3,15.4,12.5
01-JUL-2000,2.3,17.6,12.0,19.5,2.9,3.4,7.8,10.4,16.1,11.4
01-AUG-2000,3.2,20.3,6.4,22.9,1.7,6.0,8.7,5.1,16.9,14.4
01-SEP-2000,3.8,31.9,38.3,23.0,5.2,8.0,9.6,2.2,15.0,15.5
01-OCT-2000,4.9,39.6,42.8,26.6,6.8,12.0,11.9,0.2,14.6,19.3
01-NOV-2000,5.3,42.0,75.4,27.1,7.8,13.3,13.0,0.0,13.8,20.2
01-DEC-2000,5.8,38.1,65.0,29.4,7.9,15.3,14.7,0.0,14.1,22.3
01-JAN-2001,5.9,36.0,40.4,30.7,4.6,15.8,15.6,0.0,14.8,23.2
01-FEB-2001,4.9,46.4,58.1,29.7,6.9,16.3,16.7,0.0,13.4,22.9
01-MAR-2001,4.3,38.4,55.0,28.9,6.8,15.3,16.6,0.0,13.6,22.1
01-APR-2001,2.8,47.3,52.6,23.8,8.4,12.3,14.1,0.1,11.5,18.0
01-MAY-2001,2.4,25.8,22.9,22.4,3.8,7.6,10.6,2.8,14.9,15.0
01-JUN-2001,2.1,22.3,9.0,20.4,2.6,4.9,8.7,6.9,15.5,12.6
01-JUL-2001,2.1,21.2,23.1,18.7,3.8,3.7,8.0,9.7,15.0,11.2
01-AUG-2001,3.0,24.2,23.9,21.4,3.3,5.6,8.6,5.9,15.8,13.5
01-SEP-2001,3.8,32.3,44.3,22.7,5.5,8.2,9.7,1.8,14.5,15.5
01-OCT-2001,4.8,43.0,47.3,26.8,8.0,12.8,12.7,0.1,14.0,19.8
01-NOV-2001,4.8,54.1,99.3,26.7,10.6,14.4,14.2,0.0,12.3,20.5
01-DEC-2001,5.6,39.4,82.2,28.6,9.9,15.3,14.9,0.0,13.3,21.9
01-JAN-2002,5.6,39.5,66.7,29.8,8.1,15.6,15.5,0.0,14.2,22.7
01-FEB-2002,5.2,39.8,50.9,30.1,6.3,16.1,16.5,0.0,14.0,23.1
01-MAR-2002,4.4,35.5,32.0,29.3,5.3,14.8,15.9,0.0,14.5,22.0
01-APR-2002,3.4,32.7,32.6,27.1,4.8,12.0,13.8,0.2,15.1,19.5
01-MAY-2002,2.4,27.3,33.2,22.2,4.9,7.0,10.1,3.6,15.2,14.6
01-JUN-2002,1.9,26.7,16.4,18.4,3.8,4.1,8.3,8.6,14.3,11.2
01-JUL-2002,2.2,21.1,20.9,18.9,2.8,3.0,7.6,11.3,16.0,10.9
01-AUG-2002,2.9,31.8,34.2,21.2,4.9,6.6,9.0,4.3,14.7,13.9
01-SEP-2002,4.0,31.5,26.4,24.2,4.8,9.0,10.1,1.2,15.2,16.6
01-OCT-2002,5.1,34.7,23.5,27.2,5.9,11.5,11.7,0.3,15.8,19.3
01-NOV-2002,5.7,32.2,30.9,27.9,6.0,12.4,12.5,0.1,15.5,20.1
01-DEC-2002,5.6,44.5,67.0,29.5,9.0,15.9,15.4,0.0,13.7,22.7
01-JAN-2003,5.9,38.2,51.5,31.4,6.9,16.8,16.6,0.0,14.6,24.1
01-FEB-2003,5.2,44.0,47.7,30.9,7.9,17.4,17.9,0.0,13.5,24.1
01-MAR-2003,4.5,31.9,69.5,29.3,6.5,14.7,15.9,0.0,14.5,22.0
01-APR-2003,3.4,32.8,24.0,27.1,4.1,12.9,14.3,0.1,14.2,20.0
01-MAY-2003,2.5,25.8,19.8,22.6,3.2,7.5,10.4,3.0,15.1,15.0
01-JUN-2003,2.1,24.0,13.6,19.4,3.2,3.8,8.1,9.2,15.6,11.6
01-JUL-2003,2.4,14.7,4.9,20.3,1.7,3.3,7.6,10.4,17.0,11.8
01-AUG-2003,2.9,22.5,18.9,20.3,3.7,4.2,7.8,8.4,16.1,12.2
01-SEP-2003,4.0,31.8,24.6,23.9,4.4,8.6,9.9,1.6,15.2,16.2
01-OCT-2003,5.0,40.1,39.3,27.1,6.3,12.3,12.2,0.2,14.9,19.7
01-NOV-2003,5.5,42.0,37.6,28.7,6.4,14.4,14.2,0.0,14.3,21.5
01-DEC-2003,6.0,35.5,40.0,30.3,6.0,15.5,15.1,0.0,14.8,22.9
01-JAN-2004,5.5,48.7,95.5,30.6,9.8,16.9,16.9,0.0,13.7,23.7
01-FEB-2004,4.9,48.1,75.9,30.1,8.6,17.4,17.9,0.0,12.7,23.7
01-MAR-2004,4.0,46.4,59.7,27.9,8.5,14.9,16.1,0.0,12.9,21.4
01-APR-2004,3.2,32.8,37.5,25.4,5.2,12.3,14.2,0.1,13.1,18.8
01-MAY-2004,2.6,22.6,8.6,24.0,1.9,8.4,10.7,2.0,15.5,16.2
01-JUN-2004,2.1,24.3,10.9,20.2,2.6,5.2,8.9,6.5,15.0,12.7
01-JUL-2004,2.2,18.4,15.0,19.1,3.1,3.2,7.6,10.8,15.9,11.1
01-AUG-2004,3.2,23.6,13.2,22.8,2.4,6.8,9.1,4.0,16.0,14.7
01-SEP-2004,4.0,25.3,29.8,23.7,4.3,7.9,9.5,2.3,15.8,15.8
01-OCT-2004,4.9,37.4,32.4,26.9,5.8,12.2,12.3,0.1,14.7,19.5
01-NOV-2004,5.9,38.8,30.0,30.6,5.8,15.8,15.4,0.0,14.8,23.2
01-DEC-2004,5.9,39.2,79.4,30.5,8.5,16.4,15.9,0.0,14.1,23.4
01-JAN-2005,5.5,47.4,76.7,30.6,9.8,17.2,16.9,0.0,13.3,23.9
01-FEB-2005,5.2,42.1,60.7,30.9,7.0,17.3,17.9,0.0,13.5,24.1
01-MAR-2005,4.2,38.9,50.2,28.3,8.1,14.7,15.8,0.0,13.6,21.5
01-APR-2005,3.1,37.0,48.7,24.7,6.9,11.6,13.5,0.2,13.1,18.1
01-MAY-2005,2.5,25.2,19.6,23.0,3.4,8.3,10.9,2.3,14.7,15.6
01-JUN-2005,2.1,21.9,11.8,20.5,2.8,4.8,8.6,7.5,15.7,12.6
01-JUL-2005,2.5,13.4,3.7,21.9,1.0,4.5,8.3,8.1,17.4,13.2
01-AUG-2005,3.2,25.0,10.1,22.6,2.5,6.0,8.7,5.5,16.6,14.2
01-SEP-2005,4.4,25.7,8.2,26.3,2.4,9.5,10.5,1.1,16.8,17.8
01-OCT-2005,5.1,35.1,22.2,27.5,5.8,11.8,12.1,0.3,15.7,19.7
01-NOV-2005,5.5,41.6,56.9,28.6,7.7,14.1,14.1,0.0,14.5,21.3
01-DEC-2005,6.0,33.3,44.0,29.6,6.3,14.9,14.6,0.0,14.8,22.2
01-JAN-2006,5.2,55.4,88.7,30.1,9.7,17.6,17.5,0.0,12.5,23.8
01-FEB-2006,4.5,56.8,108.5,29.2,10.2,17.5,18.2,0.0,11.6,23.3
01-MAR-2006,4.0,43.5,56.6,27.0,7.6,13.9,15.1,0.0,13.1,20.4
01-APR-2006,3.1,36.8,45.7,24.9,7.3,11.6,13.5,0.2,13.4,18.2
01-MAY-2006,2.3,28.7,37.0,20.5,4.9,6.1,9.5,5.2,14.4,13.3
01-JUN-2006,2.1,19.9,8.9,20.4,2.4,4.4,8.4,8.2,16.0,12.4
01-JUL-2006,2.4,19.5,10.2,21.1,2.3,4.6,8.5,8.0,16.5,12.8
01-AUG-2006,2.9,28.4,41.5,20.4,6.0,5.7,8.6,5.7,14.7,13.0
01-SEP-2006,4.2,25.4,14.5,25.0,3.3,8.8,10.0,1.4,16.2,16.9
01-OCT-2006,4.9,41.6,40.8,27.3,7.6,12.5,12.6,0.1,14.8,19.9
01-NOV-2006,5.5,41.1,58.2,28.5,8.0,14.1,14.0,0.0,14.4,21.3
01-DEC-2006,5.9,39.6,76.5,30.2,8.3,15.7,15.3,0.0,14.5,22.9
01-JAN-2007,6.0,36.4,37.0,31.4,5.8,16.8,16.4,0.0,14.7,24.1
01-FEB-2007,5.5,33.8,29.5,31.6,5.4,16.8,17.3,0.0,14.8,24.2
01-MAR-2007,4.5,33.1,58.0,29.4,7.0,14.6,15.7,0.0,14.8,21.9
01-APR-2007,3.3,32.9,41.8,26.3,6.0,12.7,14.3,0.1,13.7,19.5
01-MAY-2007,2.6,19.8,16.4,23.4,2.2,7.0,10.0,3.7,16.4,15.2
01-JUN-2007,2.1,24.0,23.1,20.1,3.7,4.7,8.7,7.5,15.4,12.4
01-JUL-2007,2.3,16.6,13.1,20.0,2.1,3.5,7.8,10.0,16.5,11.8
01-AUG-2007,3.2,20.1,9.9,22.2,2.7,5.4,8.4,6.3,16.8,13.8
01-SEP-2007,4.3,27.0,28.1,26.2,4.0,9.7,10.6,0.9,16.5,17.9
01-OCT-2007,4.6,45.8,58.1,25.6,8.7,12.1,12.2,0.2,13.5,18.8
01-NOV-2007,5.3,43.1,67.0,27.5,7.3,13.3,13.4,0.0,14.1,20.4
01-DEC-2007,5.6,41.1,64.8,28.8,9.1,15.6,15.1,0.0,13.2,22.2
01-JAN-2008,5.3,51.3,81.6,29.8,9.9,17.2,16.9,0.0,12.6,23.5
01-FEB-2008,5.2,42.0,47.8,30.6,9.0,16.9,17.4,0.0,13.7,23.7
01-MAR-2008,4.2,40.8,54.0,28.5,7.8,14.8,15.9,0.0,13.7,21.6
01-APR-2008,3.3,27.4,24.7,25.6,5.5,10.4,12.3,0.6,15.3,18.0
01-MAY-2008,2.5,32.7,26.4,23.3,4.2,9.3,11.5,1.2,14.0,16.3
01-JUN-2008,2.0,28.1,22.0,20.2,4.7,5.4,9.1,6.1,14.8,12.8
01-JUL-2008,2.3,21.2,15.1,20.2,2.6,4.7,8.5,7.7,15.5,12.4
01-AUG-2008,3.2,21.4,12.3,22.7,2.6,6.5,9.0,4.4,16.3,14.6
01-SEP-2008,4.0,25.2,15.9,23.6,3.0,7.4,9.3,3.2,16.2,15.5
01-OCT-2008,5.1,35.2,26.3,27.5,5.0,12.0,12.1,0.2,15.5,19.7
01-NOV-2008,5.4,44.5,72.2,28.5,9.1,14.6,14.5,0.0,13.9,21.5
01-DEC-2008,5.9,39.7,60.1,30.5,7.5,16.5,16.0,0.0,14.1,23.5
01-JAN-2009,5.6,45.5,76.4,30.6,8.7,16.8,16.7,0.0,13.8,23.7
01-FEB-2009,4.7,52.4,90.6,29.4,10.9,17.1,17.7,0.0,12.3,23.3
01-MAR-2009,4.3,35.7,33.0,28.7,5.4,14.6,15.6,0.0,14.0,21.6
01-APR-2009,3.4,31.2,20.0,26.8,4.7,12.4,13.9,0.1,14.5,19.6
01-MAY-2009,2.4,28.3,17.6,22.7,4.3,8.1,10.9,2.3,14.6,15.4
01-JUN-2009,1.9,32.6,27.8,19.8,4.6,6.1,9.7,4.9,13.6,12.9
01-JUL-2009,2.2,22.4,13.6,19.5,3.6,4.2,8.2,8.7,15.3,11.8
01-AUG-2009,3.2,22.6,14.4,22.5,2.7,6.3,8.9,4.7,16.3,14.4
01-SEP-2009,4.2,29.1,20.7,25.0,4.3,8.8,10.0,1.6,16.1,16.9
01-OCT-2009,4.8,42.2,48.3,26.8,8.1,12.7,12.6,0.1,14.1,19.7
01-NOV-2009,5.4,41.5,70.3,27.7,8.9,13.3,13.2,0.1,14.4,20.5
01-DEC-2009,6.1,34.4,52.8,30.2,8.0,15.3,14.8,0.0,14.9,22.8
01-JAN-2010,5.3,53.6,95.4,30.1,10.4,17.2,17.0,0.0,12.9,23.6
01-FEB-2010,5.2,41.5,65.6,30.7,7.9,16.9,17.3,0.0,13.8,23.8
01-MAR-2010,4.5,35.2,46.4,29.8,7.6,15.7,16.8,0.0,14.1,22.7
01-APR-2010,3.1,39.0,35.3,25.8,7.2,12.1,14.0,0.1,13.6,18.9
01-MAY-2010,2.5,29.5,22.4,23.4,4.1,8.8,11.3,1.8,14.6,16.1
01-JUN-2010,2.1,21.4,13.6,20.1,2.8,3.9,8.2,9.0,16.2,12.0
01-JUL-2010,2.4,22.5,10.9,21.1,2.2,5.2,8.5,6.7,16.0,13.1
01-AUG-2010,3.2,18.3,8.5,22.7,1.9,6.0,8.7,5.0,16.7,14.3
01-SEP-2010,4.3,28.3,10.5,26.0,2.7,9.3,10.3,1.1,16.8,17.6
01-OCT-2010,5.0,38.9,35.0,27.0,6.0,11.5,11.8,0.3,15.4,19.2
01-NOV-2010,5.5,41.8,56.5,28.8,8.2,14.1,13.9,0.0,14.7,21.5
01-DEC-2010,5.7,41.1,87.3,29.4,10.3,15.7,15.3,0.0,13.7,22.5
01-JAN-2011,5.2,52.5,95.6,29.4,10.7,17.0,16.8,0.0,12.4,23.2
01-FEB-2011,4.9,47.8,68.6,29.8,8.5,17.0,17.3,0.0,12.8,23.4
01-MAR-2011,4.3,39.9,67.9,29.6,8.0,16.0,16.9,0.0,13.6,22.8
01-APR-2011,3.1,37.7,56.1,24.8,8.3,11.3,13.3,0.3,13.5,18.0
01-MAY-2011,2.4,32.8,44.6,22.2,5.9,8.0,10.7,2.5,14.3,15.1
01-JUN-2011,2.0,25.2,36.4,19.3,4.7,3.9,8.3,9.0,15.4,11.6
01-JUL-2011,2.2,22.0,21.1,19.0,3.3,3.2,7.7,10.7,15.7,11.1
01-AUG-2011,3.1,21.3,19.6,21.9,4.0,5.2,8.2,6.5,16.8,13.5
01-SEP-2011,4.3,24.4,9.6,25.6,2.4,8.6,9.9,1.6,17.0,17.1
01-OCT-2011,5.1,33.2,31.0,27.1,5.1,10.9,11.2,0.4,16.2,18.9
01-NOV-2011,5.6,35.6,52.8,28.2,7.4,12.5,12.8,0.1,15.7,20.3
01-DEC-2011,5.7,42.0,59.5,29.1,7.5,15.2,14.8,0.0,13.9,22.2
01-JAN-2012,6.1,37.6,48.8,32.0,7.5,17.2,16.7,0.0,14.9,24.6
01-FEB-2012,5.1,43.1,64.2,30.5,8.0,16.5,17.1,0.0,14.0,23.5
01-MAR-2012,4.5,35.1,58.2,29.7,8.8,14.9,15.9,0.0,14.8,22.3
01-APR-2012,3.3,28.7,26.7,25.6,4.7,10.3,12.4,0.8,15.4,17.9
01-MAY-2012,2.6,21.7,6.6,23.7,2.0,7.4,10.3,3.2,16.3,15.5
01-JUN-2012,2.0,26.5,26.7,19.8,4.0,4.6,8.7,7.7,15.2,12.2
01-JUL-2012,2.2,24.3,23.6,19.6,3.7,4.0,8.2,9.3,15.7,11.8
01-AUG-2012,3.1,24.4,15.4,21.7,2.7,5.7,8.6,5.9,16.0,13.7
01-SEP-2012,4.0,27.6,30.5,23.7,5.0,7.6,9.4,2.7,16.0,15.6
01-OCT-2012,4.9,38.8,65.9,26.4,8.4,11.4,11.7,0.3,15.1,18.9
01-NOV-2012,5.7,35.8,38.4,29.1,6.7,13.8,13.6,0.0,15.3,21.4
01-DEC-2012,5.7,44.7,81.7,29.6,9.1,15.8,15.3,0.0,13.8,22.7
01-JAN-2013,5.9,39.8,63.6,31.4,8.3,16.8,16.5,0.0,14.5,24.1
01-FEB-2013,5.5,33.9,42.2,31.4,5.8,16.1,16.9,0.0,15.3,23.7
01-MAR-2013,4.4,36.9,56.8,29.8,7.7,15.1,16.5,0.0,14.7,22.4
01-APR-2013,3.3,27.2,36.1,25.6,4.7,10.6,12.7,0.6,15.0,18.1
01-MAY-2013,2.6,22.0,10.7,23.7,2.5,7.7,10.5,3.0,16.0,15.7
01-JUN-2013,2.1,18.8,13.9,20.0,2.5,5.0,8.9,6.8,15.0,12.5
01-JUL-2013,2.3,20.2,10.1,20.8,3.2,4.5,8.4,8.1,16.2,12.6
01-AUG-2013,3.0,22.4,17.9,21.3,3.0,4.9,8.2,7.3,16.4,13.0
01-SEP-2013,4.1,25.5,11.5,24.2,2.6,7.6,9.3,2.9,16.6,15.9
01-OCT-2013,5.0,34.3,39.4,26.7,7.3,11.1,11.5,0.3,15.6,18.9
01-NOV-2013,5.7,36.0,55.1,29.0,7.3,14.0,13.9,0.0,15.0,21.5
01-DEC-2013,5.6,43.7,87.2,29.1,9.6,15.9,15.3,0.0,13.2,22.5
01-JAN-2014,5.7,44.5,61.3,31.3,8.3,17.8,17.3,0.0,13.5,24.5
01-FEB-2014,5.0,46.9,78.1,30.2,9.0,17.6,18.0,0.0,12.6,23.9
01-MAR-2014,4.1,42.9,37.0,28.0,6.2,15.0,16.3,0.0,13.0,21.5
01-APR-2014,3.3,28.9,41.1,25.8,5.7,11.0,13.0,0.4,14.8,18.4
01-MAY-2014,2.6,25.6,18.6,23.9,3.9,8.3,10.9,2.2,15.6,16.1
01-JUN-2014,2.1,19.5,11.8,20.2,2.6,3.8,8.3,9.3,16.4,12.0
01-JUL-2014,2.3,18.0,11.2,20.1,2.0,3.7,8.0,9.8,16.4,11.9
01-AUG-2014,3.1,27.1,19.2,22.1,3.6,6.5,9.1,4.3,15.5,14.3
01-SEP-2014,4.3,28.2,18.2,26.1,3.1,9.2,10.3,1.2,17.0,17.6
01-OCT-2014,5.2,33.4,25.6,27.9,4.8,12.1,12.1,0.1,15.8,20.0
01-NOV-2014,5.2,45.6,68.0,27.3,8.8,13.6,13.5,0.0,13.7,20.4
01-DEC-2014,5.8,41.1,79.7,29.9,8.7,15.9,15.4,0.0,14.0,22.9
01-JAN-2015,5.9,41.3,44.5,31.6,7.8,17.1,16.7,0.0,14.5,24.3
01-FEB-2015,5.4,35.1,43.0,30.5,5.6,15.5,16.0,0.0,15.1,23.0
01-MAR-2015,4.4,36.7,59.0,29.6,8.2,15.3,16.4,0.0,14.3,22.5
01-APR-2015,3.1,36.5,40.3,25.4,5.3,11.8,13.8,0.2,13.6,18.5
01-MAY-2015,2.7,22.1,8.9,25.2,2.3,8.5,10.9,2.0,16.7,16.8
01-JUN-2015,2.0,26.8,28.7,19.7,4.4,4.8,8.8,7.4,14.9,12.2
01-JUL-2015,2.2,27.1,22.9,19.7,4.3,4.9,8.5,7.2,14.8,12.3
01-AUG-2015,3.3,24.9,14.4,24.0,2.9,7.0,9.3,3.7,17.0,15.5
01-SEP-2015,4.1,33.7,26.6,25.2,4.6,9.8,10.6,0.8,15.4,17.5
01-OCT-2015,5.4,32.5,28.0,28.9,5.1,12.9,12.8,0.1,16.0,20.9
01-NOV-2015,5.7,34.1,45.3,28.6,6.4,13.2,13.2,0.1,15.4,20.8
01-DEC-2015,6.3,35.1,30.7,32.0,5.6,16.9,16.3,0.0,15.1,24.5
01-JAN-2016,5.8,45.7,73.9,31.7,8.7,18.0,17.5,0.0,13.6,24.8
01-FEB-2016,5.4,37.3,43.4,31.6,6.9,17.2,17.7,0.0,14.4,24.4
01-MAR-2016,4.4,35.7,61.6,29.5,7.6,15.1,16.3,0.0,14.4,22.3
01-APR-2016,3.3,32.4,27.9,26.4,5.0,12.3,14.1,0.1,14.2,19.3
01-MAY-2016,2.5,28.7,27.2,23.1,4.8,8.1,10.6,2.3,15.0,15.6
01-JUN-2016,2.2,25.8,10.9,21.3,2.7,5.6,9.0,5.7,15.7,13.5
01-JUL-2016,2.3,22.9,21.2,19.9,3.9,4.2,8.2,8.8,15.7,12.0
01-AUG-2016,3.3,19.5,10.9,23.8,3.4,6.4,9.0,4.4,17.4,15.1
01-SEP-2016,4.1,31.1,19.3,24.9,3.7,8.9,10.0,1.4,16.0,16.9
01-OCT-2016,5.3,29.9,29.2,28.0,4.7,11.4,11.7,0.3,16.6,19.7
01-NOV-2016,5.7,41.3,52.9,29.8,8.1,14.9,14.5,0.0,15.0,22.3
01-DEC-2016,6.2,36.6,64.1,31.8,7.4,16.7,16.2,0.0,15.1,24.2
01-JAN-2017,5.4,47.0,88.0,29.8,10.6,16.7,16.5,0.0,13.1,23.2
01-FEB-2017,4.7,53.2,82.8,29.8,9.6,17.6,18.1,0.0,12.2,23.7
01-MAR-2017,4.6,29.9,31.6,29.9,5.4,14.7,15.7,0.0,15.2,22.2
01-APR-2017,3.4,31.7,33.1,26.8,5.9,12.2,13.9,0.1,14.7,19.5
01-MAY-2017,2.6,24.7,14.5,24.1,2.7,8.2,11.0,2.3,15.8,16.1
01-JUN-2017,2.2,21.2,9.2,21.4,1.9,4.8,8.9,7.4,16.6,13.1
01-JUL-2017,2.5,16.0,6.4,21.5,2.3,4.3,8.3,8.7,17.3,12.9
01-AUG-2017,3.2,22.6,13.1,22.3,2.4,5.6,8.5,6.1,16.7,13.9
01-SEP-2017,4.4,29.2,15.5,26.6,3.2,9.8,10.7,0.7,16.8,18.2
01-OCT-2017,4.9,36.2,42.2,26.1,6.8,10.9,11.4,0.5,15.2,18.5
01-NOV-2017,5.7,36.5,51.5,28.5,6.8,13.1,13.0,0.0,15.4,20.8
01-DEC-2017,5.9,38.6,57.3,29.9,8.5,15.3,14.9,0.0,14.6,22.6
01-JAN-2018,6.0,38.5,51.5,31.5,6.6,16.8,16.4,0.0,14.7,24.1
01-FEB-2018,5.0,47.0,79.5,30.2,9.1,16.9,17.5,0.0,13.3,23.5
01-MAR-2018,4.2,42.5,60.5,28.8,8.1,15.2,16.5,0.0,13.6,22.0
01-APR-2018,3.2,39.0,35.2,26.4,6.0,12.9,14.8,0.1,13.5,19.6
01-MAY-2018,2.6,27.0,20.2,23.7,4.3,8.3,10.7,2.3,15.4,16.0
01-JUN-2018,2.2,21.6,6.9,21.3,1.8,5.2,9.1,6.8,16.2,13.2
01-JUL-2018,2.4,21.7,10.1,20.9,2.7,5.4,8.6,6.6,15.5,13.1
01-AUG-2018,3.1,25.0,17.7,21.3,2.8,5.1,8.0,7.2,16.2,13.2
01-SEP-2018,4.1,27.9,20.7,24.3,3.9,7.7,9.5,2.7,16.6,16.0
01-OCT-2018,5.2,33.3,29.2,28.1,4.9,12.4,12.3,0.1,15.7,20.2
01-NOV-2018,5.8,35.0,28.1,29.2,5.4,13.6,13.4,0.0,15.7,21.4
01-DEC-2018,6.2,35.6,42.4,31.4,7.0,16.4,15.7,0.0,15.0,23.9
01-JAN-2019,6.0,38.1,53.3,31.7,6.8,16.9,16.7,0.0,14.8,24.3
01-FEB-2019,5.2,42.9,65.0,30.8,8.8,17.4,17.8,0.0,13.4,24.1
01-MAR-2019,4.5,35.8,47.9,30.3,5.9,16.3,17.4,0.0,14.1,23.3
01-APR-2019,3.3,37.9,49.5,26.7,7.3,13.0,14.6,0.1,13.7,19.8
01-MAY-2019,2.6,26.9,12.9,24.7,2.8,9.6,11.6,1.0,15.1,17.1
01-JUN-2019,2.3,17.3,8.3,22.0,1.9,4.9,8.9,7.3,17.1,13.4
01-JUL-2019,2.5,15.6,11.7,22.1,2.3,4.9,8.4,7.4,17.3,13.5
01-AUG-2019,3.3,18.4,6.4,23.5,1.7,6.4,9.0,4.7,17.1,14.9
01-SEP-2019,4.4,26.5,12.6,26.4,2.8,9.7,10.6,0.7,16.6,18.0
01-OCT-2019,5.3,32.4,18.6,28.1,4.0,12.3,12.2,0.2,15.8,20.1
01-NOV-2019,5.9,35.9,46.6,30.1,5.7,14.9,14.6,0.0,15.2,22.5
01-DEC-2019,5.6,44.0,65.1,29.4,7.9,15.6,15.2,0.0,13.9,22.5
01-JAN-2020,5.6,45.9,71.7,31.0,8.9,17.5,17.4,0.0,13.4,24.2
01-FEB-2020,4.9,48.7,80.9,30.1,9.5,17.5,18.1,0.0,12.6,23.8
01-MAR-2020,4.3,38.2,55.0,29.1,7.2,15.3,16.4,0.0,13.9,22.2
01-APR-2020,3.1,37.5,32.6,25.5,5.8,11.8,13.7,0.2,13.7,18.7
01-MAY-2020,2.6,20.1,9.6,24.0,2.0,7.3,10.3,3.3,16.6,15.6
01-JUN-2020,2.1,21.7,12.1,20.7,2.3,5.3,9.1,6.3,15.4,13.0
01-JUL-2020,2.4,16.9,11.4,20.7,2.5,4.1,8.1,8.7,16.6,12.4
01-AUG-2020,3.0,22.0,14.1,21.0,3.0,4.7,8.1,7.7,16.3,12.8
01-SEP-2020,4.1,28.7,21.2,24.8,4.6,8.7,10.0,1.6,16.2,16.7
01-OCT-2020,5.1,38.5,37.1,27.9,6.5,12.6,12.5,0.1,15.3,20.2
01-NOV-2020,5.4,43.8,62.8,28.5,8.1,14.4,14.2,0.0,14.1,21.4
01-DEC-2020,5.7,44.9,67.6,29.6,8.1,16.1,15.3,0.0,13.4,22.8
01-JAN-2021,5.3,50.8,110.8,29.6,10.1,17.1,16.9,0.0,12.5,23.4
01-FEB-2021,5.0,44.8,70.2,29.8,7.7,16.4,16.9,0.0,13.4,23.1
01-MAR-2021,4.3,38.5,45.0,29.0,6.1,14.6,15.8,0.0,14.4,21.8
01-APR-2021,3.4,32.3,26.8,27.0,3.8,12.8,14.0,0.0,14.2,19.9
01-MAY-2021,2.6,21.9,12.0,23.6,2.7,7.5,10.2,3.2,16.1,15.5
01-JUN-2021,2.2,24.0,13.6,21.8,2.7,5.8,9.2,5.8,16.0,13.8
01-JUL-2021,2.3,17.8,10.3,19.6,2.2,2.7,7.5,11.8,16.8,11.1
01-AUG-2021,3.1,24.1,20.8,21.7,3.8,5.2,8.4,6.7,16.5,13.4
01-SEP-2021,4.2,28.9,14.0,25.6,2.7,9.1,10.1,1.3,16.5,17.3
01-OCT-2021,4.7,39.9,36.6,25.8,6.7,11.1,11.5,0.4,14.6,18.4
01-NOV-2021,5.3,41.2,59.0,27.5,8.8,12.9,13.1,0.1,14.7,20.2
01-DEC-2021,5.3,47.4,119.1,28.1,11.3,14.9,14.7,0.0,13.2,21.5
01-JAN-2022,5.5,45.8,61.4,30.2,8.3,16.8,16.7,0.0,13.4,23.5
01-FEB-2022,5.1,43.0,50.1,30.4,8.3,16.6,17.2,0.0,13.8,23.5
01-MAR-2022,4.0,44.0,80.1,27.9,9.3,15.0,16.1,0.0,12.9,21.4
01-APR-2022,3.0,38.2,59.7,24.4,7.2,11.0,13.2,0.4,13.4,17.7
01-MAY-2022,2.5,24.4,31.0,23.3,4.7,7.2,10.3,3.5,16.0,15.2
01-JUN-2022,2.2,23.7,28.3,20.9,3.4,4.9,8.8,7.1,16.0,12.9
01-JUL-2022,2.4,23.0,8.9,21.1,3.4,5.0,8.7,7.1,16.0,13.0
01-AUG-2022,3.1,23.3,17.0,22.2,4.0,5.5,8.5,6.2,16.7,13.8
01-SEP-2022,4.3,30.4,21.0,26.0,4.2,9.3,10.4,1.1,16.7,17.6
01-OCT-2022,5.3,37.2,26.3,29.3,5.7,13.7,13.3,0.0,15.6,21.5
01-NOV-2022,5.4,42.7,50.6,28.3,7.0,13.7,13.8,0.0,14.6,21.0
01-DEC-2022,5.6,43.1,89.4,29.1,10.4,15.5,15.1,0.0,13.6,22.2