date,potential_evapotranspiration,cloud_cover,precipitation,maximum_temperature,rain_days,minimum_temperature,vapour_pressure,ground_frost_frequency,diurnal_temperature_range,mean_temperature
1902-01-01,5.3,43.1,58.7,28.2,7.7,14.5,14.6,0.0,13.6,21.3
1902-02-01,4.9,44.2,53.8,29.0,7.2,16.0,16.0,0.0,13.0,22.5
1902-03-01,3.9,42.1,72.2,27.1,8.9,14.0,16.2,0.0,13.1,20.5
1902-04-01,2.9,37.8,32.0,23.8,5.2,10.4,13.6,0.6,13.5,17.1
1902-05-01,2.3,28.7,10.2,22.0,2.3,7.3,11.1,3.3,14.7,14.6
1902-06-01,1.8,24.8,22.2,18.0,3.2,3.0,8.7,10.8,15.0,10.5
1902-07-01,2.2,22.5,12.8,19.0,2.8,3.4,8.0,10.4,15.7,11.2
1902-08-01,2.8,25.7,22.0,20.2,3.5,4.5,8.4,8.0,15.7,12.3
1902-09-01,3.8,33.5,49.5,22.5,6.6,7.2,8.8,3.3,15.3,14.8
1902-10-01,4.7,41.8,33.4,24.9,6.1,10.5,10.6,0.5,14.4,17.7
1902-11-01,5.0,43.5,35.1,25.9,6.0,11.9,12.8,0.2,14.0,18.9
1902-12-01,5.7,41.8,53.5,29.1,7.3,15.2,14.7,0.0,13.9,22.1
1903-01-01,5.5,43.1,42.1,29.4,6.4,15.7,15.8,0.0,13.6,22.5
1903-02-01,4.9,44.2,42.2,28.7,6.4,15.7,16.1,0.0,13.0,22.2
1903-03-01,4.0,42.1,28.1,26.9,5.3,13.8,14.8,0.0,13.1,20.3
1903-04-01,3.0,37.8,44.8,23.6,5.8,10.2,11.9,0.7,13.5,16.9
1903-05-01,2.3,28.7,23.5,21.2,3.9,6.4,9.6,4.6,14.7,13.8
1903-06-01,1.9,24.8,18.2,17.7,2.9,2.7,7.5,11.4,15.0,10.2
1903-07-01,2.2,22.5,9.5,18.4,2.3,2.7,7.3,11.8,15.7,10.5
1903-08-01,2.9,25.7,13.2,20.4,2.5,4.6,7.9,7.7,15.7,12.5
1903-09-01,3.9,33.5,8.8,23.0,2.7,7.7,9.1,2.5,15.3,15.3
1903-10-01,4.5,41.8,33.1,24.3,5.8,9.9,10.6,0.9,14.4,17.1
1903-11-01,5.1,43.5,67.5,26.1,8.2,12.1,12.2,0.2,14.0,19.1
1903-12-01,5.6,41.8,45.1,28.7,6.7,14.8,14.4,0.0,13.9,21.7
1904-01-01,5.4,43.1,97.0,28.8,10.2,15.2,14.9,0.0,13.6,22.0
1904-02-01,4.8,44.2,78.6,28.4,8.8,15.3,15.7,0.0,13.0,21.8
1904-03-01,4.0,42.1,73.0,26.6,8.4,13.5,14.5,0.0,13.1,20.0
1904-04-01,3.0,37.8,22.9,24.1,4.6,10.7,12.8,0.4,13.5,17.4
1904-05-01,2.3,28.7,13.4,21.2,3.1,6.5,9.7,4.4,14.7,13.8
1904-06-01,2.0,24.8,14.5,18.7,3.1,3.7,8.1,9.3,15.0,11.2
1904-07-01,2.2,22.5,9.8,19.1,2.1,3.4,7.8,10.3,15.7,11.2
1904-08-01,2.9,25.7,12.9,20.3,2.8,4.6,7.9,7.7,15.7,12.4
1904-09-01,3.8,33.5,18.7,22.5,3.9,7.2,8.9,2.9,15.3,14.8
1904-10-01,4.6,41.8,37.5,24.7,6.8,10.3,10.8,0.7,14.4,17.5
1904-11-01,5.2,43.5,42.3,26.9,6.3,12.9,12.9,0.1,14.0,19.9
1904-12-01,5.4,41.8,42.9,27.5,7.0,13.6,13.4,0.0,13.9,20.5
1905-01-01,5.5,43.1,54.7,29.3,7.0,15.7,15.4,0.0,13.6,22.5
1905-02-01,4.8,44.2,64.4,28.3,7.9,15.3,15.6,0.0,13.0,21.8
1905-03-01,4.0,42.1,60.6,26.5,8.2,13.3,14.3,0.0,13.1,19.9
1905-04-01,3.1,37.8,32.7,24.7,5.2,11.3,13.2,0.3,13.5,18.0
1905-05-01,2.3,28.7,30.5,20.9,4.2,6.1,9.5,4.9,14.7,13.5
1905-06-01,1.9,24.8,18.8,17.9,2.9,2.9,7.6,11.1,15.0,10.4
1905-07-01,2.2,22.5,5.0,19.3,1.3,3.6,7.9,9.9,15.7,11.4
1905-08-01,2.9,25.7,15.5,19.5,3.2,3.8,7.4,9.5,15.7,11.6
1905-09-01,3.9,33.5,40.8,23.1,5.8,7.8,9.3,2.4,15.3,15.5
1905-10-01,4.7,41.8,33.2,25.4,5.8,11.0,11.3,0.5,14.4,18.2
1905-11-01,5.2,43.5,48.6,26.7,6.7,12.7,12.6,0.1,14.0,19.7
1905-12-01,5.6,41.8,62.6,28.8,7.9,14.9,14.5,0.0,13.9,21.8
1906-01-01,5.5,43.1,54.1,29.7,6.9,16.1,15.9,0.0,13.6,22.9
1906-02-01,4.8,44.2,63.7,28.4,7.6,15.4,15.7,0.0,13.0,21.9
1906-03-01,4.0,42.1,56.2,26.9,8.0,13.7,14.7,0.0,13.1,20.3
1906-04-01,3.0,37.8,21.6,23.4,4.4,9.9,12.0,0.8,13.5,16.7
1906-05-01,2.3,28.7,29.0,21.3,4.4,6.6,9.8,4.2,14.7,14.0
1906-06-01,2.0,24.8,13.5,19.0,2.7,4.0,8.3,8.8,15.0,11.5
1906-07-01,2.1,22.5,4.2,17.9,1.2,2.3,7.2,12.8,15.7,10.1
1906-08-01,2.8,25.7,7.9,19.2,1.8,3.5,7.3,10.1,15.7,11.3
1906-09-01,3.8,33.5,34.0,22.6,4.8,7.3,8.9,3.0,15.3,14.9
1906-10-01,4.5,41.8,69.8,24.0,8.7,9.6,10.2,0.9,14.4,16.8
1906-11-01,5.2,43.5,70.9,26.6,8.5,12.6,12.6,0.1,14.0,19.6
1906-12-01,5.5,41.8,83.9,28.0,9.8,14.0,13.6,0.0,13.9,21.0
1907-01-01,5.4,43.1,87.8,28.7,9.4,15.0,14.9,0.0,13.6,21.8
1907-02-01,4.8,44.2,93.1,28.4,9.3,15.4,15.7,0.0,13.0,21.9
1907-03-01,4.0,42.1,63.4,27.3,8.3,14.2,15.3,0.0,13.1,20.7
1907-04-01,3.0,37.8,75.7,23.5,8.4,10.0,12.0,0.7,13.5,16.7
1907-05-01,2.3,28.7,35.1,20.2,4.8,5.4,9.0,6.2,14.7,12.8
1907-06-01,1.9,24.8,7.1,18.1,2.0,3.1,7.7,10.5,15.0,10.6
1907-07-01,2.2,22.5,4.9,18.4,1.5,2.8,7.4,11.6,15.7,10.6
1907-08-01,2.9,25.7,3.8,20.4,1.3,4.7,8.0,7.4,15.7,12.5
1907-09-01,3.9,33.5,26.7,23.0,4.6,7.7,9.2,2.4,15.3,15.3
1907-10-01,4.5,41.8,41.8,24.1,6.7,9.7,10.3,0.9,14.4,16.9
1907-11-01,5.1,43.5,56.1,25.8,7.4,11.8,11.9,0.2,14.0,18.8
1907-12-01,5.5,41.8,70.4,27.7,8.9,13.7,13.3,0.0,13.9,20.7
1908-01-01,5.4,43.1,46.5,28.5,7.2,14.8,14.7,0.0,13.6,21.6
1908-02-01,4.8,44.2,41.3,28.6,6.1,15.6,16.0,0.0,13.0,22.1
1908-03-01,4.0,42.1,48.9,26.8,7.2,13.7,14.7,0.0,13.1,20.2
1908-04-01,2.9,37.8,35.6,22.4,5.5,8.9,11.2,1.4,13.5,15.7
1908-05-01,2.3,28.7,7.7,21.4,2.2,6.6,9.8,4.2,14.7,14.0
1908-06-01,1.9,24.8,17.0,18.3,3.0,3.3,7.8,10.3,15.0,10.7
1908-07-01,2.2,22.5,18.1,18.7,3.8,3.1,7.6,11.0,15.7,10.9
1908-08-01,2.9,25.7,21.4,20.3,3.7,4.6,7.9,7.8,15.7,12.4
1908-09-01,3.9,33.5,26.4,23.3,4.5,7.9,9.4,2.3,15.3,15.6
1908-10-01,4.6,41.8,49.7,24.7,6.9,10.3,10.7,0.7,14.4,17.5
1908-11-01,5.1,43.5,46.8,26.4,7.0,12.4,12.4,0.1,14.0,19.4
1908-12-01,5.6,41.8,49.3,28.9,7.1,15.0,14.5,0.0,13.9,21.9
1909-01-01,5.5,43.1,110.9,29.2,10.3,15.6,15.3,0.0,13.6,22.4
1909-02-01,4.8,44.2,113.3,28.1,10.6,15.0,15.2,0.0,13.0,21.5
1909-03-01,3.9,42.1,83.9,26.2,9.8,13.1,14.1,0.0,13.1,19.6
1909-04-01,3.0,37.8,39.2,24.3,6.0,10.8,12.8,0.4,13.5,17.5
1909-05-01,2.3,28.7,44.9,21.1,5.6,6.4,9.6,4.5,14.7,13.7
1909-06-01,2.0,22.7,5.6,19.4,1.5,3.8,8.3,9.0,15.5,11.6
1909-07-01,2.2,22.5,9.1,18.9,2.0,3.2,7.7,10.7,15.7,11.0
1909-08-01,3.0,25.7,20.7,20.7,3.6,5.0,8.1,7.0,15.7,12.8
1909-09-01,3.9,33.5,31.7,23.2,4.9,7.9,9.3,2.2,15.3,15.5
1909-10-01,4.6,41.8,28.6,24.5,5.6,10.0,10.6,0.8,14.4,17.2
1909-11-01,5.2,43.5,45.7,27.0,7.0,13.0,12.8,0.1,14.0,19.9
1909-12-01,5.5,41.8,93.7,27.8,10.0,13.9,13.5,0.0,13.9,20.8
1910-01-01,5.4,43.4,75.4,29.0,8.8,15.5,15.2,0.0,13.6,22.2
1910-02-01,4.9,43.4,92.5,28.4,9.8,15.1,15.5,0.0,13.3,21.7
1910-03-01,4.0,41.5,66.7,27.1,8.2,13.8,14.7,0.0,13.3,20.4
1910-04-01,3.1,36.2,13.9,24.2,3.4,10.3,12.2,0.6,13.9,17.2
1910-05-01,2.4,26.7,25.9,21.5,3.8,6.2,9.6,4.7,15.2,13.8
1910-06-01,2.0,23.6,19.5,18.2,3.8,2.8,7.5,11.1,15.3,10.5
1910-07-01,2.2,21.1,15.1,18.7,2.9,2.8,7.3,11.5,15.9,10.7
1910-08-01,2.9,24.8,10.0,20.0,2.2,4.0,7.4,8.8,16.0,12.0
1910-09-01,3.8,32.4,25.3,22.9,3.9,7.3,9.3,2.8,15.5,15.1
1910-10-01,4.6,41.2,66.4,24.4,8.1,9.9,10.4,0.7,14.5,17.1
1910-11-01,5.0,41.9,38.0,25.6,6.8,11.2,11.8,0.2,14.4,18.4
1910-12-01,5.6,41.8,60.9,28.5,7.4,14.5,14.0,0.0,13.9,21.5
1911-01-01,5.5,42.6,82.5,29.2,9.2,15.4,15.2,0.0,13.8,22.3
1911-02-01,4.9,44.2,48.3,29.4,6.8,16.4,16.8,0.0,13.0,22.9
1911-03-01,4.0,40.9,85.2,26.8,9.3,13.3,14.3,0.0,13.4,20.0
1911-04-01,3.0,37.4,42.0,23.8,6.2,10.2,12.2,0.6,13.6,17.0
1911-05-01,2.3,29.7,51.1,20.7,6.0,6.1,9.4,5.0,14.5,13.4
1911-06-01,1.9,24.2,16.0,17.8,3.1,2.6,7.3,11.6,15.2,10.1
1911-07-01,2.2,21.4,25.8,18.1,4.5,2.2,7.0,12.9,15.9,10.1
1911-08-01,2.9,25.2,22.0,19.8,4.0,4.0,7.5,8.9,15.8,11.9
1911-09-01,3.9,32.2,25.8,22.8,3.9,7.2,9.0,2.9,15.6,15.0
1911-10-01,4.7,41.8,51.2,25.8,7.5,11.4,11.6,0.3,14.4,18.6
1911-11-01,5.3,42.7,56.8,27.1,7.9,12.9,12.8,0.1,14.2,20.0
1911-12-01,5.8,40.9,30.8,29.7,5.2,15.4,14.8,0.0,14.3,22.5
1912-01-01,5.5,42.3,55.2,29.7,7.5,15.8,15.7,0.0,13.9,22.7
1912-02-01,4.9,43.3,75.0,29.0,8.6,15.7,16.0,0.0,13.3,22.3
1912-03-01,4.1,40.3,40.3,27.1,6.4,13.5,14.4,0.0,13.6,20.2
1912-04-01,3.1,37.7,48.8,24.5,6.6,11.0,12.9,0.4,13.5,17.8
1912-05-01,2.4,28.6,21.7,21.7,3.8,6.9,10.0,3.8,14.8,14.3
1912-06-01,2.0,24.8,22.8,18.7,3.8,3.6,8.1,9.5,15.0,11.1
1912-07-01,2.2,21.8,11.6,18.6,2.6,2.8,7.4,11.5,15.8,10.7
1912-08-01,2.9,25.3,9.7,20.4,2.2,4.6,7.8,7.7,15.8,12.5
1912-09-01,3.9,30.8,16.8,22.5,3.3,6.6,8.6,3.8,15.9,14.5
1912-10-01,4.8,39.6,15.4,25.6,3.9,10.8,11.1,0.4,14.8,18.2
1912-11-01,5.4,41.0,25.4,27.8,5.2,13.2,13.0,0.0,14.6,20.5
1912-12-01,5.7,41.2,71.2,29.2,8.7,15.0,14.6,0.0,14.1,22.1
1913-01-01,5.6,42.7,53.4,30.0,7.7,16.2,15.9,0.0,13.8,23.1
1913-02-01,4.9,44.0,93.5,29.3,9.9,16.2,16.6,0.0,13.1,22.7
1913-03-01,4.1,40.9,79.4,27.0,8.8,13.6,14.5,0.0,13.4,20.3
1913-04-01,3.0,37.8,33.9,24.1,5.8,10.7,12.8,0.4,13.5,17.4
1913-05-01,2.4,27.8,14.2,21.8,2.9,6.8,10.0,3.9,15.0,14.3
1913-06-01,2.0,23.5,18.3,19.2,3.5,3.9,8.2,9.0,15.3,11.5
1913-07-01,2.2,20.9,14.9,18.8,2.8,2.8,7.4,11.7,16.0,10.7
1913-08-01,3.0,25.2,21.3,21.3,3.5,5.4,8.4,6.0,15.8,13.3
1913-09-01,3.8,33.3,40.5,22.8,5.6,7.4,9.0,2.8,15.4,15.1
1913-10-01,4.7,39.7,52.0,25.0,7.6,10.3,10.7,0.6,14.8,17.6
1913-11-01,5.3,42.7,39.4,27.4,6.7,13.2,13.1,0.0,14.2,20.3
1913-12-01,5.7,40.5,27.2,29.1,4.8,14.7,13.9,0.0,14.4,21.8
1914-01-01,5.6,42.7,48.2,30.1,7.7,16.3,16.1,0.0,13.8,23.2
1914-02-01,4.9,43.6,65.7,29.0,8.4,15.8,16.2,0.0,13.2,22.4
1914-03-01,4.1,41.2,50.3,27.6,7.4,14.3,15.2,0.0,13.3,20.9
1914-04-01,3.1,36.8,35.3,24.6,5.4,10.9,12.8,0.4,13.8,17.7
1914-05-01,2.4,29.5,28.0,22.1,4.7,7.5,10.5,3.0,14.6,14.8
1914-06-01,2.0,24.1,21.3,18.3,3.8,3.1,7.7,10.5,15.2,10.7
1914-07-01,2.2,20.7,11.6,19.1,2.0,3.1,7.6,11.0,16.0,11.1
1914-08-01,2.9,24.9,27.3,20.1,4.6,4.2,7.6,8.5,16.0,12.1
1914-09-01,4.0,31.8,11.5,24.2,3.0,8.5,9.8,1.7,15.7,16.4
1914-10-01,4.8,41.7,38.8,26.0,6.5,11.6,11.8,0.2,14.4,18.8
1914-11-01,5.2,42.8,80.4,26.7,9.3,12.5,12.4,0.1,14.2,19.6
1914-12-01,5.6,41.7,90.2,28.5,8.9,14.6,14.3,0.0,14.0,21.5
1915-01-01,5.6,43.5,109.8,30.4,9.2,16.9,16.8,0.0,13.5,23.6
1915-02-01,5.0,43.2,78.7,29.6,9.0,16.3,16.7,0.0,13.3,22.9
1915-03-01,4.1,42.1,25.9,27.5,4.8,14.4,15.5,0.0,13.1,20.9
1915-04-01,3.0,37.8,22.7,23.8,4.4,10.3,12.5,0.6,13.5,17.0
1915-05-01,2.3,28.8,23.3,21.2,4.3,6.4,9.6,4.5,14.7,13.8
1915-06-01,2.0,23.8,17.1,18.7,3.3,3.5,7.9,9.8,15.2,11.1
1915-07-01,2.1,23.2,29.3,17.7,4.4,2.2,7.1,13.0,15.5,9.9
1915-08-01,3.0,24.6,7.8,20.8,2.1,4.7,7.9,7.3,16.0,12.7
1915-09-01,3.9,33.3,19.6,23.0,3.9,7.6,9.1,2.5,15.4,15.3
1915-10-01,4.8,38.4,52.6,25.3,7.2,10.3,10.6,0.6,15.0,17.7
1915-11-01,5.3,41.6,53.6,27.3,7.3,12.8,12.7,0.1,14.5,20.1
1915-12-01,5.7,41.1,54.6,28.9,8.1,14.8,14.2,0.0,14.2,21.8
1916-01-01,5.4,41.9,51.8,29.3,7.7,15.3,15.9,0.0,14.0,22.3
1916-02-01,5.0,42.9,29.2,29.6,5.0,16.2,16.6,0.0,13.4,22.9
1916-03-01,4.1,40.8,70.9,27.1,9.0,13.7,14.6,0.0,13.4,20.4
1916-04-01,3.1,36.6,30.1,24.8,5.5,11.0,12.9,0.3,13.8,17.9
1916-05-01,2.3,27.1,29.9,20.3,4.4,5.2,8.8,6.5,15.1,12.7
1916-06-01,2.0,24.1,8.3,18.2,1.6,3.0,7.6,10.8,15.2,10.6
1916-07-01,2.2,20.6,9.5,19.4,2.2,3.3,7.7,10.5,16.1,11.3
1916-08-01,2.9,24.1,11.5,20.2,2.2,4.0,7.5,8.8,16.2,12.1
1916-09-01,3.9,32.0,10.7,23.4,2.8,7.8,9.2,2.3,15.7,15.6
1916-10-01,4.8,40.0,34.4,25.8,6.1,11.1,11.3,0.4,14.7,18.4
1916-11-01,5.3,42.5,42.2,27.5,6.6,13.3,13.1,0.0,14.2,20.3
1916-12-01,5.7,41.5,81.4,29.1,9.6,15.1,14.6,0.0,14.0,22.1
1917-01-01,5.5,42.4,65.2,29.5,8.6,15.6,15.4,0.0,13.9,22.5
1917-02-01,4.9,43.9,79.2,29.0,9.5,15.9,16.1,0.0,13.1,22.4
1917-03-01,4.1,41.3,71.0,27.2,8.5,13.9,14.8,0.0,13.3,20.5
1917-04-01,3.1,36.8,41.4,24.2,6.3,10.4,12.3,0.5,13.8,17.3
1917-05-01,2.3,27.9,19.6,20.8,3.5,5.9,9.2,5.4,14.9,13.3
1917-06-01,2.0,24.3,32.1,18.3,4.8,3.1,7.7,10.5,15.2,10.7
1917-07-01,2.2,22.0,34.0,18.3,4.8,2.6,7.2,12.1,15.8,10.4
1917-08-01,2.9,25.7,37.9,19.2,5.3,3.5,7.1,10.0,15.7,11.3
1917-09-01,3.8,34.6,30.8,22.4,4.8,7.3,8.9,2.9,15.1,14.8
1917-10-01,4.7,40.5,51.6,25.2,6.5,10.5,10.8,0.5,14.6,17.8
1917-11-01,5.1,44.1,85.4,26.3,9.0,12.4,12.3,0.1,13.9,19.3
1917-12-01,5.6,41.3,78.8,28.5,8.6,14.4,13.9,0.0,14.1,21.4
1918-01-01,5.3,43.5,90.3,28.4,9.2,14.8,14.9,0.0,13.5,21.6
1918-02-01,4.9,44.2,88.1,29.0,8.8,16.0,16.4,0.0,13.0,22.5
1918-03-01,4.0,42.1,113.5,26.8,10.9,13.7,14.7,0.0,13.1,20.2
1918-04-01,3.1,36.4,8.4,24.4,2.3,10.5,12.4,0.5,13.9,17.4
1918-05-01,2.3,27.3,24.7,20.8,4.4,5.7,9.3,5.6,15.1,13.2
1918-06-01,2.0,23.5,13.6,18.5,2.6,3.2,7.7,10.3,15.3,10.8
1918-07-01,2.2,22.0,25.5,18.7,4.3,2.9,7.4,11.3,15.7,10.8
1918-08-01,2.9,25.9,28.9,19.7,3.9,4.0,7.5,8.7,15.7,11.8
1918-09-01,3.9,33.3,37.6,23.7,5.7,8.4,9.7,1.8,15.4,16.0
1918-10-01,4.8,39.6,42.3,26.0,7.2,11.2,11.5,0.3,14.8,18.6
1918-11-01,5.2,42.6,41.5,27.0,6.2,12.8,12.7,0.1,14.2,19.9
1918-12-01,5.7,41.3,65.3,28.9,7.7,14.7,14.3,0.0,14.1,21.8
1919-01-01,5.6,42.1,56.2,29.6,6.9,15.7,15.4,0.0,14.0,22.6
1919-02-01,4.9,43.7,48.9,29.3,6.7,16.1,16.5,0.0,13.2,22.7
1919-03-01,4.1,40.7,57.7,27.7,7.8,14.2,15.2,0.0,13.5,20.9
1919-04-01,3.1,37.7,37.4,25.4,5.7,11.9,13.8,0.2,13.5,18.6
1919-05-01,2.3,28.8,10.5,21.0,2.4,6.2,9.5,4.7,14.7,13.6
1919-06-01,2.0,24.6,9.4,19.2,1.9,4.1,8.3,8.5,15.1,11.6
1919-07-01,2.2,22.4,9.0,18.8,2.1,3.1,7.6,10.8,15.7,11.0
1919-08-01,3.0,25.4,14.6,20.6,3.1,4.8,7.9,7.3,15.8,12.6
1919-09-01,3.8,32.6,17.1,22.4,3.7,6.9,8.8,3.5,15.5,14.6
1919-10-01,4.8,39.9,16.8,25.8,4.2,11.0,11.3,0.3,14.7,18.4
1919-11-01,5.2,43.5,61.2,26.5,8.3,12.5,12.3,0.1,14.0,19.5
1919-12-01,5.7,41.0,29.6,29.1,5.5,14.9,14.4,0.0,14.2,22.0
1920-01-01,5.6,43.2,89.3,30.2,8.7,16.6,16.3,0.0,13.6,23.4
1920-02-01,4.9,43.7,110.2,28.7,10.6,15.6,15.8,0.0,13.2,22.1
1920-03-01,4.0,41.6,82.5,26.7,9.1,13.5,14.3,0.0,13.2,20.1
1920-04-01,3.1,36.4,13.8,24.6,3.4,10.8,12.7,0.4,13.9,17.7
1920-05-01,2.4,28.0,19.9,21.6,3.8,6.7,9.8,4.1,14.9,14.1
1920-06-01,2.0,22.6,16.1,18.3,2.8,2.7,7.4,11.3,15.6,10.5
1920-07-01,2.2,22.1,14.1,19.4,2.5,3.7,7.9,9.6,15.7,11.6
1920-08-01,3.0,25.0,15.2,21.1,3.2,5.2,8.2,6.5,15.9,13.1
1920-09-01,3.9,33.0,25.4,23.0,4.3,7.6,9.1,2.7,15.4,15.3
1920-10-01,4.6,41.5,53.2,24.9,7.4,10.4,10.8,0.6,14.5,17.6
1920-11-01,5.4,42.7,38.4,28.2,6.2,14.0,13.8,0.0,14.2,21.1
1920-12-01,5.7,40.5,56.5,29.0,8.2,14.6,14.1,0.0,14.4,21.8
1921-01-01,5.4,42.2,39.4,29.0,6.3,15.1,15.6,0.0,13.9,22.1
1921-02-01,4.9,44.2,89.8,29.3,10.5,16.2,16.5,0.0,13.0,22.7
1921-03-01,4.1,40.0,111.7,27.8,10.5,14.1,15.1,0.0,13.6,20.9
1921-04-01,3.1,36.9,46.4,24.1,6.4,10.3,12.2,0.6,13.7,17.2
1921-05-01,2.3,29.0,24.2,20.8,4.2,6.2,9.4,4.9,14.7,13.5
1921-06-01,2.0,23.3,23.0,18.8,3.2,3.5,7.9,9.8,15.4,11.1
1921-07-01,2.1,22.1,11.4,17.5,2.1,1.7,6.8,13.8,15.7,9.6
1921-08-01,2.9,25.0,9.0,19.7,2.0,3.8,7.3,9.3,15.9,11.7
1921-09-01,3.9,31.2,23.5,22.8,3.6,7.0,8.8,3.2,15.8,14.9
1921-10-01,4.7,41.0,36.5,25.0,5.9,10.5,10.9,0.6,14.6,17.7
1921-11-01,5.2,43.6,88.8,26.7,9.8,12.7,12.6,0.1,14.0,19.7
1921-12-01,5.6,41.5,86.9,28.3,9.6,14.3,13.8,0.0,14.0,21.3
1922-01-01,5.5,42.7,54.6,29.6,7.7,15.8,15.7,0.0,13.8,22.7
1922-02-01,4.9,44.2,34.9,28.8,5.8,15.8,16.1,0.0,13.0,22.3
1922-03-01,4.1,41.3,39.7,27.9,5.7,14.6,15.5,0.0,13.3,21.2
1922-04-01,3.1,36.5,14.9,25.1,3.3,11.3,13.2,0.3,13.8,18.2
1922-05-01,2.3,28.7,29.6,21.0,4.5,6.3,9.4,4.8,14.8,13.6
1922-06-01,2.0,24.8,24.5,18.4,3.5,3.4,7.8,10.1,15.0,10.9
1922-07-01,2.2,21.9,10.9,19.4,1.9,3.6,7.9,9.9,15.8,11.5
1922-08-01,3.0,25.4,30.6,20.5,4.6,4.7,7.9,7.7,15.8,12.6
1922-09-01,3.9,33.7,17.6,23.7,3.1,8.5,9.8,1.7,15.3,16.1
1922-10-01,4.7,41.7,45.0,25.4,6.4,10.9,11.3,0.4,14.4,18.1
1922-11-01,5.3,42.6,84.0,27.1,9.3,12.9,12.8,0.1,14.2,20.0
1922-12-01,5.7,41.5,45.3,29.2,6.5,15.2,14.7,0.0,14.0,22.2
1923-01-01,5.5,43.4,113.5,29.2,10.1,15.6,15.3,0.0,13.6,22.4
1923-02-01,4.9,44.2,88.2,28.8,9.0,15.7,16.1,0.0,13.0,22.2
1923-03-01,4.1,41.9,45.1,27.7,6.9,14.5,15.6,0.0,13.2,21.1
1923-04-01,3.1,36.4,31.2,24.1,5.8,10.2,12.2,0.6,13.9,17.1
1923-05-01,2.4,27.1,26.5,21.1,4.3,5.9,9.2,5.2,15.1,13.5
1923-06-01,2.0,23.6,20.5,18.7,3.7,3.4,7.8,9.9,15.3,11.1
1923-07-01,2.2,21.0,22.4,19.0,3.7,3.0,7.5,11.1,16.0,11.0
1923-08-01,3.0,25.4,9.1,21.0,2.4,5.2,8.2,6.5,15.8,13.1
1923-09-01,4.0,31.6,6.6,23.7,2.1,8.0,9.4,2.1,15.7,15.8
1923-10-01,4.9,39.5,21.4,26.9,4.8,12.1,12.3,0.1,14.8,19.5
1923-11-01,5.4,42.8,50.8,28.2,7.8,14.1,13.9,0.0,14.2,21.1
1923-12-01,5.7,41.7,50.0,29.1,6.7,15.1,14.5,0.0,14.0,22.1
1924-01-01,5.6,42.2,51.6,30.0,8.0,16.1,16.2,0.0,13.9,23.0
1924-02-01,4.9,44.2,53.0,28.4,7.3,15.4,15.5,0.0,13.0,21.9
1924-03-01,4.0,42.4,95.7,26.6,9.4,13.5,14.5,0.0,13.0,20.0
1924-04-01,3.1,36.8,16.8,24.3,4.0,10.6,12.4,0.5,13.8,17.4
1924-05-01,2.3,27.7,17.7,21.0,3.4,6.0,9.4,5.1,15.0,13.5
1924-06-01,2.0,23.5,9.5,18.5,1.9,3.1,7.7,10.5,15.3,10.8
1924-07-01,2.2,22.5,6.8,18.3,1.7,2.6,7.3,11.9,15.7,10.4
1924-08-01,2.9,25.2,17.9,19.9,3.2,4.1,7.5,8.7,15.9,12.0
1924-09-01,3.9,33.9,35.8,22.9,4.9,7.6,9.1,2.5,15.2,15.2
1924-10-01,4.7,40.5,32.1,24.9,5.3,10.3,10.7,0.6,14.6,17.5
1924-11-01,5.1,43.6,68.9,26.4,8.4,12.4,12.4,0.1,14.0,19.4
1924-12-01,5.6,41.7,100.6,28.7,10.2,14.8,14.3,0.0,14.0,21.7
1925-01-01,5.5,42.9,62.5,29.0,8.0,15.3,14.9,0.0,13.7,22.1
1925-02-01,5.0,44.2,65.7,29.6,8.2,16.6,17.1,0.0,13.0,23.1
1925-03-01,3.9,43.4,143.6,26.8,12.0,14.1,15.1,0.0,12.8,20.4
1925-04-01,3.1,37.3,61.8,24.6,6.9,11.0,12.9,0.4,13.6,17.7
1925-05-01,2.3,29.2,37.0,21.0,5.3,6.3,9.6,4.7,14.7,13.6
1925-06-01,2.0,22.2,29.1,18.3,3.9,2.6,7.4,11.6,15.7,10.4
1925-07-01,2.2,22.1,20.1,18.7,4.1,3.0,7.5,11.2,15.7,10.8
1925-08-01,3.0,24.6,7.7,21.3,2.3,5.2,8.3,6.4,16.0,13.2
1925-09-01,3.8,34.1,46.5,22.8,5.8,7.7,9.3,2.4,15.2,15.2
1925-10-01,4.7,40.4,28.6,25.1,5.3,10.4,10.8,0.5,14.7,17.7
1925-11-01,5.3,42.3,40.9,27.3,7.0,13.1,12.9,0.1,14.3,20.2
1925-12-01,5.8,40.8,42.0,29.5,7.0,15.2,14.6,0.0,14.3,22.3
1926-01-01,5.7,43.1,46.2,30.7,6.3,17.1,16.9,0.0,13.7,23.9
1926-02-01,5.0,44.2,47.8,29.8,6.4,16.7,17.4,0.0,13.0,23.2
1926-03-01,4.1,41.3,59.4,27.4,7.5,14.1,15.1,0.0,13.3,20.8
1926-04-01,3.1,36.3,14.0,24.7,3.7,10.8,12.8,0.4,13.9,17.8
1926-05-01,2.4,27.8,24.7,21.7,4.4,6.7,9.8,4.1,15.0,14.1
1926-06-01,1.9,25.6,16.4,18.6,3.1,3.8,8.1,9.3,14.8,11.1
1926-07-01,2.1,22.0,14.7,17.7,2.8,2.0,6.9,13.4,15.8,9.8
1926-08-01,3.0,24.2,5.7,20.5,1.6,4.4,7.7,8.0,16.1,12.4
1926-09-01,3.8,34.0,30.5,22.6,4.6,7.4,8.9,2.9,15.2,15.0
1926-10-01,4.7,39.1,36.0,25.4,6.1,10.5,11.0,0.5,14.9,18.0
1926-11-01,5.3,41.3,55.0,26.8,8.1,12.3,12.2,0.1,14.5,19.5
1926-12-01,5.7,41.3,50.4,28.9,6.9,14.8,14.3,0.0,14.1,21.8
1927-01-01,5.7,42.3,45.7,30.4,6.8,16.5,16.0,0.0,13.9,23.5
1927-02-01,5.0,42.9,50.7,29.6,7.1,16.1,16.5,0.0,13.4,22.8
1927-03-01,4.1,40.9,73.5,27.3,8.4,13.9,14.8,0.0,13.4,20.6
1927-04-01,3.1,36.6,19.8,25.1,4.5,11.3,13.2,0.3,13.8,18.2
1927-05-01,2.4,26.5,12.4,21.4,2.7,6.1,9.6,4.8,15.3,13.7
1927-06-01,2.0,24.1,4.6,19.0,1.2,3.8,8.1,9.1,15.2,11.4
1927-07-01,2.2,22.5,20.0,19.4,3.6,3.7,8.0,9.6,15.7,11.5
1927-08-01,3.0,24.7,17.5,21.0,3.3,5.0,8.1,6.9,16.0,12.9
1927-09-01,4.0,32.0,8.3,24.3,2.1,8.7,9.9,1.4,15.7,16.5
1927-10-01,4.8,40.2,54.2,25.9,7.0,11.2,11.5,0.3,14.7,18.6
1927-11-01,5.4,42.4,30.9,28.2,5.6,13.9,13.8,0.0,14.3,21.0
1927-12-01,5.7,41.2,61.6,29.1,8.1,14.9,14.4,0.0,14.1,22.0
1928-01-01,5.5,42.8,88.3,29.6,9.7,15.8,15.4,0.0,13.8,22.7
1928-02-01,5.0,42.5,46.1,29.1,6.7,15.5,15.9,0.0,13.5,22.3
1928-03-01,4.1,41.5,80.5,27.6,9.6,14.3,15.2,0.0,13.3,20.9
1928-04-01,3.1,37.5,25.5,24.6,5.1,11.1,12.9,0.3,13.6,17.8
1928-05-01,2.4,28.9,7.0,21.5,1.8,6.7,9.8,4.0,14.7,14.1
1928-06-01,2.0,23.7,9.8,19.0,1.9,3.7,8.0,9.4,15.3,11.3
1928-07-01,2.2,21.9,4.9,19.1,1.4,3.4,7.7,10.3,15.8,11.2
1928-08-01,3.0,25.1,18.6,20.6,3.5,4.7,7.8,7.3,15.9,12.6
1928-09-01,3.9,32.7,32.4,22.9,5.4,7.4,9.0,2.9,15.5,15.1
1928-10-01,4.7,42.0,30.3,25.4,5.4,11.1,11.3,0.4,14.4,18.2
1928-11-01,5.4,41.7,52.3,27.5,7.3,13.1,13.0,0.1,14.4,20.3
1928-12-01,5.7,41.9,55.3,29.0,7.9,15.2,14.7,0.0,13.9,22.1
1929-01-01,5.5,43.1,60.8,29.6,7.3,15.9,15.9,0.0,13.7,22.7
1929-02-01,4.9,44.0,44.8,28.9,6.2,15.8,16.2,0.0,13.1,22.3
1929-03-01,4.0,42.0,90.6,26.7,10.1,13.6,14.4,0.0,13.1,20.1
1929-04-01,3.1,36.8,21.0,24.2,4.7,10.4,12.3,0.5,13.8,17.3
1929-05-01,2.4,27.8,20.8,22.1,4.0,7.1,10.2,3.4,15.0,14.6
1929-06-01,2.0,25.4,30.8,19.2,4.6,4.3,8.4,8.1,14.9,11.7
1929-07-01,2.2,21.7,26.3,18.7,4.1,2.9,7.4,11.4,15.8,10.8
1929-08-01,2.9,26.1,20.7,20.6,4.1,4.9,8.1,6.9,15.6,12.7
1929-09-01,3.9,35.0,65.2,23.4,7.3,8.4,9.8,1.9,15.0,15.9
1929-10-01,4.8,41.0,45.9,26.0,6.7,11.5,11.5,0.3,14.5,18.7
1929-11-01,5.3,43.4,54.5,27.5,7.1,13.5,13.3,0.0,14.0,20.5
1929-12-01,5.7,41.6,74.4,28.9,9.0,15.0,14.5,0.0,14.0,21.9
1930-01-01,5.5,42.9,74.4,29.2,8.7,15.5,15.1,0.0,13.7,22.3
1930-02-01,4.9,43.6,54.8,28.6,8.2,15.4,15.5,0.0,13.2,22.0
1930-03-01,4.0,42.3,61.1,27.2,8.2,14.1,15.1,0.0,13.1,20.6
1930-04-01,3.0,38.0,28.9,24.0,5.1,10.6,12.5,0.5,13.5,17.3
1930-05-01,2.4,28.3,13.2,21.7,3.0,6.8,9.9,3.9,14.9,14.2
1930-06-01,2.0,24.8,12.0,18.6,2.6,3.6,8.0,9.5,15.0,11.1
1930-07-01,2.2,21.8,10.1,19.1,2.1,3.3,7.7,10.4,15.8,11.2
1930-08-01,2.9,25.6,28.9,20.2,4.3,4.5,7.7,7.9,15.8,12.3
1930-09-01,3.8,33.3,21.9,22.3,3.8,6.9,8.7,3.4,15.3,14.6
1930-10-01,4.8,40.5,27.2,25.8,5.1,11.2,11.4,0.3,14.6,18.5
1930-11-01,5.4,42.1,36.4,27.9,6.4,13.6,13.3,0.0,14.3,20.7
1930-12-01,5.7,41.4,59.8,29.7,7.5,15.6,15.2,0.0,14.1,22.6
1931-01-01,5.6,42.9,80.0,30.1,9.4,16.3,16.0,0.0,13.7,23.2
1931-02-01,5.0,43.6,45.9,30.1,6.4,16.9,17.4,0.0,13.2,23.5
1931-03-01,4.1,42.0,58.0,28.2,8.0,15.0,16.0,0.0,13.2,21.6
1931-04-01,3.0,37.1,48.6,23.9,6.7,10.2,12.2,0.6,13.7,17.0
1931-05-01,2.4,28.2,5.3,22.8,1.5,7.9,10.8,2.5,14.9,15.3
1931-06-01,2.0,24.5,5.6,18.9,1.5,3.9,8.1,9.0,15.1,11.4
1931-07-01,2.1,23.7,38.2,18.3,5.2,2.9,7.5,11.5,15.4,10.6
1931-08-01,3.0,25.0,11.0,21.2,2.4,5.3,8.3,6.4,15.9,13.2
1931-09-01,3.9,32.3,11.0,23.5,2.6,7.9,9.3,2.2,15.6,15.7
1931-10-01,4.7,40.4,42.6,25.4,6.9,10.7,11.1,0.5,14.7,18.0
1931-11-01,5.4,43.0,59.3,28.0,7.7,13.9,13.6,0.0,14.1,20.9
1931-12-01,5.7,41.2,57.8,29.3,7.8,15.1,14.7,0.0,14.2,22.2
1932-01-01,5.5,42.3,44.6,29.3,7.2,15.4,15.1,0.0,13.9,22.3
1932-02-01,5.0,43.7,81.0,29.5,9.4,16.3,16.6,0.0,13.2,22.8
1932-03-01,4.1,41.3,58.8,28.0,7.5,14.7,15.8,0.0,13.3,21.3
1932-04-01,3.3,37.6,19.7,26.5,3.6,13.0,14.1,0.1,13.5,19.7
1932-05-01,2.4,29.3,30.7,22.3,4.7,7.6,10.5,2.8,14.6,14.9
1932-06-01,2.0,24.6,14.3,19.1,3.0,4.0,8.3,8.6,15.1,11.6
1932-07-01,2.2,20.6,11.9,18.8,2.1,2.7,7.4,11.6,16.1,10.8
1932-08-01,3.0,25.3,5.4,21.4,1.5,5.5,8.5,5.8,15.8,13.4
1932-09-01,3.9,33.4,42.5,23.7,5.7,8.3,9.8,2.0,15.3,16.0
1932-10-01,4.8,39.5,29.3,26.1,6.1,11.4,11.6,0.3,14.8,18.7
1932-11-01,5.4,42.7,47.4,28.3,6.7,14.1,13.7,0.0,14.2,21.2
1932-12-01,5.7,41.2,60.0,29.2,7.5,15.0,14.6,0.0,14.2,22.1
1933-01-01,5.6,42.1,46.7,30.0,6.2,16.1,15.9,0.0,13.9,23.0
1933-02-01,5.1,42.5,34.1,29.8,5.6,16.3,16.8,0.0,13.5,23.1
1933-03-01,4.2,40.3,44.3,28.2,6.8,14.7,15.8,0.0,13.6,21.4
1933-04-01,3.1,36.7,24.9,25.4,4.5,11.6,13.4,0.2,13.8,18.4
1933-05-01,2.4,27.4,9.0,22.4,2.3,7.4,10.4,3.0,15.1,14.9
1933-06-01,2.0,23.8,15.0,18.7,2.9,3.4,7.9,9.9,15.3,11.0
1933-07-01,2.2,21.2,15.1,19.4,2.7,3.4,7.8,10.2,15.9,11.4
1933-08-01,3.0,25.2,19.3,20.7,3.3,4.8,8.0,7.1,15.9,12.7
1933-09-01,3.9,32.9,9.8,23.7,2.8,8.2,9.6,1.8,15.4,15.9
1933-10-01,4.9,38.4,13.8,26.6,3.3,11.6,11.8,0.2,15.0,19.1
1933-11-01,5.3,42.6,95.5,27.4,9.8,13.2,13.1,0.0,14.2,20.2
1933-12-01,5.7,40.9,90.2,29.2,10.1,14.9,14.5,0.0,14.3,22.0
1934-01-01,5.5,42.1,109.0,29.5,10.6,15.6,15.5,0.0,13.9,22.5
1934-02-01,4.9,43.0,65.9,28.8,9.0,15.4,15.7,0.0,13.4,22.1
1934-03-01,4.1,41.2,72.4,27.5,9.0,14.2,15.2,0.0,13.3,20.8
1934-04-01,3.2,37.0,32.8,25.9,5.4,12.2,14.1,0.1,13.7,19.0
1934-05-01,2.4,28.4,28.8,23.1,4.7,8.3,11.1,2.1,14.8,15.7
1934-06-01,2.0,26.3,9.2,20.2,1.9,5.6,9.4,6.0,14.6,12.9
1934-07-01,2.2,22.6,26.3,18.9,4.0,3.3,7.7,10.6,15.6,11.1
1934-08-01,3.0,25.9,16.2,21.6,2.8,5.9,8.8,5.4,15.7,13.7
1934-09-01,4.0,31.9,13.3,24.0,3.0,8.3,9.7,1.6,15.7,16.1
1934-10-01,4.8,39.2,48.8,25.7,7.6,10.9,11.2,0.3,14.8,18.3
1934-11-01,5.3,42.4,86.3,27.6,9.6,13.3,13.3,0.0,14.2,20.4
1934-12-01,5.7,41.4,72.2,29.0,8.4,14.9,14.5,0.0,14.1,21.9
1935-01-01,5.6,42.4,39.0,29.9,6.2,16.1,15.9,0.0,13.9,23.0
1935-02-01,4.9,42.6,51.8,28.8,7.8,15.4,16.2,0.0,13.5,22.1
1935-03-01,4.0,40.7,59.9,26.6,7.8,13.1,14.0,0.0,13.5,19.8
1935-04-01,3.1,36.6,39.9,24.3,6.3,10.5,12.4,0.5,13.8,17.4
1935-05-01,2.3,28.6,48.8,21.1,6.1,6.3,9.5,4.8,14.8,13.6
1935-06-01,1.9,25.2,20.4,18.2,3.4,3.3,7.8,10.1,14.9,10.8
1935-07-01,2.2,21.4,10.0,19.2,2.2,3.3,7.7,10.5,15.9,11.2
1935-08-01,2.8,25.3,17.6,19.4,3.3,3.6,7.4,9.6,15.8,11.5
1935-09-01,3.9,32.5,19.6,23.0,4.6,7.5,9.1,2.9,15.5,15.2
1935-10-01,4.9,38.9,19.9,26.6,4.6,11.7,11.8,0.2,14.9,19.1
1935-11-01,5.2,43.5,32.6,26.7,6.0,12.7,12.6,0.1,14.0,19.6
1935-12-01,5.6,40.8,46.4,28.6,7.1,14.3,14.0,0.0,14.3,21.5
1936-01-01,5.4,41.9,66.1,28.9,7.7,14.9,15.3,0.0,14.0,21.8
1936-02-01,4.9,43.3,65.8,28.4,8.0,15.1,15.4,0.0,13.3,21.8
1936-03-01,4.0,41.9,87.6,27.4,9.6,14.3,15.4,0.0,13.2,20.8
1936-04-01,3.1,36.8,16.8,25.1,3.9,11.4,13.3,0.3,13.8,18.2
1936-05-01,2.3,28.2,46.2,20.7,5.9,5.9,9.2,5.3,14.9,13.3
1936-06-01,2.0,24.3,5.4,19.9,1.5,4.7,8.7,7.3,15.1,12.3
1936-07-01,2.3,21.6,15.7,19.8,2.6,3.9,8.1,9.1,15.8,11.8
1936-08-01,3.0,25.1,6.5,21.7,1.7,5.8,8.7,5.3,15.9,13.7
1936-09-01,3.9,32.2,26.9,23.4,5.0,7.8,9.4,2.1,15.6,15.6
1936-10-01,4.7,40.5,42.8,24.9,6.9,10.3,10.7,0.6,14.6,17.6
1936-11-01,5.3,42.2,102.8,26.9,10.4,12.6,12.5,0.1,14.3,19.7
1936-12-01,5.7,40.6,45.1,29.0,7.7,14.6,14.1,0.0,14.4,21.7
1937-01-01,5.6,41.7,90.2,29.9,9.5,15.9,15.7,0.0,14.1,22.9
1937-02-01,5.0,43.3,94.8,29.7,9.3,16.4,17.0,0.0,13.3,23.0
1937-03-01,4.1,40.4,47.3,28.0,7.4,14.5,15.5,0.0,13.5,21.2
1937-04-01,3.1,36.2,19.0,24.9,3.8,11.0,12.9,0.3,13.9,17.9
1937-05-01,2.4,26.5,10.3,22.4,2.5,7.2,10.1,3.3,15.3,14.8
1937-06-01,2.0,23.6,12.6,19.1,2.1,3.8,8.1,9.1,15.3,11.5
1937-07-01,2.2,21.5,16.6,18.6,2.9,2.8,7.4,11.6,15.9,10.7
1937-08-01,3.0,25.3,5.4,21.6,1.4,5.8,8.6,5.3,15.8,13.7
1937-09-01,3.9,32.5,17.5,23.1,3.3,7.6,9.2,2.5,15.5,15.3
1937-10-01,4.8,40.1,27.2,26.0,5.6,11.3,11.5,0.3,14.7,18.6
1937-11-01,5.5,41.6,31.7,28.5,6.1,14.0,13.9,0.0,14.4,21.2
1937-12-01,5.7,41.4,91.9,28.9,10.3,14.8,14.3,0.0,14.1,21.8
1938-01-01,5.6,42.1,71.2,29.7,8.7,15.8,15.4,0.0,14.0,22.7
1938-02-01,4.9,43.0,60.3,28.9,7.5,15.6,15.9,0.0,13.4,22.2
1938-03-01,4.2,40.2,29.9,28.4,5.7,14.8,15.9,0.0,13.6,21.6
1938-04-01,3.1,37.8,58.2,25.1,7.1,11.6,13.5,0.2,13.5,18.3
1938-05-01,2.4,28.2,14.2,22.2,3.3,7.3,10.2,3.2,14.9,14.7
1938-06-01,2.0,25.6,22.8,19.4,4.0,4.6,8.7,7.6,14.8,12.0
1938-07-01,2.2,22.6,16.5,19.6,3.5,3.9,8.1,9.2,15.6,11.7
1938-08-01,2.9,26.0,13.4,20.4,2.9,4.8,8.0,7.4,15.6,12.6
1938-09-01,3.9,33.2,20.3,23.4,3.7,8.0,9.5,2.1,15.4,15.7
1938-10-01,4.7,40.9,51.8,25.8,7.4,11.3,11.6,0.3,14.6,18.5
1938-11-01,5.2,43.5,47.0,26.6,7.4,12.6,12.6,0.1,14.0,19.5
1938-12-01,5.7,41.3,84.4,29.0,9.2,14.9,14.5,0.0,14.1,21.9
1939-01-01,5.6,41.9,75.7,29.8,8.9,15.8,15.6,0.0,14.0,22.8
1939-02-01,4.9,44.0,129.1,28.9,11.4,15.9,16.3,0.0,13.1,22.4
1939-03-01,4.0,41.9,55.6,27.2,7.6,14.0,15.0,0.0,13.2,20.5
1939-04-01,3.0,37.8,17.5,24.0,4.1,10.5,12.4,0.5,13.5,17.2
1939-05-01,2.4,28.3,28.6,22.1,4.6,7.2,10.3,3.3,14.9,14.6
1939-06-01,2.0,24.9,7.9,19.4,2.4,4.4,8.5,8.0,15.0,11.8
1939-07-01,2.2,23.7,31.4,18.8,4.7,3.4,7.8,10.3,15.4,11.1
1939-08-01,2.9,25.4,38.6,20.5,5.4,4.7,8.0,7.4,15.8,12.6
1939-09-01,3.8,33.3,31.4,22.8,4.4,7.4,9.1,2.6,15.4,15.1
1939-10-01,4.8,41.4,49.1,26.0,7.3,11.5,11.6,0.2,14.5,18.7
1939-11-01,5.3,42.3,76.5,27.3,8.4,13.0,12.9,0.0,14.3,20.1
1939-12-01,5.7,40.7,49.4,29.3,6.8,15.0,14.6,0.0,14.3,22.2
1940-01-01,5.8,38.2,52.3,30.4,7.5,15.6,15.3,0.0,14.8,23.0
1940-02-01,5.1,41.9,63.5,30.1,8.7,16.4,16.9,0.0,13.7,23.2
1940-03-01,4.0,42.2,85.9,27.5,9.4,14.3,15.5,0.0,13.2,20.9
1940-04-01,3.1,34.2,33.6,24.3,5.5,10.1,12.4,0.7,14.2,17.2
1940-05-01,2.4,25.5,30.3,21.9,4.3,6.6,9.8,4.2,15.4,14.2
1940-06-01,2.1,21.3,25.8,19.8,3.9,3.9,8.3,8.9,15.9,11.9
1940-07-01,2.3,15.9,10.6,20.0,2.5,2.8,7.5,11.4,17.1,11.4
1940-08-01,3.2,19.5,6.1,22.8,2.1,5.7,8.6,5.5,17.0,14.2
1940-09-01,3.7,39.1,49.2,22.5,6.9,8.8,10.0,1.6,13.8,15.6
1940-10-01,4.9,36.2,20.3,26.2,4.7,10.8,11.2,0.4,15.4,18.5
1940-11-01,5.2,43.5,67.7,27.2,8.9,13.1,13.1,0.0,14.1,20.1
1940-12-01,5.9,39.5,70.5,30.2,8.0,15.5,15.4,0.0,14.7,22.8
1941-01-01,5.5,44.9,78.6,29.6,9.4,16.2,15.9,0.0,13.4,22.9
1941-02-01,4.9,44.8,69.2,29.0,8.3,15.8,16.2,0.0,13.2,22.3
1941-03-01,4.5,29.3,35.1,29.1,5.4,13.7,14.9,0.0,15.5,21.4
1941-04-01,3.2,31.8,57.6,25.8,7.7,11.2,13.4,0.3,14.6,18.5
1941-05-01,2.5,23.0,14.8,23.1,2.6,7.3,10.4,3.4,15.8,15.2
1941-06-01,2.0,21.8,16.9,19.6,3.0,3.9,8.3,9.0,15.7,11.8
1941-07-01,2.3,19.4,12.6,20.1,2.5,3.8,8.0,9.5,16.3,11.9
1941-08-01,3.1,24.1,14.7,22.1,3.2,6.0,8.8,5.1,16.1,14.0
1941-09-01,3.9,31.2,20.9,23.1,4.1,7.1,9.0,3.3,16.0,15.1
1941-10-01,5.0,37.1,44.1,26.9,7.2,11.7,12.1,0.3,15.2,19.2
1941-11-01,5.4,38.8,22.9,27.9,4.8,13.0,13.2,0.1,14.9,20.4
1941-12-01,6.0,36.7,50.1,30.2,7.2,15.1,14.8,0.0,15.1,22.6
1942-01-01,5.7,41.6,76.4,30.4,8.6,16.6,16.5,0.0,13.8,23.5
1942-02-01,5.1,42.7,52.9,30.6,7.2,17.1,17.6,0.0,13.5,23.8
1942-03-01,4.1,42.6,83.9,27.8,8.7,14.6,15.7,0.0,13.2,21.2
1942-04-01,3.0,39.7,30.8,24.7,5.4,11.4,13.2,0.2,13.3,18.0
1942-05-01,2.3,30.2,34.0,21.6,5.0,7.0,10.0,3.6,14.6,14.3
1942-06-01,2.1,21.4,22.4,19.6,3.2,3.8,8.2,9.3,15.8,11.7
1942-07-01,2.3,19.0,5.7,19.9,1.4,3.5,7.9,10.2,16.4,11.7
1942-08-01,3.0,24.7,23.7,21.4,3.9,5.4,8.5,6.5,16.0,13.3
1942-09-01,3.9,33.6,24.5,23.4,4.3,8.0,9.5,2.3,15.4,15.6
1942-10-01,4.4,48.4,64.0,24.4,8.7,11.1,11.3,0.2,13.3,17.7
1942-11-01,5.2,44.3,62.6,27.5,7.8,13.6,13.5,0.0,14.0,20.5
1942-12-01,5.4,45.0,91.0,28.0,10.3,14.6,14.3,0.0,13.4,21.3
1943-01-01,5.5,40.9,57.4,29.2,7.9,15.0,14.9,0.0,14.2,22.1
1943-02-01,5.1,36.1,44.5,29.0,6.9,14.4,14.9,0.0,14.6,21.7
1943-03-01,4.1,40.4,65.4,27.8,8.3,14.3,15.5,0.0,13.4,21.0
1943-04-01,2.9,42.6,81.0,23.9,8.2,11.3,13.3,0.3,12.6,17.6
1943-05-01,2.2,33.8,33.1,20.5,4.9,6.6,9.8,4.1,13.9,13.5
1943-06-01,2.0,21.7,12.7,18.9,2.2,3.1,7.7,10.6,15.8,10.9
1943-07-01,2.1,24.9,22.6,18.2,3.4,3.1,7.7,11.2,15.2,10.6
1943-08-01,2.7,31.6,43.6,18.7,5.7,4.3,7.8,8.4,14.4,11.5
1943-09-01,3.7,35.2,25.4,22.5,4.1,7.7,9.3,2.4,14.8,15.1
1943-10-01,4.8,38.8,49.8,25.9,6.7,10.9,11.4,0.5,15.0,18.4
1943-11-01,5.0,48.8,102.6,26.6,10.9,13.5,13.4,0.0,13.1,20.0
1943-12-01,5.5,43.1,74.6,28.4,9.2,14.6,14.3,0.0,13.9,21.5
1944-01-01,5.8,39.8,63.8,30.8,8.0,16.5,16.5,0.0,14.3,23.6
1944-02-01,4.9,43.6,93.1,28.9,8.8,16.0,16.3,0.0,13.0,22.4
1944-03-01,4.1,40.1,55.4,27.6,7.6,14.0,15.2,0.0,13.6,20.8
1944-04-01,3.3,26.4,13.8,25.8,3.3,10.4,12.6,0.6,15.4,18.1
1944-05-01,2.4,24.0,27.5,21.0,4.5,5.2,9.1,6.4,15.8,13.1
1944-06-01,1.9,27.7,33.0,18.0,4.6,3.7,8.1,9.5,14.3,10.8
1944-07-01,2.3,17.0,10.3,20.0,2.1,3.1,7.7,11.0,16.9,11.5
1944-08-01,3.2,22.3,11.6,22.6,2.6,6.0,8.7,5.2,16.6,14.3
1944-09-01,3.8,33.9,45.7,23.1,5.5,7.9,9.5,2.3,15.2,15.5
1944-10-01,5.0,39.1,47.9,27.2,7.0,12.3,12.3,0.1,14.9,19.7
1944-11-01,5.6,37.3,38.0,28.5,6.0,13.4,13.5,0.0,15.1,20.9
1944-12-01,6.0,35.8,22.3,29.7,4.5,14.4,14.1,0.0,15.4,22.0
1945-01-01,5.7,39.7,56.5,30.2,7.3,15.9,15.7,0.0,14.4,23.0
1945-02-01,5.2,40.8,49.8,31.0,6.8,17.3,17.7,0.0,13.7,24.1
1945-03-01,3.9,46.0,91.0,26.9,9.4,14.3,15.5,0.0,12.6,20.6
1945-04-01,3.3,31.8,20.0,26.1,4.3,11.6,13.5,0.2,14.5,18.8
1945-05-01,2.4,23.8,25.9,22.0,4.1,6.3,9.7,4.7,15.7,14.1
1945-06-01,2.0,20.7,15.1,18.9,2.5,2.9,7.7,11.0,16.0,10.9
1945-07-01,2.2,20.5,15.7,19.3,3.0,3.2,7.7,10.6,16.0,11.2
1945-08-01,3.2,20.3,9.2,22.0,2.0,5.0,8.1,6.8,17.1,13.5
1945-09-01,4.4,27.0,4.9,26.4,1.4,9.4,10.4,0.9,17.0,17.9
1945-10-01,4.6,40.3,30.5,25.2,5.5,10.5,11.2,0.5,14.7,17.8
1945-11-01,5.6,37.7,27.1,28.9,5.3,13.9,13.7,0.0,15.0,21.4
1945-12-01,5.8,37.6,34.5,29.3,6.1,14.3,14.1,0.0,15.0,21.8
1946-01-01,5.4,45.8,94.7,29.1,9.0,16.1,15.8,0.0,13.0,22.6
1946-02-01,5.1,39.6,72.0,29.8,8.1,16.1,16.5,0.0,13.6,22.9
1946-03-01,4.1,40.5,69.1,27.8,8.7,14.2,15.4,0.0,13.6,21.0
1946-04-01,3.2,34.4,34.1,25.6,5.7,11.5,13.5,0.2,14.1,18.5
1946-05-01,2.4,31.3,26.3,22.3,4.1,8.0,10.8,2.4,14.3,15.1
1946-06-01,2.0,19.9,7.3,19.3,2.0,3.1,7.9,10.5,16.2,11.2
1946-07-01,2.3,17.4,8.2,19.9,1.8,3.1,7.7,10.8,16.8,11.5
1946-08-01,3.1,19.4,6.7,21.7,1.7,4.5,8.0,7.8,17.1,13.1
1946-09-01,4.2,27.6,17.4,25.2,3.5,8.4,9.8,1.7,16.8,16.8
1946-10-01,4.7,39.6,40.5,25.6,6.8,10.8,11.5,0.5,14.8,18.2
1946-11-01,5.7,35.5,44.2,28.9,6.6,13.5,13.4,0.0,15.4,21.2
1946-12-01,6.0,36.9,45.6,30.4,6.9,15.3,14.9,0.0,15.1,22.8
1947-01-01,5.8,39.3,51.4,30.6,6.8,16.1,16.0,0.0,14.4,23.3
1947-02-01,5.4,38.6,53.0,31.4,6.6,17.3,17.7,0.0,14.1,24.3
1947-03-01,4.1,42.6,69.8,27.8,8.9,14.7,15.9,0.0,13.1,21.3
1947-04-01,3.1,37.7,36.6,25.1,5.6,11.4,13.4,0.3,13.7,18.2
1947-05-01,2.4,26.8,19.3,22.2,3.9,7.0,10.2,3.6,15.1,14.6
1947-06-01,2.0,25.0,16.9,18.9,2.8,3.9,8.3,9.0,15.0,11.4
1947-07-01,2.1,23.0,20.9,17.7,3.3,2.2,7.2,12.9,15.5,9.9
1947-08-01,3.3,15.3,6.3,23.2,1.7,5.2,8.3,6.7,18.0,14.1
1947-09-01,3.8,36.3,29.9,22.7,5.3,8.2,9.5,1.9,14.5,15.4
1947-10-01,4.9,39.3,34.2,26.6,6.2,11.7,12.0,0.2,14.9,19.1
1947-11-01,5.6,39.3,59.6,28.9,7.7,14.1,14.0,0.0,14.8,21.5
1947-12-01,5.6,43.0,86.4,28.7,9.1,15.0,14.6,0.0,13.7,21.8
1948-01-01,5.5,43.4,65.3,29.5,8.5,15.8,15.6,0.0,13.7,22.6
1948-02-01,4.9,41.8,63.1,29.0,8.1,15.6,16.1,0.0,13.4,22.3
1948-03-01,3.7,50.2,107.3,26.2,10.5,14.5,15.6,0.0,11.6,20.3
1948-04-01,3.0,37.1,54.9,24.3,7.3,10.5,12.7,0.5,13.8,17.4
1948-05-01,2.4,27.5,13.5,22.7,3.1,7.7,10.6,2.7,15.0,15.2
1948-06-01,2.2,16.2,5.5,20.2,1.5,3.1,7.8,10.5,17.1,11.7
1948-07-01,2.3,20.6,12.6,19.9,2.5,3.8,8.1,9.5,16.1,11.8
1948-08-01,3.2,18.0,4.8,22.5,1.5,5.1,8.3,6.6,17.4,13.8
1948-09-01,4.1,27.0,17.4,23.6,3.3,6.6,8.7,4.0,17.0,15.1
1948-10-01,4.8,39.3,47.6,26.1,7.3,11.3,11.6,0.3,14.8,18.6
1948-11-01,5.4,39.5,47.9,27.4,6.6,12.6,12.7,0.1,14.7,20.0
1948-12-01,5.9,37.3,31.8,30.0,6.0,14.8,14.5,0.0,15.2,22.4
1949-01-01,5.9,37.7,69.3,31.5,7.7,16.9,16.8,0.0,14.6,24.2
1949-02-01,5.2,37.3,46.8,29.6,6.9,15.3,15.9,0.0,14.3,22.5
1949-03-01,4.0,41.5,47.7,27.5,6.9,14.1,15.4,0.0,13.4,20.8
1949-04-01,3.3,30.0,29.8,25.8,5.1,10.8,12.9,0.4,15.0,18.3
1949-05-01,2.4,26.0,19.9,22.0,3.7,6.8,10.1,4.1,15.2,14.4
1949-06-01,2.1,19.8,11.5,20.8,2.6,4.6,8.8,7.6,16.2,12.7
1949-07-01,2.3,17.4,8.3,20.0,2.1,3.2,7.8,10.8,16.8,11.5
1949-08-01,3.0,25.2,11.3,21.2,2.8,5.3,8.4,6.3,15.9,13.2
1949-09-01,4.1,31.9,19.0,24.7,3.5,9.0,10.1,1.3,15.7,16.8
1949-10-01,5.0,35.8,30.8,26.6,5.8,11.1,11.6,0.4,15.5,18.8
1949-11-01,5.2,41.8,73.1,27.0,8.9,12.7,13.0,0.1,14.3,19.9
1949-12-01,5.7,41.3,75.6,29.3,8.9,15.2,14.9,0.0,14.1,22.2
1950-01-01,5.7,39.3,47.6,30.2,6.5,15.8,15.7,0.0,14.4,23.0
1950-02-01,5.0,42.5,59.2,29.9,7.7,16.3,16.9,0.0,13.5,23.1
1950-03-01,4.0,47.7,76.8,28.2,8.7,15.9,17.1,0.0,12.3,22.0
1950-04-01,2.9,43.9,61.6,23.9,7.6,11.4,13.3,0.2,12.5,17.6
1950-05-01,2.3,32.3,44.7,21.2,5.6,7.0,10.1,3.5,14.1,14.1
1950-06-01,2.1,22.5,7.4,20.4,2.0,4.8,8.8,7.2,15.5,12.6
1950-07-01,2.2,24.6,22.3,18.9,3.3,3.8,8.1,9.7,15.2,11.3
1950-08-01,2.8,31.2,26.0,20.3,4.0,5.7,8.6,5.6,14.7,13.0
1950-09-01,4.0,32.5,24.9,24.0,4.8,8.6,9.9,1.6,15.4,16.3
1950-10-01,5.1,30.3,31.8,26.3,5.9,9.8,10.5,0.7,16.4,18.0
1950-11-01,5.4,39.8,46.2,27.4,7.7,12.7,12.7,0.1,14.7,20.0
1950-12-01,5.6,41.4,99.9,28.6,10.8,14.6,14.5,0.0,14.0,21.6
1951-01-01,5.4,41.1,59.1,28.5,8.0,14.3,14.6,0.0,14.2,21.4
1951-02-01,5.2,38.7,40.1,29.9,6.5,15.8,16.3,0.0,14.1,22.8
1951-03-01,4.2,36.4,51.3,27.7,7.2,13.7,15.0,0.0,14.0,20.7
1951-04-01,3.2,31.7,38.7,25.3,5.3,11.0,13.2,0.4,14.3,18.1
1951-05-01,2.3,33.7,26.8,21.1,4.8,7.4,10.4,3.2,13.7,14.3
1951-06-01,2.0,20.7,17.9,18.8,3.1,2.9,7.7,11.0,15.9,10.9
1951-07-01,2.2,18.0,16.4,18.5,3.1,1.8,7.1,13.7,16.6,10.2
1951-08-01,3.0,21.9,22.0,20.9,3.4,4.4,7.8,8.2,16.5,12.6
1951-09-01,4.0,29.0,28.9,23.4,4.7,6.8,8.9,3.8,16.6,15.1
1951-10-01,4.6,42.2,55.8,25.5,7.1,11.1,11.6,0.4,14.3,18.3
1951-11-01,5.7,34.8,17.4,28.5,4.2,13.2,13.1,0.1,15.4,20.8
1951-12-01,6.0,36.8,40.6,30.4,5.9,15.4,15.2,0.0,15.0,22.9
1952-01-01,5.9,36.3,49.5,31.1,7.2,16.5,16.6,0.0,14.6,23.8
1952-02-01,4.8,47.1,75.5,28.8,9.3,16.2,16.8,0.0,12.6,22.5
1952-03-01,4.4,31.2,35.9,28.7,6.0,13.8,15.3,0.0,14.9,21.3
1952-04-01,3.3,30.7,25.2,25.8,4.8,11.2,13.1,0.3,14.6,18.4
1952-05-01,2.4,26.2,18.5,21.7,3.7,6.5,9.8,4.3,15.2,14.1
1952-06-01,2.1,22.8,14.5,20.1,3.0,4.6,8.7,7.6,15.5,12.4
1952-07-01,2.1,28.4,31.2,18.6,4.8,4.2,8.2,8.8,14.5,11.4
1952-08-01,3.0,22.9,17.2,21.3,3.4,5.1,8.3,7.0,16.3,13.2
1952-09-01,3.9,31.1,31.3,23.2,4.8,7.4,9.2,3.0,15.8,15.3
1952-10-01,5.0,36.2,27.7,26.9,5.5,11.6,11.9,0.3,15.3,19.2
1952-11-01,5.2,46.0,63.6,27.4,8.7,13.9,13.7,0.0,13.5,20.6
1952-12-01,5.6,40.8,70.0,28.8,8.8,14.7,14.3,0.0,14.1,21.7
1953-01-01,5.8,39.0,54.0,31.1,7.1,16.9,16.7,0.0,14.2,24.0
1953-02-01,4.8,47.2,89.9,29.1,9.4,16.6,17.2,0.0,12.5,22.8
1953-03-01,4.2,36.8,45.2,27.7,6.7,13.9,15.1,0.0,13.8,20.8
1953-04-01,2.9,39.5,55.6,23.6,7.0,10.4,12.7,0.6,13.2,17.0
1953-05-01,2.4,26.7,14.3,22.2,3.1,7.1,10.1,3.5,15.1,14.6
1953-06-01,2.0,18.9,10.7,19.0,2.3,2.6,7.5,11.8,16.4,10.7
1953-07-01,2.2,19.7,14.8,18.6,2.5,2.3,7.2,12.6,16.2,10.4
1953-08-01,2.9,26.8,20.6,20.3,3.6,4.8,8.0,7.4,15.6,12.5
1953-09-01,4.1,28.3,23.0,24.0,3.5,7.3,9.1,2.8,16.7,15.6
1953-10-01,4.8,40.9,48.6,26.4,7.4,11.8,11.9,0.2,14.6,19.1
1953-11-01,5.2,44.0,79.1,27.1,9.2,13.3,13.3,0.0,13.8,20.2
1953-12-01,5.5,44.9,69.4,28.5,9.4,15.2,14.8,0.0,13.3,21.8
1954-01-01,5.5,40.6,58.0,29.2,7.1,15.2,15.2,0.0,13.9,22.2
1954-02-01,5.1,39.8,58.8,29.3,7.2,15.6,16.1,0.0,13.7,22.5
1954-03-01,3.7,51.6,86.6,26.2,9.7,14.4,15.5,0.0,11.7,20.3
1954-04-01,3.1,33.8,36.5,24.5,6.2,10.3,12.4,0.6,14.1,17.4
1954-05-01,2.3,31.4,43.5,21.4,5.7,7.2,10.1,3.3,14.2,14.3
1954-06-01,2.0,23.3,11.6,18.8,2.2,3.4,7.9,10.1,15.4,11.1
1954-07-01,2.2,18.1,17.5,18.2,3.0,1.7,6.9,14.0,16.5,9.9
1954-08-01,3.1,21.4,18.2,21.1,2.8,4.6,7.9,7.6,16.5,12.9
1954-09-01,4.0,32.1,24.8,24.0,3.7,8.3,9.8,2.0,15.7,16.1
1954-10-01,5.0,35.4,30.6,26.6,4.9,11.0,11.6,0.5,15.6,18.8
1954-11-01,5.4,38.6,61.6,27.4,8.2,12.7,12.8,0.1,14.8,20.0
1954-12-01,5.6,41.3,50.7,29.0,7.0,15.1,14.8,0.0,13.9,22.0
1955-01-01,5.3,46.9,110.4,28.8,10.4,16.0,15.8,0.0,12.8,22.4
1955-02-01,4.5,49.2,106.1,27.3,10.1,15.4,15.9,0.0,11.9,21.3
1955-03-01,4.0,41.6,53.0,26.8,7.6,13.7,14.9,0.0,13.1,20.2
1955-04-01,3.0,34.2,42.5,24.0,6.3,10.0,12.3,0.8,14.0,17.0
1955-05-01,2.3,32.8,19.8,21.9,3.8,8.0,10.7,2.4,13.9,14.9
1955-06-01,1.9,29.9,23.5,18.1,4.2,4.3,8.4,8.1,13.8,11.2
1955-07-01,2.2,21.1,15.2,19.0,2.9,3.2,7.7,10.9,15.9,11.1
1955-08-01,2.9,24.8,15.4,19.7,2.8,3.8,7.6,9.5,15.9,11.7
1955-09-01,4.1,25.5,12.1,23.7,2.4,6.3,8.7,4.4,17.4,15.0
1955-10-01,4.5,39.1,46.7,24.2,7.0,9.3,10.3,1.2,14.8,16.7
1955-11-01,5.2,41.0,77.1,26.5,9.5,12.0,12.3,0.2,14.5,19.2
1955-12-01,5.3,43.0,73.7,27.2,8.8,13.7,13.7,0.0,13.5,20.4
1956-01-01,5.7,39.8,37.9,30.1,6.6,15.8,15.4,0.0,14.3,22.9
1956-02-01,4.7,46.4,102.9,28.3,10.2,15.6,16.1,0.0,12.7,21.9
1956-03-01,3.8,47.3,97.1,26.9,10.4,14.8,16.1,0.0,12.1,20.8
1956-04-01,3.2,30.7,17.0,25.1,3.4,10.4,12.6,0.6,14.8,17.7
1956-05-01,2.3,31.1,37.9,20.8,5.5,6.5,9.8,4.5,14.3,13.6
1956-06-01,2.0,22.0,12.6,19.3,2.3,3.6,8.1,9.6,15.6,11.4
1956-07-01,2.2,22.3,11.5,19.8,2.1,4.2,8.2,8.7,15.7,12.0
1956-08-01,3.1,22.1,10.6,21.5,2.2,4.9,8.1,7.4,16.6,13.1
1956-09-01,3.9,30.1,32.1,23.1,4.7,6.8,8.9,3.7,16.3,14.9
1956-10-01,4.9,34.9,49.9,26.2,7.3,10.7,11.2,0.6,15.6,18.4
1956-11-01,5.2,45.7,57.4,27.1,7.5,13.5,13.3,0.0,13.6,20.3
1956-12-01,5.4,43.3,89.2,27.5,10.1,14.0,13.7,0.0,13.5,20.7
1957-01-01,5.7,41.6,58.3,30.3,7.6,16.4,16.3,0.0,13.9,23.3
1957-02-01,5.0,41.9,69.7,29.8,8.5,16.3,16.9,0.0,13.4,23.0
1957-03-01,4.1,40.2,66.1,28.1,8.8,14.8,16.1,0.0,13.3,21.4
1957-04-01,3.3,28.4,32.2,25.4,4.9,10.3,12.6,0.6,15.1,17.9
1957-05-01,2.5,19.8,23.0,22.8,4.1,6.5,9.9,4.4,16.3,14.6
1957-06-01,1.9,25.7,28.7,18.1,4.5,3.3,7.9,10.2,14.8,10.7
1957-07-01,2.2,26.5,23.1,19.4,3.5,4.6,8.5,8.0,14.8,11.9
1957-08-01,3.0,23.3,29.9,21.0,4.6,4.9,8.1,7.2,16.2,12.9
1957-09-01,3.8,36.0,63.0,23.2,7.3,8.6,9.9,1.9,14.6,15.9
1957-10-01,4.5,43.2,61.1,24.4,7.7,10.3,11.1,0.8,14.2,17.3
1957-11-01,5.7,36.3,37.2,28.9,5.9,13.6,13.7,0.0,15.2,21.2
1957-12-01,5.8,41.4,59.7,29.7,8.4,15.7,15.2,0.0,14.0,22.6
1958-01-01,5.3,48.4,108.9,29.1,9.6,16.6,16.6,0.0,12.5,22.9
1958-02-01,5.2,36.7,46.9,29.6,7.1,15.5,16.2,0.0,14.1,22.5
1958-03-01,4.3,34.7,39.8,28.4,6.3,14.1,15.4,0.0,14.3,21.3
1958-04-01,3.2,33.7,40.2,25.6,6.0,11.4,13.5,0.2,14.2,18.5
1958-05-01,2.4,26.9,36.6,22.4,5.1,7.3,10.3,3.3,15.1,14.8
1958-06-01,2.0,20.1,8.3,19.0,1.9,2.8,7.7,11.1,16.1,10.9
1958-07-01,2.4,16.1,3.3,20.7,0.8,3.7,8.0,9.7,17.0,12.2
1958-08-01,3.1,19.2,11.8,21.7,2.2,4.7,8.1,7.5,17.0,13.2
1958-09-01,3.9,33.3,30.0,23.3,4.7,8.0,9.7,2.3,15.3,15.6
1958-10-01,4.9,34.6,29.8,26.2,5.8,10.6,11.1,0.6,15.6,18.4
1958-11-01,5.5,39.0,59.3,28.5,7.8,13.7,13.7,0.0,14.8,21.1
1958-12-01,5.6,43.9,88.8,29.0,10.1,15.7,15.3,0.0,13.3,22.3
1959-01-01,5.5,41.5,68.3,29.0,8.3,15.1,15.0,0.0,13.9,22.0
1959-02-01,5.0,42.4,61.4,29.5,8.0,16.0,16.5,0.0,13.4,22.7
1959-03-01,4.3,34.1,39.1,28.5,6.2,14.0,15.2,0.0,14.4,21.2
1959-04-01,3.2,33.2,44.5,25.3,6.4,11.0,13.1,0.3,14.3,18.2
1959-05-01,2.2,33.8,55.6,20.1,6.4,6.3,9.8,4.8,13.8,13.2
1959-06-01,2.1,20.8,4.7,20.3,1.4,4.3,8.6,8.3,15.9,12.3
1959-07-01,2.2,25.5,24.9,19.6,4.2,4.5,8.4,8.0,15.1,12.0
1959-08-01,3.1,21.9,16.7,21.2,2.9,4.8,8.1,7.4,16.4,13.0
1959-09-01,4.2,26.8,14.3,24.7,2.9,7.6,9.3,2.6,17.1,16.1
1959-10-01,4.8,39.0,40.1,25.8,6.6,10.9,11.3,0.4,14.9,18.3
1959-11-01,5.4,42.0,47.7,27.9,6.8,13.6,13.4,0.0,14.3,20.7
1959-12-01,5.5,44.2,73.9,28.4,9.1,15.1,14.8,0.0,13.3,21.7
1960-01-01,5.7,40.5,46.0,29.8,6.9,15.5,15.2,0.0,14.4,22.6
1960-02-01,4.9,43.4,57.7,29.3,6.6,16.1,16.6,0.0,13.2,22.7
1960-03-01,4.1,41.4,59.0,27.7,8.0,14.3,15.6,0.0,13.3,21.0
1960-04-01,2.9,39.0,45.6,23.6,6.4,10.3,12.6,0.6,13.3,16.9
1960-05-01,2.3,28.3,21.1,21.0,4.0,6.2,9.5,4.9,14.8,13.6
1960-06-01,2.0,23.3,12.7,19.1,2.7,3.7,8.2,9.5,15.3,11.4
1960-07-01,2.2,19.5,9.8,19.1,2.4,2.7,7.4,11.8,16.4,10.9
1960-08-01,3.0,27.5,21.2,22.1,3.6,6.6,9.2,4.0,15.5,14.3
1960-09-01,4.0,33.1,19.5,24.4,3.3,8.9,10.0,1.3,15.5,16.7
1960-10-01,5.0,36.8,35.5,27.1,5.9,11.8,12.2,0.2,15.3,19.5
1960-11-01,5.3,45.3,67.8,27.7,8.0,14.1,13.7,0.0,13.6,20.9
1960-12-01,5.6,44.3,87.5,28.8,9.5,15.5,14.9,0.0,13.3,22.1
1961-01-01,5.6,42.3,55.6,29.6,8.0,15.6,15.2,0.0,13.9,22.6
1961-02-01,5.2,36.9,50.5,30.0,6.5,15.9,16.4,0.0,14.0,22.9
1961-03-01,3.9,48.7,90.5,27.3,9.7,15.4,16.4,0.0,11.9,21.3
1961-04-01,3.0,42.6,71.2,24.5,8.4,11.8,13.8,0.2,12.7,18.1
1961-05-01,2.2,36.2,35.5,20.7,5.5,7.2,10.6,3.3,13.4,13.9
1961-06-01,1.8,33.9,31.3,18.8,4.9,5.9,9.5,5.1,12.9,12.3
1961-07-01,2.1,28.0,22.5,19.6,3.8,5.1,9.0,6.9,14.5,12.3
1961-08-01,2.9,28.0,16.7,20.1,3.4,5.0,8.2,6.8,15.0,12.5
1961-09-01,4.0,33.2,24.1,24.5,3.9,9.1,10.3,1.2,15.5,16.8
1961-10-01,4.9,32.2,22.0,25.8,4.1,9.7,10.7,1.1,16.1,17.7
1961-11-01,5.2,46.4,67.4,27.4,8.2,13.9,13.5,0.0,13.5,20.6
1961-12-01,5.6,39.7,48.4,28.5,6.6,14.2,14.1,0.0,14.3,21.3
1962-01-01,5.6,41.7,50.2,30.1,7.3,16.2,16.1,0.0,13.9,23.1
1962-02-01,4.8,46.2,67.6,29.0,8.1,16.0,16.6,0.0,13.1,22.5
1962-03-01,4.2,37.7,57.0,28.2,7.7,14.2,15.4,0.0,14.0,21.1
1962-04-01,3.1,32.0,40.9,24.8,5.9,10.4,12.7,0.5,14.4,17.6
1962-05-01,2.5,22.4,7.6,22.1,1.9,6.2,9.6,4.9,15.9,14.1
1962-06-01,2.1,21.0,18.7,19.6,2.7,3.8,8.1,9.4,15.8,11.7
1962-07-01,2.3,18.2,6.8,20.1,1.7,3.5,7.8,10.1,16.5,11.8
1962-08-01,3.1,24.1,29.6,21.6,4.6,5.6,8.5,5.7,16.0,13.6
1962-09-01,4.2,27.2,9.7,25.2,2.7,8.3,9.7,2.0,16.9,16.7
1962-10-01,4.9,37.9,35.1,26.8,5.4,11.6,12.1,0.3,15.2,19.2
1962-11-01,5.0,48.2,86.2,26.7,9.8,13.6,13.9,0.0,13.1,20.1
1962-12-01,5.8,40.3,46.5,29.9,6.7,15.6,15.1,0.0,14.2,22.7
1963-01-01,5.1,54.2,104.8,28.5,11.2,16.6,15.8,0.0,11.9,22.5
1963-02-01,5.1,41.4,34.0,29.6,5.6,15.8,16.0,0.0,13.8,22.6
1963-03-01,4.0,44.5,80.6,27.0,8.8,13.8,14.7,0.0,13.1,20.4
1963-04-01,2.9,40.4,53.6,23.5,7.3,10.4,12.6,0.5,13.1,16.9
1963-05-01,2.3,30.6,19.0,21.0,4.0,6.5,9.6,4.3,14.4,13.7
1963-06-01,1.9,28.2,27.5,18.5,4.6,4.3,8.4,8.3,14.2,11.4
1963-07-01,2.0,30.9,33.1,17.4,4.9,3.5,7.8,10.1,13.8,10.4
1963-08-01,3.1,22.1,14.6,21.2,2.9,4.7,7.8,7.6,16.5,12.9
1963-09-01,4.3,30.0,6.4,26.1,2.3,9.9,10.5,0.6,16.2,18.0
1963-10-01,4.8,43.9,47.3,26.5,7.4,12.4,12.3,0.1,14.0,19.4
1963-11-01,5.0,51.8,71.4,27.3,8.9,14.7,14.3,0.0,12.6,21.0
1963-12-01,5.8,40.6,51.6,29.8,7.8,15.5,14.9,0.0,14.3,22.6
1964-01-01,5.8,39.2,64.3,30.3,7.2,16.1,15.8,0.0,14.2,23.2
1964-02-01,5.3,33.7,43.1,30.2,7.0,15.8,16.6,0.0,14.4,23.0
1964-03-01,4.3,38.5,45.3,29.5,6.8,15.6,16.9,0.0,13.9,22.5
1964-04-01,3.1,32.4,27.7,24.8,4.4,10.4,12.8,0.6,14.4,17.6
1964-05-01,2.5,23.2,7.3,22.7,2.0,7.0,10.1,3.8,15.7,14.8
1964-06-01,1.9,26.3,34.4,17.5,4.9,2.8,7.4,11.2,14.7,10.1
1964-07-01,2.2,19.5,5.8,18.5,1.3,2.2,7.1,12.9,16.3,10.3
1964-08-01,2.9,27.2,15.0,20.1,3.1,4.7,8.1,7.4,15.4,12.4
1964-09-01,3.9,34.8,27.6,23.3,4.5,8.2,9.6,2.1,15.1,15.7
1964-10-01,4.4,48.6,71.0,24.7,8.5,11.4,11.8,0.3,13.3,18.0
1964-11-01,5.2,42.0,40.9,27.0,7.0,12.8,13.0,0.1,14.2,19.9
1964-12-01,5.6,42.1,65.0,28.6,8.3,14.9,14.3,0.0,13.7,21.7
1965-01-01,5.6,42.3,51.3,29.9,7.2,16.2,15.9,0.0,13.7,23.0
1965-02-01,5.3,33.9,29.3,30.4,5.5,15.7,16.4,0.0,14.7,23.1
1965-03-01,4.3,35.1,34.6,28.5,6.2,14.2,15.2,0.0,14.3,21.3
1965-04-01,2.9,43.9,46.1,23.8,6.7,11.3,13.0,0.2,12.5,17.5
1965-05-01,2.4,23.7,16.6,22.1,2.7,6.4,9.7,4.5,15.7,14.2
1965-06-01,1.9,22.8,19.1,17.5,2.7,2.0,7.3,13.0,15.5,9.7
1965-07-01,2.2,25.3,19.8,19.0,3.9,4.0,7.9,9.1,15.0,11.5
1965-08-01,3.1,25.4,15.1,22.1,2.8,6.3,8.9,4.6,15.9,14.2
1965-09-01,4.0,33.5,17.8,24.4,3.7,9.2,10.1,1.0,15.2,16.8
1965-10-01,4.6,42.7,37.8,24.3,6.0,10.1,10.2,0.6,14.3,17.2
1965-11-01,5.1,45.2,58.1,26.8,7.9,13.2,13.5,0.0,13.6,20.0
1965-12-01,5.8,37.8,32.6,29.6,5.8,14.5,14.9,0.0,15.0,22.0
1966-01-01,5.5,46.5,89.3,30.8,9.7,17.5,17.7,0.0,13.3,24.1
1966-02-01,4.5,47.3,66.6,27.5,7.6,15.2,16.4,0.0,12.3,21.3
1966-03-01,4.4,32.0,17.2,28.8,4.6,14.1,15.0,0.0,14.8,21.4
1966-04-01,3.0,37.6,19.1,24.4,4.3,10.8,12.9,0.5,13.6,17.6
1966-05-01,2.4,25.4,18.1,22.1,2.8,6.6,9.8,4.2,15.5,14.3
1966-06-01,2.0,25.3,14.0,20.0,3.2,5.1,9.2,6.7,14.9,12.5
1966-07-01,2.2,20.5,7.7,19.2,1.5,3.2,7.9,10.8,16.0,11.2
1966-08-01,3.0,25.2,15.8,21.5,2.9,5.5,8.3,5.9,16.0,13.5
1966-09-01,3.8,34.2,22.8,23.2,4.5,8.1,9.7,2.1,15.1,15.6
1966-10-01,4.8,41.7,31.9,26.4,5.5,11.9,11.9,0.2,14.4,19.1
1966-11-01,5.4,41.3,39.7,28.3,6.2,13.9,13.9,0.0,14.4,21.1
1966-12-01,5.7,42.0,64.0,29.9,8.1,16.2,15.8,0.0,13.7,23.0
1967-01-01,5.3,45.5,97.6,29.1,9.5,16.1,16.2,0.0,13.1,22.6
1967-02-01,4.7,49.5,85.8,28.2,8.8,16.1,16.3,0.0,12.2,22.1
1967-03-01,3.9,46.6,71.2,26.8,8.9,14.3,15.4,0.0,12.5,20.5
1967-04-01,2.7,49.2,92.6,22.4,9.3,11.2,13.4,0.2,11.2,16.8
1967-05-01,2.2,34.4,42.5,21.1,5.9,7.5,10.5,2.9,13.6,14.3
1967-06-01,1.8,30.7,19.2,17.8,3.3,4.2,8.4,8.3,13.6,11.0
1967-07-01,2.1,23.2,14.1,17.7,2.6,2.2,7.3,13.0,15.5,9.9
1967-08-01,3.0,24.2,12.2,20.9,3.0,5.0,8.2,6.8,15.9,12.9
1967-09-01,4.1,30.1,10.0,24.4,2.4,8.3,9.7,1.9,16.2,16.3
1967-10-01,4.8,37.1,35.3,26.0,6.2,10.9,11.5,0.4,15.1,18.4
1967-11-01,5.3,44.5,53.8,27.9,7.8,14.0,13.8,0.0,13.9,20.9
1967-12-01,5.9,39.0,34.4,30.1,5.7,15.4,14.8,0.0,14.7,22.7
1968-01-01,5.9,35.8,32.4,30.9,5.4,15.9,15.9,0.0,15.0,23.4
1968-02-01,5.3,31.3,28.3,29.6,4.5,14.5,15.5,0.0,15.0,22.0
1968-03-01,3.8,48.9,80.8,26.5,9.2,14.4,15.4,0.0,12.1,20.4
1968-04-01,2.8,41.7,43.3,22.8,6.3,10.1,12.3,0.7,12.7,16.4
1968-05-01,2.1,39.1,34.3,20.2,5.4,7.6,10.5,2.9,12.7,13.9
1968-06-01,1.8,28.9,18.1,16.3,2.9,2.2,7.2,12.3,14.1,9.3
1968-07-01,2.2,22.8,9.6,19.1,1.8,3.6,8.0,10.1,15.6,11.3
1968-08-01,2.8,27.8,18.0,20.4,3.3,5.1,8.6,7.0,15.2,12.7
1968-09-01,4.0,31.5,20.9,23.9,3.5,7.9,9.5,2.3,16.0,15.9
1968-10-01,4.7,39.0,31.4,25.7,6.4,10.8,11.4,0.5,14.9,18.2
1968-11-01,5.3,40.9,45.3,27.3,6.5,12.9,12.7,0.1,14.4,20.1
1968-12-01,5.7,40.6,52.5,29.6,7.3,15.5,15.3,0.0,14.1,22.5
1969-01-01,6.0,34.9,35.2,31.7,5.5,16.6,16.7,0.0,15.1,24.1
1969-02-01,5.1,41.4,62.8,30.6,8.5,17.2,18.1,0.0,13.4,23.9
1969-03-01,3.9,48.0,86.1,27.2,9.4,15.3,16.6,0.0,11.9,21.2
1969-04-01,2.9,39.7,47.1,23.8,6.9,10.8,13.2,0.4,13.0,17.3
1969-05-01,2.2,33.8,32.0,21.0,4.3,7.0,10.2,3.4,14.0,14.0
1969-06-01,1.9,27.3,9.1,18.9,2.2,4.4,8.6,7.9,14.4,11.6
1969-07-01,2.3,21.2,8.0,20.0,1.8,4.0,8.2,9.0,16.0,12.0
1969-08-01,3.1,22.9,8.8,21.8,2.2,5.7,8.6,5.7,16.1,13.7
1969-09-01,3.9,32.9,21.4,23.2,3.7,7.7,9.3,2.6,15.5,15.4
1969-10-01,4.4,48.4,66.8,24.6,8.5,11.4,11.8,0.2,13.2,18.0
1969-11-01,5.4,40.0,37.6,28.0,6.2,13.3,13.4,0.0,14.7,20.6
1969-12-01,5.8,40.1,52.8,29.6,6.5,15.4,14.9,0.0,14.2,22.5
1970-01-01,5.8,39.3,36.9,31.1,6.1,16.7,16.7,0.0,14.5,23.9
1970-02-01,5.1,40.8,49.5,29.7,7.0,16.1,16.4,0.0,13.7,22.9
1970-03-01,4.5,30.3,18.9,29.4,4.2,14.2,15.4,0.0,15.2,21.8
1970-04-01,3.3,31.4,17.2,26.0,4.0,11.3,13.1,0.3,14.8,18.6
1970-05-01,2.4,32.5,23.2,21.9,4.4,7.9,10.3,2.4,14.0,14.8
1970-06-01,1.9,28.9,24.6,18.5,4.1,4.5,8.6,7.8,14.0,11.4
1970-07-01,2.1,22.9,15.2,18.7,3.2,3.2,7.9,10.9,15.6,10.9
1970-08-01,2.9,24.7,39.3,20.7,4.9,4.8,8.5,7.6,15.9,12.8
1970-09-01,4.0,32.1,23.2,24.0,3.7,8.3,9.9,2.1,15.7,16.1
1970-10-01,4.7,44.0,45.7,25.7,7.4,11.6,11.6,0.2,14.1,18.6
1970-11-01,5.3,40.3,41.0,27.8,6.2,13.2,13.7,0.1,14.6,20.5
1970-12-01,5.5,42.9,78.9,28.4,9.5,14.7,14.9,0.0,13.8,21.5
1971-01-01,5.3,46.8,82.5,29.0,8.7,16.2,16.2,0.0,12.8,22.6
1971-02-01,4.7,48.1,56.0,28.3,8.2,15.9,16.0,0.0,12.5,22.1
1971-03-01,4.3,37.7,51.6,28.7,7.4,14.8,16.0,0.0,13.9,21.7
1971-04-01,3.1,35.9,52.6,25.0,6.9,11.3,13.7,0.3,13.7,18.1
1971-05-01,2.3,34.0,37.7,21.0,5.3,7.1,10.1,3.3,13.9,14.0
1971-06-01,2.0,27.1,10.1,19.0,2.6,4.6,8.5,7.4,14.5,11.8
1971-07-01,2.1,27.4,32.6,18.7,4.7,4.1,8.1,8.5,14.6,11.4
1971-08-01,2.9,26.0,29.3,20.1,4.1,4.3,7.9,8.4,15.8,12.2
1971-09-01,3.9,33.6,13.0,23.7,2.5,8.2,10.0,2.4,15.5,15.9
1971-10-01,4.6,43.9,49.2,25.1,7.2,10.8,11.2,0.4,14.3,17.9
1971-11-01,5.1,44.3,53.7,26.7,6.9,12.8,12.7,0.1,13.9,19.7
1971-12-01,5.6,43.4,57.9,28.7,7.7,14.9,14.5,0.0,13.9,21.8
1972-01-01,5.2,51.1,115.6,29.0,11.1,16.7,16.3,0.0,12.3,22.8
1972-02-01,4.8,46.0,78.5,28.4,7.9,15.5,15.7,0.0,13.0,21.9
1972-03-01,3.7,51.6,87.4,26.6,9.3,14.8,16.0,0.0,11.8,20.7
1972-04-01,3.0,40.6,27.8,25.0,5.1,11.4,13.5,0.3,13.5,18.2
1972-05-01,2.4,28.7,23.7,21.4,3.4,6.5,9.7,4.5,14.9,13.9
1972-06-01,2.0,23.9,12.2,18.9,2.7,3.6,7.9,9.6,15.3,11.3
1972-07-01,2.3,18.9,7.1,19.9,1.6,3.3,7.6,10.6,16.6,11.6
1972-08-01,3.0,21.2,9.6,21.1,2.3,4.3,7.9,8.5,16.8,12.7
1972-09-01,4.1,30.0,11.4,24.7,3.1,8.1,9.5,2.0,16.6,16.4
1972-10-01,5.0,38.2,29.3,27.2,5.4,12.1,12.2,0.2,15.1,19.6
1972-11-01,5.5,42.2,47.2,28.7,6.7,14.2,13.6,0.0,14.4,21.4
1972-12-01,6.0,37.9,29.1,30.9,5.5,15.6,15.7,0.0,15.3,23.2
1973-01-01,5.9,36.9,38.1,31.4,5.7,16.4,16.7,0.0,15.0,23.9
1973-02-01,4.9,45.5,75.4,29.1,8.3,16.2,16.7,0.0,12.9,22.6
1973-03-01,4.1,43.1,57.6,28.8,8.2,15.8,17.3,0.0,13.0,22.3
1973-04-01,3.0,43.6,49.9,24.2,6.8,11.7,13.4,0.2,12.5,18.0
1973-05-01,2.3,28.9,10.7,21.4,2.4,6.7,10.0,4.2,14.7,14.0
1973-06-01,2.1,20.6,3.8,20.6,1.2,4.6,8.9,7.8,16.1,12.6
1973-07-01,2.2,22.5,17.7,19.5,3.4,4.0,8.1,8.9,15.5,11.8
1973-08-01,2.9,28.5,25.0,20.3,3.9,5.0,8.1,6.9,15.3,12.6
1973-09-01,3.8,33.1,45.0,23.1,5.1,7.4,9.6,3.2,15.7,15.2
1973-10-01,4.7,42.1,35.5,26.0,6.8,11.6,11.8,0.3,14.4,18.8
1973-11-01,5.2,46.1,56.3,27.0,7.8,13.4,13.1,0.0,13.6,20.2
1973-12-01,5.3,47.5,88.3,27.6,10.1,15.1,14.6,0.0,12.5,21.3
1974-01-01,5.0,55.8,136.8,28.6,12.0,16.9,16.6,0.0,11.6,22.7
1974-02-01,4.4,58.7,105.3,27.9,10.8,17.0,17.2,0.0,10.8,22.4
1974-03-01,3.7,53.6,92.6,26.5,9.8,14.7,15.7,0.0,11.7,20.6
1974-04-01,2.8,48.1,45.7,23.7,6.4,11.5,13.3,0.2,12.1,17.6
1974-05-01,2.3,34.1,35.3,20.9,4.9,7.1,10.0,3.4,13.8,14.0
1974-06-01,2.0,26.3,18.7,19.2,3.1,4.3,8.3,8.2,14.9,11.7
1974-07-01,2.2,22.6,10.9,19.3,1.9,3.4,8.0,10.3,15.9,11.3
1974-08-01,2.8,30.5,44.3,19.5,5.3,4.8,8.2,7.5,14.7,12.1
1974-09-01,3.9,33.0,16.0,23.0,3.3,7.4,9.1,2.6,15.6,15.2
1974-10-01,4.8,36.0,23.5,26.0,4.7,10.6,11.5,0.6,15.4,18.3
1974-11-01,5.0,49.8,80.6,26.8,9.3,13.8,13.7,0.0,13.0,20.3
1974-12-01,5.6,41.9,59.7,28.9,7.6,14.8,14.6,0.0,14.0,21.8
1975-01-01,5.5,42.3,87.8,29.4,9.9,15.7,15.6,0.0,13.7,22.6
1975-02-01,4.6,49.9,85.6,28.2,8.8,16.1,16.5,0.0,12.0,22.1
1975-03-01,3.7,49.2,71.6,25.9,8.6,13.9,15.2,0.0,12.0,19.8
1975-04-01,3.0,37.8,42.1,24.3,6.0,10.5,12.7,0.5,13.8,17.4
1975-05-01,2.4,27.7,24.9,21.8,4.7,6.7,10.3,4.4,15.1,14.2
1975-06-01,2.1,22.4,16.6,20.0,3.5,4.2,8.4,8.3,15.8,12.1
1975-07-01,2.2,23.3,16.0,19.0,3.2,3.3,7.6,10.3,15.6,11.1
1975-08-01,3.0,23.6,13.5,20.9,2.6,4.5,8.0,8.0,16.3,12.7
1975-09-01,4.0,37.7,38.1,24.5,4.5,9.9,10.5,0.7,14.6,17.2
1975-10-01,4.7,37.5,19.5,25.3,4.5,10.1,10.9,0.8,15.2,17.7
1975-11-01,5.1,46.2,61.5,27.2,8.0,13.1,13.2,0.1,14.2,20.1
1975-12-01,5.2,47.0,119.4,27.2,11.2,14.5,14.2,0.0,12.7,20.8
1976-01-01,4.9,59.1,124.6,27.9,11.1,16.3,15.8,0.0,11.6,22.0
1976-02-01,4.5,52.1,112.2,27.7,11.3,15.9,16.1,0.0,11.8,21.7
1976-03-01,3.6,54.1,121.9,26.1,11.2,14.8,15.9,0.0,11.3,20.4
1976-04-01,3.0,41.4,46.8,24.2,6.7,11.1,12.9,0.3,13.2,17.6
1976-05-01,2.2,36.3,37.3,20.9,5.4,7.6,10.3,2.8,13.3,14.2
1976-06-01,1.9,28.1,18.9,18.4,2.9,4.1,8.4,8.6,14.3,11.2
1976-07-01,2.2,22.2,15.9,19.0,3.1,3.0,7.6,11.1,16.0,11.0
1976-08-01,3.0,23.1,7.6,20.7,1.9,3.9,7.6,9.2,16.9,12.3
1976-09-01,4.0,33.6,25.9,24.3,4.5,8.8,9.9,1.3,15.4,16.5
1976-10-01,4.3,50.5,74.4,24.2,9.1,11.3,11.4,0.2,12.9,17.7
1976-11-01,5.1,40.6,54.0,26.4,7.6,11.7,12.7,0.2,14.7,19.0
1976-12-01,5.6,42.3,54.9,29.1,8.1,14.7,14.4,0.0,14.3,21.9
1977-01-01,5.5,44.4,72.7,30.3,8.2,16.2,16.4,0.0,14.1,23.2
1977-02-01,4.6,53.8,96.5,28.9,10.2,17.4,17.5,0.0,11.5,23.1
1977-03-01,3.8,47.2,77.3,26.3,8.9,13.9,15.2,0.0,12.4,20.1
1977-04-01,3.2,39.3,40.9,25.5,6.6,12.1,13.5,0.1,13.5,18.8
1977-05-01,2.3,28.9,36.2,20.9,5.1,6.0,9.4,5.3,14.9,13.4
1977-06-01,2.1,20.5,13.7,20.0,2.5,3.7,8.0,9.6,16.2,11.8
1977-07-01,2.3,15.8,10.1,19.8,1.6,2.6,7.5,12.1,17.1,11.2
1977-08-01,3.0,24.6,17.9,21.0,3.4,5.0,8.4,6.9,16.0,13.0
1977-09-01,3.8,38.0,49.1,23.5,6.7,9.0,10.4,1.3,14.5,16.2
1977-10-01,4.8,41.4,36.3,26.3,6.3,11.7,11.9,0.3,14.6,19.0
1977-11-01,5.5,41.5,55.1,28.5,7.8,13.8,13.6,0.0,14.7,21.2
1977-12-01,5.7,44.5,75.3,29.7,8.8,16.1,15.5,0.0,13.6,22.9
1978-01-01,5.2,50.4,100.9,29.0,9.8,16.4,16.3,0.0,12.6,22.6
1978-02-01,4.8,47.3,64.6,29.0,7.6,16.2,16.7,0.0,12.8,22.5
1978-03-01,4.1,44.1,73.8,28.3,8.6,15.4,16.4,0.0,12.8,21.8
1978-04-01,2.9,42.2,53.6,23.5,6.5,10.5,12.6,0.5,13.0,17.0
1978-05-01,2.5,24.1,8.7,22.2,1.8,6.2,9.7,4.8,16.0,14.2
1978-06-01,2.1,17.7,8.1,19.5,2.0,2.3,7.5,12.3,17.1,10.9
1978-07-01,2.3,21.3,6.8,20.5,1.3,4.2,8.1,8.5,16.3,12.3
1978-08-01,3.0,26.4,19.7,21.9,3.9,5.9,9.1,6.2,16.0,13.9
1978-09-01,3.8,34.9,28.2,22.8,4.4,7.9,9.7,2.4,14.9,15.3
1978-10-01,4.6,39.0,47.3,24.8,6.7,9.7,10.9,1.1,15.1,17.2
1978-11-01,5.5,41.5,44.6,28.5,6.8,13.9,13.5,0.0,14.7,21.2
1978-12-01,5.6,44.2,62.3,29.2,8.3,15.3,14.6,0.0,13.9,22.2
1979-01-01,5.5,45.9,54.9,29.6,7.6,15.6,15.3,0.0,14.0,22.6
1979-02-01,5.0,46.1,53.9,30.1,7.5,16.9,17.2,0.0,13.3,23.5
1979-03-01,4.3,35.0,33.7,28.5,5.6,13.8,15.1,0.0,14.7,21.1
1979-04-01,3.4,32.8,24.3,27.0,4.4,12.0,13.5,0.1,15.0,19.5
1979-05-01,2.4,30.6,28.1,22.4,4.6,7.8,10.5,2.6,14.5,15.1
1979-06-01,2.0,25.4,11.1,19.3,2.5,4.5,8.7,7.7,14.8,11.9
1979-07-01,2.1,29.3,33.6,18.1,4.8,3.8,7.9,9.3,14.2,10.9
1979-08-01,2.8,35.6,42.0,20.6,5.6,6.8,9.1,3.8,13.9,13.7
1979-09-01,3.8,35.9,19.7,22.9,3.7,8.3,9.8,2.0,14.7,15.6
1979-10-01,4.7,42.6,47.6,25.8,7.3,11.3,11.9,0.4,14.5,18.5
1979-11-01,5.4,44.2,49.5,28.0,7.2,13.7,13.4,0.0,14.3,20.8
1979-12-01,5.8,41.7,42.4,29.9,6.5,15.5,14.9,0.0,14.3,22.7
1980-01-01,5.6,42.6,62.9,29.8,7.5,15.8,15.5,0.0,14.1,22.8
1980-02-01,4.9,46.9,76.1,29.4,8.5,16.2,16.8,0.0,13.1,22.8
1980-03-01,4.2,43.1,43.1,28.3,6.7,15.2,16.0,0.0,13.2,21.7
1980-04-01,3.3,27.1,17.7,25.7,3.8,10.2,12.3,0.6,15.5,18.0
1980-05-01,2.5,21.4,10.8,22.8,2.2,6.4,9.8,4.5,16.4,14.6
1980-06-01,2.1,22.0,11.0,19.4,2.2,3.6,7.9,9.5,15.8,11.5
1980-07-01,2.4,16.4,4.6,20.3,1.3,3.1,7.6,10.9,17.2,11.7
1980-08-01,3.0,29.3,20.8,21.6,3.9,6.6,8.9,4.0,15.0,14.0
1980-09-01,3.7,39.0,47.8,22.4,6.5,8.5,9.8,1.7,14.0,15.4
1980-10-01,5.1,34.1,19.4,27.0,4.0,11.1,11.3,0.4,15.9,19.0
1980-11-01,5.0,49.0,89.9,26.5,9.6,13.1,13.3,0.1,13.4,19.8
1980-12-01,5.7,42.4,54.4,29.3,7.3,15.3,14.9,0.0,14.0,22.3
1981-01-01,5.3,47.4,106.0,29.6,10.5,16.3,16.4,0.0,13.3,22.9
1981-02-01,4.6,52.7,82.3,28.4,9.3,16.5,16.8,0.0,12.0,22.4
1981-03-01,3.9,43.2,67.6,26.7,8.7,13.6,14.9,0.0,13.1,20.1
1981-04-01,3.3,30.8,21.9,25.9,4.5,11.0,12.9,0.4,14.9,18.4
1981-05-01,2.3,34.7,33.1,21.9,4.3,8.0,10.4,2.3,13.9,14.9
1981-06-01,2.0,23.1,15.0,18.8,2.7,3.1,7.7,10.4,15.7,10.9
1981-07-01,2.2,20.9,11.8,19.5,2.2,3.5,7.9,10.1,16.1,11.5
1981-08-01,2.6,36.0,53.3,18.6,6.6,5.0,8.2,6.7,13.6,11.8
1981-09-01,3.7,32.9,22.8,22.2,3.8,7.2,9.0,3.2,15.0,14.6
1981-10-01,4.5,42.1,40.6,24.3,7.1,9.8,10.4,0.8,14.4,17.0
1981-11-01,5.5,42.3,52.7,28.6,7.2,13.8,13.9,0.0,14.8,21.2
1981-12-01,5.6,44.4,58.5,28.9,8.2,15.0,14.7,0.0,13.9,22.0
1982-01-01,5.6,42.1,51.8,30.2,6.9,15.9,15.8,0.0,14.2,23.0
1982-02-01,5.1,41.0,35.8,30.3,6.1,16.2,16.9,0.0,14.1,23.2
1982-03-01,4.1,39.8,47.7,27.9,6.8,14.3,15.5,0.0,13.6,21.1
1982-04-01,2.7,47.8,63.0,22.7,8.0,10.7,12.8,0.4,12.1,16.7
1982-05-01,2.5,24.0,7.3,22.7,1.6,6.9,10.0,3.9,15.8,14.8
1982-06-01,2.0,23.8,17.7,19.4,3.2,3.9,8.1,8.8,15.5,11.7
1982-07-01,2.1,27.4,23.3,19.0,4.2,4.4,8.4,8.3,14.7,11.7
1982-08-01,3.1,22.1,7.3,21.9,1.8,5.2,8.4,6.6,16.7,13.5
1982-09-01,4.1,35.8,17.6,25.2,4.1,10.1,10.4,0.5,15.0,17.6
1982-10-01,4.7,45.7,61.4,25.7,8.6,12.0,11.7,0.1,13.7,18.8
1982-11-01,5.3,42.9,35.7,27.4,6.1,13.0,13.1,0.1,14.5,20.2
1982-12-01,5.8,39.5,38.0,30.1,6.4,15.1,15.1,0.0,15.0,22.6
1983-01-01,5.9,41.5,40.0,32.1,6.4,17.3,17.4,0.0,14.8,24.7
1983-02-01,5.3,33.3,26.8,30.6,5.4,15.6,16.7,0.0,15.0,23.1
1983-03-01,4.3,35.8,39.1,29.3,6.6,14.7,16.3,0.0,14.6,21.9
1983-04-01,3.4,34.3,21.8,27.3,4.4,12.7,14.5,0.1,14.5,20.0
1983-05-01,2.3,32.5,31.9,21.9,5.1,7.8,10.9,2.7,14.1,14.8
1983-06-01,2.0,28.2,23.9,19.6,4.2,5.1,9.0,6.6,14.4,12.3
1983-07-01,2.2,27.9,35.1,19.3,4.6,4.6,8.5,7.7,14.7,11.9
1983-08-01,3.0,24.3,11.8,20.9,2.1,4.8,8.0,7.3,16.2,12.8
1983-09-01,4.1,32.2,21.5,24.7,4.5,9.2,10.1,1.1,15.5,16.9
1983-10-01,4.6,46.5,41.7,25.7,6.6,12.1,12.0,0.1,13.6,18.9
1983-11-01,5.1,50.1,83.3,27.5,9.5,14.2,14.1,0.0,13.3,20.8
1983-12-01,5.5,47.7,68.4,29.2,8.5,16.2,15.5,0.0,13.0,22.7
1984-01-01,5.8,40.6,66.1,30.9,6.7,16.6,16.3,0.0,14.3,23.7
1984-02-01,5.4,37.3,28.9,31.2,5.3,16.7,17.2,0.0,14.5,24.0
1984-03-01,4.0,46.3,65.5,28.6,8.3,15.8,17.0,0.0,12.8,22.2
1984-04-01,3.2,32.1,27.9,25.4,5.0,10.9,13.0,0.4,14.5,18.2
1984-05-01,2.4,31.1,24.1,21.8,4.1,7.4,10.3,3.1,14.4,14.6
1984-06-01,2.0,25.0,16.1,19.5,3.1,4.5,8.5,7.8,15.1,12.0
1984-07-01,2.2,25.6,21.5,19.4,2.8,4.3,8.4,8.6,15.1,11.8
1984-08-01,3.0,26.0,18.2,21.8,3.2,5.9,8.7,5.4,15.9,13.8
1984-09-01,4.0,33.8,17.4,24.8,3.3,9.1,10.3,1.3,15.7,16.9
1984-10-01,4.6,45.9,58.8,25.8,7.8,12.0,12.4,0.2,13.7,18.9
1984-11-01,5.4,43.7,49.0,27.8,7.0,13.7,13.2,0.0,14.1,20.7
1984-12-01,5.8,40.0,34.2,29.4,5.9,14.9,14.7,0.0,14.5,22.1
1985-01-01,5.5,49.3,73.6,30.6,9.8,17.5,17.0,0.0,13.0,24.0
1985-02-01,4.7,52.7,98.8,29.1,10.0,17.1,17.4,0.0,12.0,23.1
1985-03-01,4.1,39.9,43.0,27.7,7.1,14.0,15.4,0.0,13.7,20.8
1985-04-01,3.3,33.0,16.0,25.6,3.7,10.9,12.6,0.4,14.7,18.3
1985-05-01,2.4,25.8,14.1,22.5,3.1,7.1,10.3,3.7,15.4,14.8
1985-06-01,2.2,20.1,14.2,20.6,2.6,4.2,8.3,8.5,16.3,12.4
1985-07-01,2.3,20.9,12.0,19.6,2.2,3.5,7.9,10.2,16.1,11.5
1985-08-01,3.2,20.7,6.2,23.2,1.8,6.4,9.0,4.3,16.7,14.8
1985-09-01,3.9,36.2,20.1,24.1,3.9,9.3,10.3,1.0,14.8,16.7
1985-10-01,4.8,45.6,77.0,27.0,9.2,13.1,12.6,0.0,13.9,20.0
1985-11-01,5.5,47.3,57.7,28.8,8.0,15.2,14.1,0.0,13.6,22.0
1985-12-01,5.3,49.5,93.3,28.2,10.6,15.4,15.0,0.0,12.8,21.8
1986-01-01,5.6,46.0,64.5,30.4,8.1,16.8,16.4,0.0,13.7,23.6
1986-02-01,5.1,41.9,41.2,29.6,6.3,15.7,16.1,0.0,13.9,22.6
1986-03-01,4.1,40.9,46.4,28.3,7.2,14.5,15.8,0.0,13.8,21.3
1986-04-01,3.2,38.0,37.4,25.9,5.6,12.1,14.1,0.1,13.8,19.0
1986-05-01,2.6,21.0,3.8,24.1,1.0,7.8,10.5,2.6,16.3,15.9
1986-06-01,2.0,27.7,24.3,19.6,4.4,5.1,8.6,6.6,14.5,12.3
1986-07-01,2.3,22.0,9.1,19.8,1.8,3.9,8.0,9.3,15.9,11.8
1986-08-01,3.0,28.8,28.6,22.0,4.0,6.6,9.1,4.0,15.3,14.3
1986-09-01,4.0,35.2,20.1,24.1,3.7,9.2,10.1,1.0,14.9,16.6
1986-10-01,4.5,48.2,64.2,25.4,8.7,12.0,11.9,0.1,13.4,18.7
1986-11-01,5.1,47.4,58.3,26.9,8.2,13.3,13.0,0.0,13.6,20.1
1986-12-01,5.9,40.8,50.2,30.3,6.7,16.0,15.4,0.0,14.3,23.1
1987-01-01,5.8,39.1,42.1,30.7,6.0,16.3,16.2,0.0,14.4,23.5
1987-02-01,5.1,44.8,52.8,30.9,7.5,17.4,18.3,0.0,13.4,24.1
1987-03-01,4.2,39.0,53.7,28.8,7.4,15.3,16.5,0.0,13.5,22.0
1987-04-01,3.3,29.8,29.6,26.6,5.7,12.2,14.4,0.2,14.4,19.4
1987-05-01,2.7,20.0,11.8,24.8,2.5,8.6,11.2,2.0,16.2,16.7
1987-06-01,2.0,21.7,15.7,19.2,2.7,4.0,8.2,8.8,15.2,11.6
1987-07-01,2.2,18.7,14.7,19.3,2.7,3.6,7.8,10.0,15.7,11.4
1987-08-01,3.0,25.7,27.5,20.9,4.2,5.8,8.5,5.5,15.1,13.3
1987-09-01,3.5,43.2,90.6,21.9,9.2,9.3,10.4,1.0,12.6,15.6
1987-10-01,4.7,40.9,30.6,25.6,5.2,11.7,11.7,0.2,13.9,18.6
1987-11-01,5.2,45.3,61.5,28.1,8.2,14.4,14.6,0.0,13.7,21.2
1987-12-01,5.7,41.5,63.0,29.7,8.0,16.1,16.0,0.0,13.5,22.9
1988-01-01,5.8,41.3,40.7,31.3,6.5,16.9,16.8,0.0,14.3,24.1
1988-02-01,4.6,55.5,122.5,29.3,10.7,17.5,18.1,0.0,11.7,23.4
1988-03-01,3.9,48.9,87.3,27.7,9.9,16.0,17.4,0.0,11.7,21.8
1988-04-01,2.9,41.0,55.3,23.6,7.3,11.2,13.6,0.3,12.4,17.4
1988-05-01,2.5,25.9,17.6,22.6,3.3,7.8,10.4,2.7,14.8,15.2
1988-06-01,1.9,25.2,19.6,18.5,3.9,3.9,8.2,8.8,14.5,11.2
1988-07-01,2.3,17.2,12.5,19.8,2.5,3.4,7.8,10.5,16.4,11.6
1988-08-01,3.2,22.8,14.9,22.6,2.6,6.5,8.8,4.4,16.1,14.5
1988-09-01,3.9,29.5,39.8,23.4,6.3,8.5,9.8,1.7,15.0,15.9
1988-10-01,4.5,43.2,59.2,24.5,7.7,10.8,11.3,0.5,13.7,17.6
1988-11-01,5.3,42.6,43.2,27.2,6.8,13.5,13.0,0.0,13.8,20.3
1988-12-01,5.3,47.1,92.8,27.8,10.5,15.1,14.5,0.0,12.7,21.4
1989-01-01,5.4,48.2,59.9,29.5,7.8,16.6,16.2,0.0,12.9,23.0
1989-02-01,4.3,56.7,110.2,27.3,11.0,16.1,16.7,0.0,11.2,21.7
1989-03-01,4.3,34.0,41.1,28.0,6.7,14.3,15.5,0.0,13.7,21.2
1989-04-01,3.0,41.3,57.8,24.2,7.8,11.5,13.3,0.2,12.7,17.8
1989-05-01,2.4,29.0,16.9,22.2,3.5,8.1,11.0,2.2,14.2,15.1
1989-06-01,1.9,25.2,20.9,18.9,3.9,4.2,8.9,8.8,14.7,11.5
1989-07-01,2.2,19.4,13.5,19.1,2.8,3.3,7.9,10.6,15.8,11.2
1989-08-01,3.2,21.3,10.4,22.7,2.3,6.3,9.3,4.9,16.4,14.5
1989-09-01,4.0,31.4,15.5,23.9,3.1,7.8,9.5,2.5,16.1,15.8
1989-10-01,4.7,37.6,44.3,25.3,6.1,10.3,11.1,0.7,15.1,17.8
1989-11-01,5.2,43.4,93.8,27.0,9.6,13.4,13.2,0.0,13.6,20.2
1989-12-01,6.0,33.6,51.4,29.7,6.4,15.4,14.9,0.0,14.3,22.5
1990-01-01,5.7,43.0,51.4,30.5,7.2,16.5,16.3,0.0,14.0,23.5
1990-02-01,4.9,43.3,58.8,28.9,7.9,15.6,15.8,0.0,13.3,22.2
1990-03-01,4.1,41.5,64.8,27.9,8.6,14.7,16.2,0.0,13.2,21.3
1990-04-01,3.0,37.6,58.8,24.6,7.9,12.0,14.2,0.2,12.7,18.3
1990-05-01,2.4,25.1,12.2,22.0,2.8,7.1,10.5,3.5,14.9,14.5
1990-06-01,2.0,23.0,19.4,19.1,3.7,3.7,8.4,9.5,15.4,11.3
1990-07-01,2.2,21.8,10.1,19.4,2.1,3.7,8.3,9.9,15.7,11.6
1990-08-01,3.0,25.4,14.0,21.2,2.6,5.6,8.4,5.7,15.6,13.4
1990-09-01,4.1,27.7,8.7,24.6,2.3,8.5,9.7,1.6,16.1,16.5
1990-10-01,4.8,37.9,27.3,26.4,4.6,11.3,11.8,0.4,15.1,18.8
1990-11-01,5.6,37.9,23.4,28.8,5.0,13.5,13.8,0.1,15.3,21.1
1990-12-01,5.6,42.1,58.9,29.3,8.0,15.7,15.4,0.0,13.6,22.5
1991-01-01,5.2,51.8,116.8,29.7,11.1,16.9,16.8,0.0,12.9,23.3
1991-02-01,4.9,43.9,63.1,29.2,7.5,16.3,16.9,0.0,12.9,22.7
1991-03-01,3.9,46.2,79.4,27.3,9.1,14.8,16.0,0.0,12.6,21.0
1991-04-01,3.5,23.1,6.2,26.5,1.9,11.0,12.7,0.4,15.5,18.7
1991-05-01,2.6,20.9,12.5,23.5,2.5,7.5,10.5,3.2,16.0,15.5
1991-06-01,1.9,29.7,25.2,18.6,4.4,4.6,8.8,7.7,14.0,11.6
1991-07-01,2.3,19.7,14.3,19.5,2.3,3.8,7.9,9.7,15.7,11.6
1991-08-01,3.0,22.0,6.5,21.0,1.6,4.8,8.3,7.7,16.2,12.9
1991-09-01,3.8,35.8,29.2,23.7,5.4,9.1,10.4,1.4,14.7,16.4
1991-10-01,4.5,49.1,73.1,25.4,9.4,12.4,12.4,0.1,13.0,18.9
1991-11-01,5.4,42.7,38.3,28.1,6.5,13.8,13.8,0.0,14.2,20.9
1991-12-01,5.7,42.7,57.8,29.1,8.1,15.3,14.8,0.0,13.8,22.2
1992-01-01,6.0,37.1,30.6,31.9,5.1,16.8,16.8,0.0,15.1,24.3
1992-02-01,5.5,33.1,39.4,31.6,5.9,16.9,17.4,0.0,14.7,24.2
1992-03-01,4.5,33.8,37.6,29.5,6.7,15.1,16.3,0.0,14.5,22.3
1992-04-01,3.4,30.4,16.7,26.8,3.6,12.2,14.3,0.1,14.6,19.5
1992-05-01,2.6,21.0,6.4,23.3,1.5,6.6,10.1,4.4,16.6,14.9
1992-06-01,2.1,20.8,14.4,19.8,2.7,4.0,8.5,8.9,15.8,11.9
1992-07-01,2.3,20.7,12.0,20.1,2.6,4.0,8.2,9.1,16.1,12.1
1992-08-01,2.8,30.7,24.2,20.1,3.9,5.7,8.4,5.5,14.4,12.9
1992-09-01,4.1,34.7,9.5,25.5,2.3,9.7,10.6,1.3,15.8,17.6
1992-10-01,4.8,39.8,39.8,26.4,7.3,11.7,12.0,0.3,14.7,19.0
1992-11-01,5.3,42.4,53.7,27.4,7.5,13.4,13.4,0.0,14.1,20.4
1992-12-01,5.9,38.2,48.9,30.2,5.6,15.8,15.5,0.0,14.4,22.9
1993-01-01,5.8,41.4,44.8,31.5,6.7,17.1,16.8,0.0,14.4,24.2
1993-02-01,4.7,49.6,63.1,28.9,7.8,16.2,16.9,0.0,12.7,22.5
1993-03-01,4.2,41.7,43.1,28.4,6.4,15.2,16.3,0.0,13.3,21.8
1993-04-01,3.1,37.0,39.6,24.7,6.1,11.2,13.1,0.3,13.5,18.0
1993-05-01,2.5,27.4,17.2,22.8,3.6,7.8,10.5,2.9,15.0,15.3
1993-06-01,2.0,21.5,14.2,19.7,2.7,4.2,8.5,8.5,15.5,11.9
1993-07-01,2.3,25.8,13.0,20.7,2.2,5.7,8.7,5.9,14.9,13.2
1993-08-01,3.0,26.3,15.1,21.5,3.7,6.2,8.9,4.7,15.3,13.8
1993-09-01,4.3,27.3,25.6,26.1,3.4,9.5,10.5,1.0,16.6,17.8
1993-10-01,4.6,47.3,63.3,26.0,8.0,12.9,12.9,0.1,13.1,19.5
1993-11-01,5.2,44.2,54.6,27.4,7.6,14.1,13.9,0.0,13.3,20.7
1993-12-01,5.6,43.8,80.8,29.3,9.1,16.1,15.8,0.0,13.2,22.7
1994-01-01,5.1,53.2,77.5,29.0,9.5,16.5,16.3,0.0,12.4,22.7
1994-02-01,4.7,50.9,72.9,28.5,8.8,16.3,16.7,0.0,12.2,22.4
1994-03-01,4.2,38.7,58.8,28.2,7.8,14.6,15.8,0.0,13.6,21.4
1994-04-01,3.3,32.6,20.1,25.9,4.3,11.6,13.4,0.3,14.3,18.7
1994-05-01,2.5,21.4,5.7,22.9,1.6,6.7,10.0,4.2,16.3,14.8
1994-06-01,1.9,24.5,18.3,18.3,2.7,3.4,8.0,10.0,14.9,10.9
1994-07-01,2.2,15.1,16.6,18.8,3.1,2.2,7.3,12.9,16.6,10.5
1994-08-01,3.0,22.0,13.1,21.0,2.5,5.2,8.3,6.6,15.9,13.1
1994-09-01,4.2,27.9,8.4,24.9,2.2,9.0,10.2,1.2,15.9,17.0
1994-10-01,4.9,36.2,31.6,25.7,5.2,10.7,11.0,0.5,15.0,18.2
1994-11-01,5.3,44.2,29.0,28.3,5.6,13.8,13.9,0.0,14.5,21.0
1994-12-01,6.0,37.0,55.9,30.3,6.9,15.6,15.2,0.0,14.7,22.9
1995-01-01,5.7,45.5,64.8,31.1,8.1,17.3,17.0,0.0,13.8,24.2
1995-02-01,5.4,39.0,36.3,31.4,6.0,17.4,17.7,0.0,13.9,24.4
1995-03-01,3.9,47.2,80.6,27.8,9.4,15.5,16.9,0.0,12.3,21.6
1995-04-01,3.1,35.7,31.5,24.6,4.8,10.9,13.2,0.5,13.7,17.7
1995-05-01,2.3,32.4,28.9,21.6,5.2,8.3,11.0,2.1,13.3,14.9
1995-06-01,2.0,22.0,12.1,19.2,1.9,3.9,8.2,9.1,15.4,11.5
1995-07-01,2.2,18.1,9.5,18.7,1.8,3.3,7.9,10.7,15.5,11.0
1995-08-01,3.1,23.0,15.3,22.0,3.4,6.2,9.0,4.7,15.8,14.1
1995-09-01,4.1,30.1,15.8,25.1,4.0,9.7,10.7,0.9,15.5,17.4
1995-10-01,4.7,41.9,45.8,25.5,6.8,11.3,11.7,0.4,14.2,18.4
1995-11-01,5.1,46.6,74.1,27.4,8.8,14.2,14.2,0.0,13.2,20.8
1995-12-01,5.4,41.5,109.1,27.4,11.1,14.8,14.5,0.0,12.6,21.1
1996-01-01,5.2,53.5,96.5,29.7,10.1,17.3,17.1,0.0,12.4,23.5
1996-02-01,4.6,52.4,100.9,28.6,10.4,16.6,17.3,0.0,12.0,22.6
1996-03-01,4.1,38.4,43.2,27.4,6.6,13.9,15.3,0.0,13.5,20.7
1996-04-01,3.0,35.4,32.3,24.5,5.5,11.4,13.4,0.3,13.0,17.9
1996-05-01,2.3,34.1,23.0,22.0,3.6,8.4,11.1,1.9,13.5,15.2
1996-06-01,2.0,20.8,7.9,19.9,1.5,4.5,8.7,7.8,15.4,12.2
1996-07-01,2.0,28.5,31.3,16.9,5.0,3.1,7.7,10.9,13.8,10.0
1996-08-01,2.8,25.2,19.1,19.4,4.0,4.8,8.3,7.4,14.6,12.1
1996-09-01,4.0,27.9,17.1,23.8,3.7,8.2,9.9,2.0,15.6,16.0
1996-10-01,4.7,43.3,53.4,26.0,8.2,12.0,12.2,0.2,14.1,19.0
1996-11-01,4.7,51.4,95.2,25.7,10.9,13.0,13.4,0.1,12.7,19.3
1996-12-01,5.6,40.4,73.1,28.6,8.7,15.4,15.3,0.0,13.2,22.0
1997-01-01,5.1,52.7,74.2,29.3,8.5,16.7,16.8,0.0,12.6,23.0
1997-02-01,5.0,43.3,40.5,29.9,6.1,16.1,16.9,0.0,13.8,23.0
1997-03-01,3.6,54.8,101.2,26.3,10.2,14.6,16.4,0.0,11.7,20.4
1997-04-01,3.0,32.7,41.1,23.1,6.1,9.7,12.2,0.9,13.4,16.4
1997-05-01,2.3,31.6,41.5,20.7,6.0,6.9,9.8,3.9,13.8,13.7
1997-06-01,1.9,27.8,30.5,18.6,4.5,4.4,8.5,8.0,14.2,11.4
1997-07-01,2.2,22.8,15.2,19.1,3.1,4.4,8.3,8.3,14.7,11.7
1997-08-01,3.1,25.8,14.6,22.4,3.0,6.5,9.0,4.3,15.8,14.4
1997-09-01,4.0,34.0,21.0,24.9,3.3,10.1,11.0,0.8,14.8,17.5
1997-10-01,4.8,41.1,36.5,26.6,5.9,12.4,12.2,0.1,14.2,19.5
1997-11-01,5.3,41.7,58.1,27.6,7.2,13.4,13.5,0.0,14.2,20.4
1997-12-01,6.0,37.9,38.1,30.4,6.0,16.0,15.7,0.0,14.4,23.1
1998-01-01,5.3,48.4,82.6,29.6,8.9,16.4,16.6,0.0,13.3,23.0
1998-02-01,4.9,49.6,69.0,30.3,8.3,17.6,18.2,0.0,12.7,23.9
1998-03-01,4.2,41.9,65.1,28.6,8.1,15.4,16.7,0.0,13.2,22.0
1998-04-01,3.5,26.1,18.5,27.1,3.5,12.2,14.1,0.1,14.9,19.7
1998-05-01,2.5,22.1,19.1,22.6,3.3,7.2,10.4,3.6,15.4,14.9
1998-06-01,2.2,15.3,3.9,21.2,1.1,3.9,8.3,9.1,17.3,12.5
1998-07-01,2.2,23.5,11.0,19.9,2.6,4.7,8.5,7.6,15.1,12.3
1998-08-01,3.0,23.0,15.1,21.5,2.9,6.2,8.9,4.8,15.4,13.8
1998-09-01,4.0,30.9,23.8,24.3,5.1,8.9,10.1,1.5,15.3,16.6
1998-10-01,4.7,41.2,42.1,26.0,6.9,11.8,12.1,0.2,14.1,18.9
1998-11-01,5.2,44.9,82.7,27.4,9.1,13.8,13.8,0.0,13.7,20.6
1998-12-01,5.6,43.5,81.9,28.8,9.7,15.7,15.3,0.0,13.1,22.3
1999-01-01,5.7,43.7,60.2,30.8,7.8,17.3,16.9,0.0,13.5,24.0
1999-02-01,5.3,40.0,46.5,31.0,6.1,17.1,17.5,0.0,13.8,24.0
1999-03-01,4.4,39.3,39.7,29.7,6.2,16.2,17.0,0.0,13.5,22.9
1999-04-01,3.3,30.6,27.5,26.6,4.7,12.4,14.2,0.1,14.1,19.5
1999-05-01,2.3,33.2,29.7,21.9,4.8,8.3,11.1,2.1,13.6,15.1
1999-06-01,2.1,20.5,7.3,20.8,1.9,4.9,8.8,7.0,15.9,12.8
1999-07-01,2.3,24.0,13.9,20.5,2.5,5.4,8.8,6.2,15.1,12.9
1999-08-01,3.1,20.0,14.0,22.1,2.6,5.7,8.6,5.7,16.4,13.8
1999-09-01,3.9,28.5,21.1,23.3,3.6,8.1,9.7,2.0,15.2,15.6
1999-10-01,4.8,39.8,45.6,26.3,7.1,12.2,11.9,0.1,14.1,19.2
1999-11-01,5.6,41.1,43.0,29.4,6.8,14.8,14.5,0.0,14.6,22.1
1999-12-01,5.3,51.8,111.6,28.7,11.7,16.3,15.6,0.0,12.5,22.5
2000-01-01,5.1,51.7,107.8,27.9,10.7,15.9,15.3,0.0,12.0,21.9
2000-02-01,4.6,52.9,116.6,28.8,10.1,17.3,17.6,0.0,11.5,23.0
2000-03-01,3.7,52.7,109.7,27.0,11.1,16.0,17.1,0.0,11.1,21.5
2000-04-01,3.0,36.6,42.2,23.9,6.2,11.1,13.1,0.3,12.8,17.5
2000-05-01,2.3,25.1,22.1,21.0,3.0,6.3,9.5,4.7,14.7,13.6
2000-06-01,2.1,23.3,10.4,20.3,2.6,4.9,8.7,7.3,15.4,12.5
2000-07-01,2.3,17.6,12.0,19.5,2.9,3.4,7.8,10.4,16.1,11.4
2000-08-01,3.2,20.3,6.4,22.9,1.7,6.0,8.7,5.1,16.9,14.4
2000-09-01,3.8,31.9,38.3,23.0,5.2,8.0,9.6,2.2,15.0,15.5
2000-10-01,4.9,39.6,42.8,26.6,6.8,12.0,11.9,0.2,14.6,19.3
2000-11-01,5.3,42.0,75.4,27.1,7.8,13.3,13.0,0.0,13.8,20.2
2000-12-01,5.8,38.1,65.0,29.4,7.9,15.3,14.7,0.0,14.1,22.3
2001-01-01,5.9,36.0,40.4,30.7,4.6,15.8,15.6,0.0,14.8,23.2
2001-02-01,4.9,46.4,58.1,29.7,6.9,16.3,16.7,0.0,13.4,22.9
2001-03-01,4.3,38.4,55.0,28.9,6.8,15.3,16.6,0.0,13.6,22.1
2001-04-01,2.8,47.3,52.6,23.8,8.4,12.3,14.1,0.1,11.5,18.0
2001-05-01,2.4,25.8,22.9,22.4,3.8,7.6,10.6,2.8,14.9,15.0
2001-06-01,2.1,22.3,9.0,20.4,2.6,4.9,8.7,6.9,15.5,12.6
2001-07-01,2.1,21.2,23.1,18.7,3.8,3.7,8.0,9.7,15.0,11.2
2001-08-01,3.0,24.2,23.9,21.4,3.3,5.6,8.6,5.9,15.8,13.5
2001-09-01,3.8,32.3,44.3,22.7,5.5,8.2,9.7,1.8,14.5,15.5
2001-10-01,4.8,43.0,47.3,26.8,8.0,12.8,12.7,0.1,14.0,19.8
2001-11-01,4.8,54.1,99.3,26.7,10.6,14.4,14.2,0.0,12.3,20.5
2001-12-01,5.6,39.4,82.2,28.6,9.9,15.3,14.9,0.0,13.3,21.9
2002-01-01,5.6,39.5,66.7,29.8,8.1,15.6,15.5,0.0,14.2,22.7
2002-02-01,5.2,39.8,50.9,30.1,6.3,16.1,16.5,0.0,14.0,23.1
2002-03-01,4.4,35.5,32.0,29.3,5.3,14.8,15.9,0.0,14.5,22.0
2002-04-01,3.4,32.7,32.6,27.1,4.8,12.0,13.8,0.2,15.1,19.5
2002-05-01,2.4,27.3,33.2,22.2,4.9,7.0,10.1,3.6,15.2,14.6
2002-06-01,1.9,26.7,16.4,18.4,3.8,4.1,8.3,8.6,14.3,11.2
2002-07-01,2.2,21.1,20.9,18.9,2.8,3.0,7.6,11.3,16.0,10.9
2002-08-01,2.9,31.8,34.2,21.2,4.9,6.6,9.0,4.3,14.7,13.9
2002-09-01,4.0,31.5,26.4,24.2,4.8,9.0,10.1,1.2,15.2,16.6
2002-10-01,5.1,34.7,23.5,27.2,5.9,11.5,11.7,0.3,15.8,19.3
2002-11-01,5.7,32.2,30.9,27.9,6.0,12.4,12.5,0.1,15.5,20.1
2002-12-01,5.6,44.5,67.0,29.5,9.0,15.9,15.4,0.0,13.7,22.7
2003-01-01,5.9,38.2,51.5,31.4,6.9,16.8,16.6,0.0,14.6,24.1
2003-02-01,5.2,44.0,47.7,30.9,7.9,17.4,17.9,0.0,13.5,24.1
2003-03-01,4.5,31.9,69.5,29.3,6.5,14.7,15.9,0.0,14.5,22.0
2003-04-01,3.4,32.8,24.0,27.1,4.1,12.9,14.3,0.1,14.2,20.0
2003-05-01,2.5,25.8,19.8,22.6,3.2,7.5,10.4,3.0,15.1,15.0
2003-06-01,2.1,24.0,13.6,19.4,3.2,3.8,8.1,9.2,15.6,11.6
2003-07-01,2.4,14.7,4.9,20.3,1.7,3.3,7.6,10.4,17.0,11.8
2003-08-01,2.9,22.5,18.9,20.3,3.7,4.2,7.8,8.4,16.1,12.2
2003-09-01,4.0,31.8,24.6,23.9,4.4,8.6,9.9,1.6,15.2,16.2
2003-10-01,5.0,40.1,39.3,27.1,6.3,12.3,12.2,0.2,14.9,19.7
2003-11-01,5.5,42.0,37.6,28.7,6.4,14.4,14.2,0.0,14.3,21.5
2003-12-01,6.0,35.5,40.0,30.3,6.0,15.5,15.1,0.0,14.8,22.9
2004-01-01,5.5,48.7,95.5,30.6,9.8,16.9,16.9,0.0,13.7,23.7
2004-02-01,4.9,48.1,75.9,30.1,8.6,17.4,17.9,0.0,12.7,23.7
2004-03-01,4.0,46.4,59.7,27.9,8.5,14.9,16.1,0.0,12.9,21.4
2004-04-01,3.2,32.8,37.5,25.4,5.2,12.3,14.2,0.1,13.1,18.8
2004-05-01,2.6,22.6,8.6,24.0,1.9,8.4,10.7,2.0,15.5,16.2
2004-06-01,2.1,24.3,10.9,20.2,2.6,5.2,8.9,6.5,15.0,12.7
2004-07-01,2.2,18.4,15.0,19.1,3.1,3.2,7.6,10.8,15.9,11.1
2004-08-01,3.2,23.6,13.2,22.8,2.4,6.8,9.1,4.0,16.0,14.7
2004-09-01,4.0,25.3,29.8,23.7,4.3,7.9,9.5,2.3,15.8,15.8
2004-10-01,4.9,37.4,32.4,26.9,5.8,12.2,12.3,0.1,14.7,19.5
2004-11-01,5.9,38.8,30.0,30.6,5.8,15.8,15.4,0.0,14.8,23.2
2004-12-01,5.9,39.2,79.4,30.5,8.5,16.4,15.9,0.0,14.1,23.4
2005-01-01,5.5,47.4,76.7,30.6,9.8,17.2,16.9,0.0,13.3,23.9
2005-02-01,5.2,42.1,60.7,30.9,7.0,17.3,17.9,0.0,13.5,24.1
2005-03-01,4.2,38.9,50.2,28.3,8.1,14.7,15.8,0.0,13.6,21.5
2005-04-01,3.1,37.0,48.7,24.7,6.9,11.6,13.5,0.2,13.1,18.1
2005-05-01,2.5,25.2,19.6,23.0,3.4,8.3,10.9,2.3,14.7,15.6
2005-06-01,2.1,21.9,11.8,20.5,2.8,4.8,8.6,7.5,15.7,12.6
2005-07-01,2.5,13.4,3.7,21.9,1.0,4.5,8.3,8.1,17.4,13.2
2005-08-01,3.2,25.0,10.1,22.6,2.5,6.0,8.7,5.5,16.6,14.2
2005-09-01,4.4,25.7,8.2,26.3,2.4,9.5,10.5,1.1,16.8,17.8
2005-10-01,5.1,35.1,22.2,27.5,5.8,11.8,12.1,0.3,15.7,19.7
2005-11-01,5.5,41.6,56.9,28.6,7.7,14.1,14.1,0.0,14.5,21.3
2005-12-01,6.0,33.3,44.0,29.6,6.3,14.9,14.6,0.0,14.8,22.2
2006-01-01,5.2,55.4,88.7,30.1,9.7,17.6,17.5,0.0,12.5,23.8
2006-02-01,4.5,56.8,108.5,29.2,10.2,17.5,18.2,0.0,11.6,23.3
2006-03-01,4.0,43.5,56.6,27.0,7.6,13.9,15.1,0.0,13.1,20.4
2006-04-01,3.1,36.8,45.7,24.9,7.3,11.6,13.5,0.2,13.4,18.2
2006-05-01,2.3,28.7,37.0,20.5,4.9,6.1,9.5,5.2,14.4,13.3
2006-06-01,2.1,19.9,8.9,20.4,2.4,4.4,8.4,8.2,16.0,12.4
2006-07-01,2.4,19.5,10.2,21.1,2.3,4.6,8.5,8.0,16.5,12.8
2006-08-01,2.9,28.4,41.5,20.4,6.0,5.7,8.6,5.7,14.7,13.0
2006-09-01,4.2,25.4,14.5,25.0,3.3,8.8,10.0,1.4,16.2,16.9
2006-10-01,4.9,41.6,40.8,27.3,7.6,12.5,12.6,0.1,14.8,19.9
2006-11-01,5.5,41.1,58.2,28.5,8.0,14.1,14.0,0.0,14.4,21.3
2006-12-01,5.9,39.6,76.5,30.2,8.3,15.7,15.3,0.0,14.5,22.9
2007-01-01,6.0,36.4,37.0,31.4,5.8,16.8,16.4,0.0,14.7,24.1
2007-02-01,5.5,33.8,29.5,31.6,5.4,16.8,17.3,0.0,14.8,24.2
2007-03-01,4.5,33.1,58.0,29.4,7.0,14.6,15.7,0.0,14.8,21.9
2007-04-01,3.3,32.9,41.8,26.3,6.0,12.7,14.3,0.1,13.7,19.5
2007-05-01,2.6,19.8,16.4,23.4,2.2,7.0,10.0,3.7,16.4,15.2
2007-06-01,2.1,24.0,23.1,20.1,3.7,4.7,8.7,7.5,15.4,12.4
2007-07-01,2.3,16.6,13.1,20.0,2.1,3.5,7.8,10.0,16.5,11.8
2007-08-01,3.2,20.1,9.9,22.2,2.7,5.4,8.4,6.3,16.8,13.8
2007-09-01,4.3,27.0,28.1,26.2,4.0,9.7,10.6,0.9,16.5,17.9
2007-10-01,4.6,45.8,58.1,25.6,8.7,12.1,12.2,0.2,13.5,18.8
2007-11-01,5.3,43.1,67.0,27.5,7.3,13.3,13.4,0.0,14.1,20.4
2007-12-01,5.6,41.1,64.8,28.8,9.1,15.6,15.1,0.0,13.2,22.2
2008-01-01,5.3,51.3,81.6,29.8,9.9,17.2,16.9,0.0,12.6,23.5
2008-02-01,5.2,42.0,47.8,30.6,9.0,16.9,17.4,0.0,13.7,23.7
2008-03-01,4.2,40.8,54.0,28.5,7.8,14.8,15.9,0.0,13.7,21.6
2008-04-01,3.3,27.4,24.7,25.6,5.5,10.4,12.3,0.6,15.3,18.0
2008-05-01,2.5,32.7,26.4,23.3,4.2,9.3,11.5,1.2,14.0,16.3
2008-06-01,2.0,28.1,22.0,20.2,4.7,5.4,9.1,6.1,14.8,12.8
2008-07-01,2.3,21.2,15.1,20.2,2.6,4.7,8.5,7.7,15.5,12.4
2008-08-01,3.2,21.4,12.3,22.7,2.6,6.5,9.0,4.4,16.3,14.6
2008-09-01,4.0,25.2,15.9,23.6,3.0,7.4,9.3,3.2,16.2,15.5
2008-10-01,5.1,35.2,26.3,27.5,5.0,12.0,12.1,0.2,15.5,19.7
2008-11-01,5.4,44.5,72.2,28.5,9.1,14.6,14.5,0.0,13.9,21.5
2008-12-01,5.9,39.7,60.1,30.5,7.5,16.5,16.0,0.0,14.1,23.5
2009-01-01,5.6,45.5,76.4,30.6,8.7,16.8,16.7,0.0,13.8,23.7
2009-02-01,4.7,52.4,90.6,29.4,10.9,17.1,17.7,0.0,12.3,23.3
2009-03-01,4.3,35.7,33.0,28.7,5.4,14.6,15.6,0.0,14.0,21.6
2009-04-01,3.4,31.2,20.0,26.8,4.7,12.4,13.9,0.1,14.5,19.6
2009-05-01,2.4,28.3,17.6,22.7,4.3,8.1,10.9,2.3,14.6,15.4
2009-06-01,1.9,32.6,27.8,19.8,4.6,6.1,9.7,4.9,13.6,12.9
2009-07-01,2.2,22.4,13.6,19.5,3.6,4.2,8.2,8.7,15.3,11.8
2009-08-01,3.2,22.6,14.4,22.5,2.7,6.3,8.9,4.7,16.3,14.4
2009-09-01,4.2,29.1,20.7,25.0,4.3,8.8,10.0,1.6,16.1,16.9
2009-10-01,4.8,42.2,48.3,26.8,8.1,12.7,12.6,0.1,14.1,19.7
2009-11-01,5.4,41.5,70.3,27.7,8.9,13.3,13.2,0.1,14.4,20.5
2009-12-01,6.1,34.4,52.8,30.2,8.0,15.3,14.8,0.0,14.9,22.8
2010-01-01,5.3,53.6,95.4,30.1,10.4,17.2,17.0,0.0,12.9,23.6
2010-02-01,5.2,41.5,65.6,30.7,7.9,16.9,17.3,0.0,13.8,23.8
2010-03-01,4.5,35.2,46.4,29.8,7.6,15.7,16.8,0.0,14.1,22.7
2010-04-01,3.1,39.0,35.3,25.8,7.2,12.1,14.0,0.1,13.6,18.9
2010-05-01,2.5,29.5,22.4,23.4,4.1,8.8,11.3,1.8,14.6,16.1
2010-06-01,2.1,21.4,13.6,20.1,2.8,3.9,8.2,9.0,16.2,12.0
2010-07-01,2.4,22.5,10.9,21.1,2.2,5.2,8.5,6.7,16.0,13.1
2010-08-01,3.2,18.3,8.5,22.7,1.9,6.0,8.7,5.0,16.7,14.3
2010-09-01,4.3,28.3,10.5,26.0,2.7,9.3,10.3,1.1,16.8,17.6
2010-10-01,5.0,38.9,35.0,27.0,6.0,11.5,11.8,0.3,15.4,19.2
2010-11-01,5.5,41.8,56.5,28.8,8.2,14.1,13.9,0.0,14.7,21.5
2010-12-01,5.7,41.1,87.3,29.4,10.3,15.7,15.3,0.0,13.7,22.5
2011-01-01,5.2,52.5,95.6,29.4,10.7,17.0,16.8,0.0,12.4,23.2
2011-02-01,4.9,47.8,68.6,29.8,8.5,17.0,17.3,0.0,12.8,23.4
2011-03-01,4.3,39.9,67.9,29.6,8.0,16.0,16.9,0.0,13.6,22.8
2011-04-01,3.1,37.7,56.1,24.8,8.3,11.3,13.3,0.3,13.5,18.0
2011-05-01,2.4,32.8,44.6,22.2,5.9,8.0,10.7,2.5,14.3,15.1
2011-06-01,2.0,25.2,36.4,19.3,4.7,3.9,8.3,9.0,15.4,11.6
2011-07-01,2.2,22.0,21.1,19.0,3.3,3.2,7.7,10.7,15.7,11.1
2011-08-01,3.1,21.3,19.6,21.9,4.0,5.2,8.2,6.5,16.8,13.5
2011-09-01,4.3,24.4,9.6,25.6,2.4,8.6,9.9,1.6,17.0,17.1
2011-10-01,5.1,33.2,31.0,27.1,5.1,10.9,11.2,0.4,16.2,18.9
2011-11-01,5.6,35.6,52.8,28.2,7.4,12.5,12.8,0.1,15.7,20.3
2011-12-01,5.7,42.0,59.5,29.1,7.5,15.2,14.8,0.0,13.9,22.2
2012-01-01,6.1,37.6,48.8,32.0,7.5,17.2,16.7,0.0,14.9,24.6
2012-02-01,5.1,43.1,64.2,30.5,8.0,16.5,17.1,0.0,14.0,23.5
2012-03-01,4.5,35.1,58.2,29.7,8.8,14.9,15.9,0.0,14.8,22.3
2012-04-01,3.3,28.7,26.7,25.6,4.7,10.3,12.4,0.8,15.4,17.9
2012-05-01,2.6,21.7,6.6,23.7,2.0,7.4,10.3,3.2,16.3,15.5
2012-06-01,2.0,26.5,26.7,19.8,4.0,4.6,8.7,7.7,15.2,12.2
2012-07-01,2.2,24.3,23.6,19.6,3.7,4.0,8.2,9.3,15.7,11.8
2012-08-01,3.1,24.4,15.4,21.7,2.7,5.7,8.6,5.9,16.0,13.7
2012-09-01,4.0,27.6,30.5,23.7,5.0,7.6,9.4,2.7,16.0,15.6
2012-10-01,4.9,38.8,65.9,26.4,8.4,11.4,11.7,0.3,15.1,18.9
2012-11-01,5.7,35.8,38.4,29.1,6.7,13.8,13.6,0.0,15.3,21.4
2012-12-01,5.7,44.7,81.7,29.6,9.1,15.8,15.3,0.0,13.8,22.7
2013-01-01,5.9,39.8,63.6,31.4,8.3,16.8,16.5,0.0,14.5,24.1
2013-02-01,5.5,33.9,42.2,31.4,5.8,16.1,16.9,0.0,15.3,23.7
2013-03-01,4.4,36.9,56.8,29.8,7.7,15.1,16.5,0.0,14.7,22.4
2013-04-01,3.3,27.2,36.1,25.6,4.7,10.6,12.7,0.6,15.0,18.1
2013-05-01,2.6,22.0,10.7,23.7,2.5,7.7,10.5,3.0,16.0,15.7
2013-06-01,2.1,18.8,13.9,20.0,2.5,5.0,8.9,6.8,15.0,12.5
2013-07-01,2.3,20.2,10.1,20.8,3.2,4.5,8.4,8.1,16.2,12.6
2013-08-01,3.0,22.4,17.9,21.3,3.0,4.9,8.2,7.3,16.4,13.0
2013-09-01,4.1,25.5,11.5,24.2,2.6,7.6,9.3,2.9,16.6,15.9
2013-10-01,5.0,34.3,39.4,26.7,7.3,11.1,11.5,0.3,15.6,18.9
2013-11-01,5.7,36.0,55.1,29.0,7.3,14.0,13.9,0.0,15.0,21.5
2013-12-01,5.6,43.7,87.2,29.1,9.6,15.9,15.3,0.0,13.2,22.5
2014-01-01,5.7,44.5,61.3,31.3,8.3,17.8,17.3,0.0,13.5,24.5
2014-02-01,5.0,46.9,78.1,30.2,9.0,17.6,18.0,0.0,12.6,23.9
2014-03-01,4.1,42.9,37.0,28.0,6.2,15.0,16.3,0.0,13.0,21.5
2014-04-01,3.3,28.9,41.1,25.8,5.7,11.0,13.0,0.4,14.8,18.4
2014-05-01,2.6,25.6,18.6,23.9,3.9,8.3,10.9,2.2,15.6,16.1
2014-06-01,2.1,19.5,11.8,20.2,2.6,3.8,8.3,9.3,16.4,12.0
2014-07-01,2.3,18.0,11.2,20.1,2.0,3.7,8.0,9.8,16.4,11.9
2014-08-01,3.1,27.1,19.2,22.1,3.6,6.5,9.1,4.3,15.5,14.3
2014-09-01,4.3,28.2,18.2,26.1,3.1,9.2,10.3,1.2,17.0,17.6
2014-10-01,5.2,33.4,25.6,27.9,4.8,12.1,12.1,0.1,15.8,20.0
2014-11-01,5.2,45.6,68.0,27.3,8.8,13.6,13.5,0.0,13.7,20.4
2014-12-01,5.8,41.1,79.7,29.9,8.7,15.9,15.4,0.0,14.0,22.9
2015-01-01,5.9,41.3,44.5,31.6,7.8,17.1,16.7,0.0,14.5,24.3
2015-02-01,5.4,35.1,43.0,30.5,5.6,15.5,16.0,0.0,15.1,23.0
2015-03-01,4.4,36.7,59.0,29.6,8.2,15.3,16.4,0.0,14.3,22.5
2015-04-01,3.1,36.5,40.3,25.4,5.3,11.8,13.8,0.2,13.6,18.5
2015-05-01,2.7,22.1,8.9,25.2,2.3,8.5,10.9,2.0,16.7,16.8
2015-06-01,2.0,26.8,28.7,19.7,4.4,4.8,8.8,7.4,14.9,12.2
2015-07-01,2.2,27.1,22.9,19.7,4.3,4.9,8.5,7.2,14.8,12.3
2015-08-01,3.3,24.9,14.4,24.0,2.9,7.0,9.3,3.7,17.0,15.5
2015-09-01,4.1,33.7,26.6,25.2,4.6,9.8,10.6,0.8,15.4,17.5
2015-10-01,5.4,32.5,28.0,28.9,5.1,12.9,12.8,0.1,16.0,20.9
2015-11-01,5.7,34.1,45.3,28.6,6.4,13.2,13.2,0.1,15.4,20.8
2015-12-01,6.3,35.1,30.7,32.0,5.6,16.9,16.3,0.0,15.1,24.5
2016-01-01,5.8,45.7,73.9,31.7,8.7,18.0,17.5,0.0,13.6,24.8
2016-02-01,5.4,37.3,43.4,31.6,6.9,17.2,17.7,0.0,14.4,24.4
2016-03-01,4.4,35.7,61.6,29.5,7.6,15.1,16.3,0.0,14.4,22.3
2016-04-01,3.3,32.4,27.9,26.4,5.0,12.3,14.1,0.1,14.2,19.3
2016-05-01,2.5,28.7,27.2,23.1,4.8,8.1,10.6,2.3,15.0,15.6
2016-06-01,2.2,25.8,10.9,21.3,2.7,5.6,9.0,5.7,15.7,13.5
2016-07-01,2.3,22.9,21.2,19.9,3.9,4.2,8.2,8.8,15.7,12.0
2016-08-01,3.3,19.5,10.9,23.8,3.4,6.4,9.0,4.4,17.4,15.1
2016-09-01,4.1,31.1,19.3,24.9,3.7,8.9,10.0,1.4,16.0,16.9
2016-10-01,5.3,29.9,29.2,28.0,4.7,11.4,11.7,0.3,16.6,19.7
2016-11-01,5.7,41.3,52.9,29.8,8.1,14.9,14.5,0.0,15.0,22.3
2016-12-01,6.2,36.6,64.1,31.8,7.4,16.7,16.2,0.0,15.1,24.2
2017-01-01,5.4,47.0,88.0,29.8,10.6,16.7,16.5,0.0,13.1,23.2
2017-02-01,4.7,53.2,82.8,29.8,9.6,17.6,18.1,0.0,12.2,23.7
2017-03-01,4.6,29.9,31.6,29.9,5.4,14.7,15.7,0.0,15.2,22.2
2017-04-01,3.4,31.7,33.1,26.8,5.9,12.2,13.9,0.1,14.7,19.5
2017-05-01,2.6,24.7,14.5,24.1,2.7,8.2,11.0,2.3,15.8,16.1
2017-06-01,2.2,21.2,9.2,21.4,1.9,4.8,8.9,7.4,16.6,13.1
2017-07-01,2.5,16.0,6.4,21.5,2.3,4.3,8.3,8.7,17.3,12.9
2017-08-01,3.2,22.6,13.1,22.3,2.4,5.6,8.5,6.1,16.7,13.9
2017-09-01,4.4,29.2,15.5,26.6,3.2,9.8,10.7,0.7,16.8,18.2
2017-10-01,4.9,36.2,42.2,26.1,6.8,10.9,11.4,0.5,15.2,18.5
2017-11-01,5.7,36.5,51.5,28.5,6.8,13.1,13.0,0.0,15.4,20.8
2017-12-01,5.9,38.6,57.3,29.9,8.5,15.3,14.9,0.0,14.6,22.6
2018-01-01,6.0,38.5,51.5,31.5,6.6,16.8,16.4,0.0,14.7,24.1
2018-02-01,5.0,47.0,79.5,30.2,9.1,16.9,17.5,0.0,13.3,23.5
2018-03-01,4.2,42.5,60.5,28.8,8.1,15.2,16.5,0.0,13.6,22.0
2018-04-01,3.2,39.0,35.2,26.4,6.0,12.9,14.8,0.1,13.5,19.6
2018-05-01,2.6,27.0,20.2,23.7,4.3,8.3,10.7,2.3,15.4,16.0
2018-06-01,2.2,21.6,6.9,21.3,1.8,5.2,9.1,6.8,16.2,13.2
2018-07-01,2.4,21.7,10.1,20.9,2.7,5.4,8.6,6.6,15.5,13.1
2018-08-01,3.1,25.0,17.7,21.3,2.8,5.1,8.0,7.2,16.2,13.2
2018-09-01,4.1,27.9,20.7,24.3,3.9,7.7,9.5,2.7,16.6,16.0
2018-10-01,5.2,33.3,29.2,28.1,4.9,12.4,12.3,0.1,15.7,20.2
2018-11-01,5.8,35.0,28.1,29.2,5.4,13.6,13.4,0.0,15.7,21.4
2018-12-01,6.2,35.6,42.4,31.4,7.0,16.4,15.7,0.0,15.0,23.9
2019-01-01,6.0,38.1,53.3,31.7,6.8,16.9,16.7,0.0,14.8,24.3
2019-02-01,5.2,42.9,65.0,30.8,8.8,17.4,17.8,0.0,13.4,24.1
2019-03-01,4.5,35.8,47.9,30.3,5.9,16.3,17.4,0.0,14.1,23.3
2019-04-01,3.3,37.9,49.5,26.7,7.3,13.0,14.6,0.1,13.7,19.8
2019-05-01,2.6,26.9,12.9,24.7,2.8,9.6,11.6,1.0,15.1,17.1
2019-06-01,2.3,17.3,8.3,22.0,1.9,4.9,8.9,7.3,17.1,13.4
2019-07-01,2.5,15.6,11.7,22.1,2.3,4.9,8.4,7.4,17.3,13.5
2019-08-01,3.3,18.4,6.4,23.5,1.7,6.4,9.0,4.7,17.1,14.9
2019-09-01,4.4,26.5,12.6,26.4,2.8,9.7,10.6,0.7,16.6,18.0
2019-10-01,5.3,32.4,18.6,28.1,4.0,12.3,12.2,0.2,15.8,20.1
2019-11-01,5.9,35.9,46.6,30.1,5.7,14.9,14.6,0.0,15.2,22.5
2019-12-01,5.6,44.0,65.1,29.4,7.9,15.6,15.2,0.0,13.9,22.5
2020-01-01,5.6,45.9,71.7,31.0,8.9,17.5,17.4,0.0,13.4,24.2
2020-02-01,4.9,48.7,80.9,30.1,9.5,17.5,18.1,0.0,12.6,23.8
2020-03-01,4.3,38.2,55.0,29.1,7.2,15.3,16.4,0.0,13.9,22.2
2020-04-01,3.1,37.5,32.6,25.5,5.8,11.8,13.7,0.2,13.7,18.7
2020-05-01,2.6,20.1,9.6,24.0,2.0,7.3,10.3,3.3,16.6,15.6
2020-06-01,2.1,21.7,12.1,20.7,2.3,5.3,9.1,6.3,15.4,13.0
2020-07-01,2.4,16.9,11.4,20.7,2.5,4.1,8.1,8.7,16.6,12.4
2020-08-01,3.0,22.0,14.1,21.0,3.0,4.7,8.1,7.7,16.3,12.8
2020-09-01,4.1,28.7,21.2,24.8,4.6,8.7,10.0,1.6,16.2,16.7
2020-10-01,5.1,38.5,37.1,27.9,6.5,12.6,12.5,0.1,15.3,20.2
2020-11-01,5.4,43.8,62.8,28.5,8.1,14.4,14.2,0.0,14.1,21.4
2020-12-01,5.7,44.9,67.6,29.6,8.1,16.1,15.3,0.0,13.4,22.8
2021-01-01,5.3,50.8,110.8,29.6,10.1,17.1,16.9,0.0,12.5,23.4
2021-02-01,5.0,44.8,70.2,29.8,7.7,16.4,16.9,0.0,13.4,23.1
2021-03-01,4.3,38.5,45.0,29.0,6.1,14.6,15.8,0.0,14.4,21.8
2021-04-01,3.4,32.3,26.8,27.0,3.8,12.8,14.0,0.0,14.2,19.9
2021-05-01,2.6,21.9,12.0,23.6,2.7,7.5,10.2,3.2,16.1,15.5
2021-06-01,2.2,24.0,13.6,21.8,2.7,5.8,9.2,5.8,16.0,13.8
2021-07-01,2.3,17.8,10.3,19.6,2.2,2.7,7.5,11.8,16.8,11.1
2021-08-01,3.1,24.1,20.8,21.7,3.8,5.2,8.4,6.7,16.5,13.4
2021-09-01,4.2,28.9,14.0,25.6,2.7,9.1,10.1,1.3,16.5,17.3
2021-10-01,4.7,39.9,36.6,25.8,6.7,11.1,11.5,0.4,14.6,18.4
2021-11-01,5.3,41.2,59.0,27.5,8.8,12.9,13.1,0.1,14.7,20.2
2021-12-01,5.3,47.4,119.1,28.1,11.3,14.9,14.7,0.0,13.2,21.5
2022-01-01,5.5,45.8,61.4,30.2,8.3,16.8,16.7,0.0,13.4,23.5
2022-02-01,5.1,43.0,50.1,30.4,8.3,16.6,17.2,0.0,13.8,23.5
2022-03-01,4.0,44.0,80.1,27.9,9.3,15.0,16.1,0.0,12.9,21.4
2022-04-01,3.0,38.2,59.7,24.4,7.2,11.0,13.2,0.4,13.4,17.7
2022-05-01,2.5,24.4,31.0,23.3,4.7,7.2,10.3,3.5,16.0,15.2
2022-06-01,2.2,23.7,28.3,20.9,3.4,4.9,8.8,7.1,16.0,12.9
2022-07-01,2.4,23.0,8.9,21.1,3.4,5.0,8.7,7.1,16.0,13.0
2022-08-01,3.1,23.3,17.0,22.2,4.0,5.5,8.5,6.2,16.7,13.8
2022-09-01,4.3,30.4,21.0,26.0,4.2,9.3,10.4,1.1,16.7,17.6
2022-10-01,5.3,37.2,26.3,29.3,5.7,13.7,13.3,0.0,15.6,21.5
2022-11-01,5.4,42.7,50.6,28.3,7.0,13.7,13.8,0.0,14.6,21.0
2022-12-01,5.6,43.1,89.4,29.1,10.4,15.5,15.1,0.0,13.6,22.2
